Jahr,Bundesland,Wert,Indikator
1951,Baden-Wuerttemberg,99.53,frost_days
1952,Baden-Wuerttemberg,117.32,frost_days
1953,Baden-Wuerttemberg,117.09,frost_days
1954,Baden-Wuerttemberg,105.27,frost_days
1955,Baden-Wuerttemberg,128.3,frost_days
1956,Baden-Wuerttemberg,120.49,frost_days
1957,Baden-Wuerttemberg,99.48,frost_days
1958,Baden-Wuerttemberg,104.53,frost_days
1959,Baden-Wuerttemberg,105.74,frost_days
1960,Baden-Wuerttemberg,88.64,frost_days
1961,Baden-Wuerttemberg,87.29,frost_days
1962,Baden-Wuerttemberg,122.64,frost_days
1963,Baden-Wuerttemberg,117.73,frost_days
1964,Baden-Wuerttemberg,105.08,frost_days
1965,Baden-Wuerttemberg,105.36,frost_days
1966,Baden-Wuerttemberg,89.02,frost_days
1967,Baden-Wuerttemberg,98.28,frost_days
1968,Baden-Wuerttemberg,111.92,frost_days
1969,Baden-Wuerttemberg,114.65,frost_days
1970,Baden-Wuerttemberg,111.49,frost_days
1971,Baden-Wuerttemberg,110.35,frost_days
1972,Baden-Wuerttemberg,107.6,frost_days
1973,Baden-Wuerttemberg,125.84,frost_days
1974,Baden-Wuerttemberg,69.83,frost_days
1975,Baden-Wuerttemberg,94.04,frost_days
1976,Baden-Wuerttemberg,101.23,frost_days
1977,Baden-Wuerttemberg,79.23,frost_days
1978,Baden-Wuerttemberg,100.05,frost_days
1979,Baden-Wuerttemberg,98.89,frost_days
1980,Baden-Wuerttemberg,106.2,frost_days
1981,Baden-Wuerttemberg,108.09,frost_days
1982,Baden-Wuerttemberg,96.91,frost_days
1983,Baden-Wuerttemberg,97.54,frost_days
1984,Baden-Wuerttemberg,110.38,frost_days
1985,Baden-Wuerttemberg,118.43,frost_days
1986,Baden-Wuerttemberg,102.97,frost_days
1987,Baden-Wuerttemberg,104.51,frost_days
1988,Baden-Wuerttemberg,81.23,frost_days
1989,Baden-Wuerttemberg,86.51,frost_days
1990,Baden-Wuerttemberg,81.85,frost_days
1991,Baden-Wuerttemberg,104.61,frost_days
1992,Baden-Wuerttemberg,86.68,frost_days
1993,Baden-Wuerttemberg,91.14,frost_days
1994,Baden-Wuerttemberg,60.57,frost_days
1995,Baden-Wuerttemberg,92.86,frost_days
1996,Baden-Wuerttemberg,117.33,frost_days
1997,Baden-Wuerttemberg,95.41,frost_days
1998,Baden-Wuerttemberg,91.05,frost_days
1999,Baden-Wuerttemberg,85.58,frost_days
2000,Baden-Wuerttemberg,63.81,frost_days
2001,Baden-Wuerttemberg,88.62,frost_days
2002,Baden-Wuerttemberg,66.08,frost_days
2003,Baden-Wuerttemberg,109.72,frost_days
2004,Baden-Wuerttemberg,100.7,frost_days
2005,Baden-Wuerttemberg,105.8,frost_days
2006,Baden-Wuerttemberg,103.16,frost_days
2007,Baden-Wuerttemberg,77.13,frost_days
2008,Baden-Wuerttemberg,100.81,frost_days
2009,Baden-Wuerttemberg,95.44,frost_days
2010,Baden-Wuerttemberg,116.15,frost_days
2011,Baden-Wuerttemberg,90.95,frost_days
2012,Baden-Wuerttemberg,88.96,frost_days
2013,Baden-Wuerttemberg,107.4,frost_days
2014,Baden-Wuerttemberg,65,frost_days
2015,Baden-Wuerttemberg,95.88,frost_days
2016,Baden-Wuerttemberg,93.79,frost_days
2017,Baden-Wuerttemberg,95.75,frost_days
2018,Baden-Wuerttemberg,83.79,frost_days
2019,Baden-Wuerttemberg,89.2,frost_days
2020,Baden-Wuerttemberg,86.95,frost_days
2021,Baden-Wuerttemberg,105.63,frost_days
2022,Baden-Wuerttemberg,85.99,frost_days
2023,Baden-Wuerttemberg,75.15,frost_days
2024,Baden-Wuerttemberg,65.13,frost_days
2025,Baden-Wuerttemberg,93.81,frost_days
1951,Bayern,117.17,frost_days
1952,Bayern,127.31,frost_days
1953,Bayern,126.08,frost_days
1954,Bayern,116.72,frost_days
1955,Bayern,134.6,frost_days
1956,Bayern,130.17,frost_days
1957,Bayern,110.09,frost_days
1958,Bayern,117.62,frost_days
1959,Bayern,122.17,frost_days
1960,Bayern,106.4,frost_days
1961,Bayern,98.66,frost_days
1962,Bayern,132.97,frost_days
1963,Bayern,124.55,frost_days
1964,Bayern,115.2,frost_days
1965,Bayern,121.9,frost_days
1966,Bayern,101.16,frost_days
1967,Bayern,106.71,frost_days
1968,Bayern,123.49,frost_days
1969,Bayern,126.42,frost_days
1970,Bayern,121.69,frost_days
1971,Bayern,119.22,frost_days
1972,Bayern,123.61,frost_days
1973,Bayern,138.4,frost_days
1974,Bayern,84.3,frost_days
1975,Bayern,108.5,frost_days
1976,Bayern,115.73,frost_days
1977,Bayern,91.57,frost_days
1978,Bayern,117.17,frost_days
1979,Bayern,116.6,frost_days
1980,Bayern,120.01,frost_days
1981,Bayern,118.02,frost_days
1982,Bayern,112.17,frost_days
1983,Bayern,107.27,frost_days
1984,Bayern,125.4,frost_days
1985,Bayern,130.72,frost_days
1986,Bayern,113.07,frost_days
1987,Bayern,113.04,frost_days
1988,Bayern,97.23,frost_days
1989,Bayern,95.44,frost_days
1990,Bayern,93.58,frost_days
1991,Bayern,117.28,frost_days
1992,Bayern,100.08,frost_days
1993,Bayern,104.98,frost_days
1994,Bayern,76.25,frost_days
1995,Bayern,109.31,frost_days
1996,Bayern,130.62,frost_days
1997,Bayern,110.52,frost_days
1998,Bayern,99.58,frost_days
1999,Bayern,97.64,frost_days
2000,Bayern,77.97,frost_days
2001,Bayern,100.32,frost_days
2002,Bayern,81.28,frost_days
2003,Bayern,123.55,frost_days
2004,Bayern,109.2,frost_days
2005,Bayern,115.59,frost_days
2006,Bayern,109.16,frost_days
2007,Bayern,87.27,frost_days
2008,Bayern,105.5,frost_days
2009,Bayern,104.08,frost_days
2010,Bayern,123.74,frost_days
2011,Bayern,107.28,frost_days
2012,Bayern,98.97,frost_days
2013,Bayern,112.73,frost_days
2014,Bayern,77.52,frost_days
2015,Bayern,105.48,frost_days
2016,Bayern,101.46,frost_days
2017,Bayern,100.42,frost_days
2018,Bayern,94.7,frost_days
2019,Bayern,93.03,frost_days
2020,Bayern,97.7,frost_days
2021,Bayern,117.86,frost_days
2022,Bayern,95.94,frost_days
2023,Bayern,83.04,frost_days
2024,Bayern,69.33,frost_days
2025,Bayern,106.48,frost_days
1951,Brandenburg,79.79,frost_days
1952,Brandenburg,110.91,frost_days
1953,Brandenburg,91.3,frost_days
1954,Brandenburg,99.32,frost_days
1955,Brandenburg,112.57,frost_days
1956,Brandenburg,102.99,frost_days
1957,Brandenburg,82.75,frost_days
1958,Brandenburg,95.14,frost_days
1959,Brandenburg,88.97,frost_days
1960,Brandenburg,80.15,frost_days
1961,Brandenburg,65.34,frost_days
1962,Brandenburg,96.78,frost_days
1963,Brandenburg,114.39,frost_days
1964,Brandenburg,101.49,frost_days
1965,Brandenburg,103.41,frost_days
1966,Brandenburg,84.8,frost_days
1967,Brandenburg,69.28,frost_days
1968,Brandenburg,92.99,frost_days
1969,Brandenburg,123.97,frost_days
1970,Brandenburg,108.34,frost_days
1971,Brandenburg,81.45,frost_days
1972,Brandenburg,83.79,frost_days
1973,Brandenburg,90.11,frost_days
1974,Brandenburg,51.32,frost_days
1975,Brandenburg,68.19,frost_days
1976,Brandenburg,98.53,frost_days
1977,Brandenburg,68.46,frost_days
1978,Brandenburg,87.09,frost_days
1979,Brandenburg,100.78,frost_days
1980,Brandenburg,112.19,frost_days
1981,Brandenburg,92.79,frost_days
1982,Brandenburg,79.97,frost_days
1983,Brandenburg,74.5,frost_days
1984,Brandenburg,94.61,frost_days
1985,Brandenburg,99.42,frost_days
1986,Brandenburg,81.01,frost_days
1987,Brandenburg,95.2,frost_days
1988,Brandenburg,73.77,frost_days
1989,Brandenburg,63.27,frost_days
1990,Brandenburg,50.22,frost_days
1991,Brandenburg,83.62,frost_days
1992,Brandenburg,71.86,frost_days
1993,Brandenburg,90,frost_days
1994,Brandenburg,60.82,frost_days
1995,Brandenburg,97.17,frost_days
1996,Brandenburg,128.85,frost_days
1997,Brandenburg,99.7,frost_days
1998,Brandenburg,70.18,frost_days
1999,Brandenburg,76.02,frost_days
2000,Brandenburg,53.92,frost_days
2001,Brandenburg,94.8,frost_days
2002,Brandenburg,75.43,frost_days
2003,Brandenburg,108.29,frost_days
2004,Brandenburg,85.55,frost_days
2005,Brandenburg,99.72,frost_days
2006,Brandenburg,87.07,frost_days
2007,Brandenburg,59.73,frost_days
2008,Brandenburg,61.82,frost_days
2009,Brandenburg,85.91,frost_days
2010,Brandenburg,118.36,frost_days
2011,Brandenburg,82.85,frost_days
2012,Brandenburg,81.41,frost_days
2013,Brandenburg,96.56,frost_days
2014,Brandenburg,56.75,frost_days
2015,Brandenburg,69.99,frost_days
2016,Brandenburg,81.67,frost_days
2017,Brandenburg,75.46,frost_days
2018,Brandenburg,76.67,frost_days
2019,Brandenburg,62.58,frost_days
2020,Brandenburg,54,frost_days
2021,Brandenburg,85.55,frost_days
2022,Brandenburg,72.17,frost_days
2023,Brandenburg,65.13,frost_days
2024,Brandenburg,52.39,frost_days
2025,Brandenburg,82.47,frost_days
1951,Brandenburg/Berlin,79.45,frost_days
1952,Brandenburg/Berlin,110.82,frost_days
1953,Brandenburg/Berlin,91.13,frost_days
1954,Brandenburg/Berlin,98.99,frost_days
1955,Brandenburg/Berlin,112.43,frost_days
1956,Brandenburg/Berlin,102.73,frost_days
1957,Brandenburg/Berlin,82.45,frost_days
1958,Brandenburg/Berlin,95,frost_days
1959,Brandenburg/Berlin,88.69,frost_days
1960,Brandenburg/Berlin,79.95,frost_days
1961,Brandenburg/Berlin,65.17,frost_days
1962,Brandenburg/Berlin,96.66,frost_days
1963,Brandenburg/Berlin,114.24,frost_days
1964,Brandenburg/Berlin,101.35,frost_days
1965,Brandenburg/Berlin,103.26,frost_days
1966,Brandenburg/Berlin,84.65,frost_days
1967,Brandenburg/Berlin,69.1,frost_days
1968,Brandenburg/Berlin,92.85,frost_days
1969,Brandenburg/Berlin,123.83,frost_days
1970,Brandenburg/Berlin,108.19,frost_days
1971,Brandenburg/Berlin,81.16,frost_days
1972,Brandenburg/Berlin,83.51,frost_days
1973,Brandenburg/Berlin,89.82,frost_days
1974,Brandenburg/Berlin,51.07,frost_days
1975,Brandenburg/Berlin,67.93,frost_days
1976,Brandenburg/Berlin,98.3,frost_days
1977,Brandenburg/Berlin,68.28,frost_days
1978,Brandenburg/Berlin,86.87,frost_days
1979,Brandenburg/Berlin,100.67,frost_days
1980,Brandenburg/Berlin,111.94,frost_days
1981,Brandenburg/Berlin,92.69,frost_days
1982,Brandenburg/Berlin,79.76,frost_days
1983,Brandenburg/Berlin,74.36,frost_days
1984,Brandenburg/Berlin,94.39,frost_days
1985,Brandenburg/Berlin,99.22,frost_days
1986,Brandenburg/Berlin,80.89,frost_days
1987,Brandenburg/Berlin,95.12,frost_days
1988,Brandenburg/Berlin,73.65,frost_days
1989,Brandenburg/Berlin,63.12,frost_days
1990,Brandenburg/Berlin,49.97,frost_days
1991,Brandenburg/Berlin,83.34,frost_days
1992,Brandenburg/Berlin,71.66,frost_days
1993,Brandenburg/Berlin,89.78,frost_days
1994,Brandenburg/Berlin,60.58,frost_days
1995,Brandenburg/Berlin,96.95,frost_days
1996,Brandenburg/Berlin,128.63,frost_days
1997,Brandenburg/Berlin,99.44,frost_days
1998,Brandenburg/Berlin,70.06,frost_days
1999,Brandenburg/Berlin,75.86,frost_days
2000,Brandenburg/Berlin,53.8,frost_days
2001,Brandenburg/Berlin,94.68,frost_days
2002,Brandenburg/Berlin,75.22,frost_days
2003,Brandenburg/Berlin,108.04,frost_days
2004,Brandenburg/Berlin,85.28,frost_days
2005,Brandenburg/Berlin,99.39,frost_days
2006,Brandenburg/Berlin,86.96,frost_days
2007,Brandenburg/Berlin,59.37,frost_days
2008,Brandenburg/Berlin,61.52,frost_days
2009,Brandenburg/Berlin,85.64,frost_days
2010,Brandenburg/Berlin,118.14,frost_days
2011,Brandenburg/Berlin,82.53,frost_days
2012,Brandenburg/Berlin,81.21,frost_days
2013,Brandenburg/Berlin,96.32,frost_days
2014,Brandenburg/Berlin,56.37,frost_days
2015,Brandenburg/Berlin,69.69,frost_days
2016,Brandenburg/Berlin,81.35,frost_days
2017,Brandenburg/Berlin,75.18,frost_days
2018,Brandenburg/Berlin,76.31,frost_days
2019,Brandenburg/Berlin,62.08,frost_days
2020,Brandenburg/Berlin,53.64,frost_days
2021,Brandenburg/Berlin,85.15,frost_days
2022,Brandenburg/Berlin,71.83,frost_days
2023,Brandenburg/Berlin,64.9,frost_days
2024,Brandenburg/Berlin,52.21,frost_days
2025,Brandenburg/Berlin,82.11,frost_days
1951,Deutschland,85.57,frost_days
1952,Deutschland,109.43,frost_days
1953,Deutschland,94.54,frost_days
1954,Deutschland,96.7,frost_days
1955,Deutschland,117.22,frost_days
1956,Deutschland,108.8,frost_days
1957,Deutschland,83.24,frost_days
1958,Deutschland,97.04,frost_days
1959,Deutschland,91.91,frost_days
1960,Deutschland,81.84,frost_days
1961,Deutschland,72.64,frost_days
1962,Deutschland,105.31,frost_days
1963,Deutschland,112.49,frost_days
1964,Deutschland,99.82,frost_days
1965,Deutschland,100.55,frost_days
1966,Deutschland,83.28,frost_days
1967,Deutschland,77.05,frost_days
1968,Deutschland,100.34,frost_days
1969,Deutschland,115.26,frost_days
1970,Deutschland,105.06,frost_days
1971,Deutschland,89.62,frost_days
1972,Deutschland,92.17,frost_days
1973,Deutschland,100.8,frost_days
1974,Deutschland,55.22,frost_days
1975,Deutschland,78.47,frost_days
1976,Deutschland,98.31,frost_days
1977,Deutschland,71.34,frost_days
1978,Deutschland,92.76,frost_days
1979,Deutschland,101.19,frost_days
1980,Deutschland,103.61,frost_days
1981,Deutschland,99.06,frost_days
1982,Deutschland,86.69,frost_days
1983,Deutschland,83.11,frost_days
1984,Deutschland,95.85,frost_days
1985,Deutschland,107.96,frost_days
1986,Deutschland,89.52,frost_days
1987,Deutschland,97.81,frost_days
1988,Deutschland,72.73,frost_days
1989,Deutschland,70.33,frost_days
1990,Deutschland,61.3,frost_days
1991,Deutschland,92.48,frost_days
1992,Deutschland,71.53,frost_days
1993,Deutschland,88,frost_days
1994,Deutschland,59.9,frost_days
1995,Deutschland,91.57,frost_days
1996,Deutschland,118.69,frost_days
1997,Deutschland,88.99,frost_days
1998,Deutschland,74.83,frost_days
1999,Deutschland,73.08,frost_days
2000,Deutschland,55.14,frost_days
2001,Deutschland,86.54,frost_days
2002,Deutschland,67.66,frost_days
2003,Deutschland,101.43,frost_days
2004,Deutschland,87.74,frost_days
2005,Deutschland,93.36,frost_days
2006,Deutschland,89.79,frost_days
2007,Deutschland,61.2,frost_days
2008,Deutschland,76.91,frost_days
2009,Deutschland,84.75,frost_days
2010,Deutschland,113.75,frost_days
2011,Deutschland,83.31,frost_days
2012,Deutschland,78.82,frost_days
2013,Deutschland,98.66,frost_days
2014,Deutschland,56.81,frost_days
2015,Deutschland,73.65,frost_days
2016,Deutschland,82.78,frost_days
2017,Deutschland,76.17,frost_days
2018,Deutschland,77.35,frost_days
2019,Deutschland,69.74,frost_days
2020,Deutschland,62.51,frost_days
2021,Deutschland,89.36,frost_days
2022,Deutschland,71.44,frost_days
2023,Deutschland,65.49,frost_days
2024,Deutschland,52.02,frost_days
2025,Deutschland,82.9,frost_days
1951,Hessen,81.24,frost_days
1952,Hessen,105.71,frost_days
1953,Hessen,92.66,frost_days
1954,Hessen,91.58,frost_days
1955,Hessen,121.86,frost_days
1956,Hessen,106.64,frost_days
1957,Hessen,80.26,frost_days
1958,Hessen,91.49,frost_days
1959,Hessen,90.13,frost_days
1960,Hessen,75.92,frost_days
1961,Hessen,70.33,frost_days
1962,Hessen,107.98,frost_days
1963,Hessen,113.14,frost_days
1964,Hessen,97.3,frost_days
1965,Hessen,98.22,frost_days
1966,Hessen,75.2,frost_days
1967,Hessen,77.38,frost_days
1968,Hessen,101.31,frost_days
1969,Hessen,112.06,frost_days
1970,Hessen,102.65,frost_days
1971,Hessen,88.01,frost_days
1972,Hessen,94.03,frost_days
1973,Hessen,106.2,frost_days
1974,Hessen,50.98,frost_days
1975,Hessen,78.21,frost_days
1976,Hessen,95.37,frost_days
1977,Hessen,68.63,frost_days
1978,Hessen,88.04,frost_days
1979,Hessen,102,frost_days
1980,Hessen,94.89,frost_days
1981,Hessen,102.1,frost_days
1982,Hessen,88.76,frost_days
1983,Hessen,87.98,frost_days
1984,Hessen,89.9,frost_days
1985,Hessen,111.48,frost_days
1986,Hessen,86.05,frost_days
1987,Hessen,98.25,frost_days
1988,Hessen,72.34,frost_days
1989,Hessen,74.29,frost_days
1990,Hessen,61,frost_days
1991,Hessen,99.46,frost_days
1992,Hessen,73.09,frost_days
1993,Hessen,88.76,frost_days
1994,Hessen,62.12,frost_days
1995,Hessen,90.67,frost_days
1996,Hessen,110.27,frost_days
1997,Hessen,83.33,frost_days
1998,Hessen,77.22,frost_days
1999,Hessen,69.84,frost_days
2000,Hessen,54.75,frost_days
2001,Hessen,83.81,frost_days
2002,Hessen,61.35,frost_days
2003,Hessen,97.58,frost_days
2004,Hessen,89.46,frost_days
2005,Hessen,90.1,frost_days
2006,Hessen,88.98,frost_days
2007,Hessen,63.51,frost_days
2008,Hessen,85.22,frost_days
2009,Hessen,82.24,frost_days
2010,Hessen,112.27,frost_days
2011,Hessen,83.54,frost_days
2012,Hessen,76.44,frost_days
2013,Hessen,97.75,frost_days
2014,Hessen,54.68,frost_days
2015,Hessen,76.16,frost_days
2016,Hessen,81.58,frost_days
2017,Hessen,78.41,frost_days
2018,Hessen,78.53,frost_days
2019,Hessen,72.62,frost_days
2020,Hessen,64.93,frost_days
2021,Hessen,91.2,frost_days
2022,Hessen,68.77,frost_days
2023,Hessen,63.15,frost_days
2024,Hessen,52.32,frost_days
2025,Hessen,79.8,frost_days
1951,Mecklenburg-Vorpommern,74.85,frost_days
1952,Mecklenburg-Vorpommern,105.55,frost_days
1953,Mecklenburg-Vorpommern,84.26,frost_days
1954,Mecklenburg-Vorpommern,95.34,frost_days
1955,Mecklenburg-Vorpommern,111.79,frost_days
1956,Mecklenburg-Vorpommern,103.5,frost_days
1957,Mecklenburg-Vorpommern,76.16,frost_days
1958,Mecklenburg-Vorpommern,95.62,frost_days
1959,Mecklenburg-Vorpommern,74.71,frost_days
1960,Mecklenburg-Vorpommern,76.27,frost_days
1961,Mecklenburg-Vorpommern,62.9,frost_days
1962,Mecklenburg-Vorpommern,87.57,frost_days
1963,Mecklenburg-Vorpommern,110.09,frost_days
1964,Mecklenburg-Vorpommern,98.66,frost_days
1965,Mecklenburg-Vorpommern,97.3,frost_days
1966,Mecklenburg-Vorpommern,83.6,frost_days
1967,Mecklenburg-Vorpommern,64.59,frost_days
1968,Mecklenburg-Vorpommern,86.39,frost_days
1969,Mecklenburg-Vorpommern,120.21,frost_days
1970,Mecklenburg-Vorpommern,107.58,frost_days
1971,Mecklenburg-Vorpommern,73.15,frost_days
1972,Mecklenburg-Vorpommern,77.32,frost_days
1973,Mecklenburg-Vorpommern,77.94,frost_days
1974,Mecklenburg-Vorpommern,44.92,frost_days
1975,Mecklenburg-Vorpommern,62.3,frost_days
1976,Mecklenburg-Vorpommern,98.16,frost_days
1977,Mecklenburg-Vorpommern,66.96,frost_days
1978,Mecklenburg-Vorpommern,84.65,frost_days
1979,Mecklenburg-Vorpommern,97.32,frost_days
1980,Mecklenburg-Vorpommern,112.41,frost_days
1981,Mecklenburg-Vorpommern,85.23,frost_days
1982,Mecklenburg-Vorpommern,75.02,frost_days
1983,Mecklenburg-Vorpommern,69.09,frost_days
1984,Mecklenburg-Vorpommern,87.33,frost_days
1985,Mecklenburg-Vorpommern,96.35,frost_days
1986,Mecklenburg-Vorpommern,81.02,frost_days
1987,Mecklenburg-Vorpommern,94.75,frost_days
1988,Mecklenburg-Vorpommern,67.1,frost_days
1989,Mecklenburg-Vorpommern,55.26,frost_days
1990,Mecklenburg-Vorpommern,40.9,frost_days
1991,Mecklenburg-Vorpommern,73.49,frost_days
1992,Mecklenburg-Vorpommern,58.68,frost_days
1993,Mecklenburg-Vorpommern,83.9,frost_days
1994,Mecklenburg-Vorpommern,55.35,frost_days
1995,Mecklenburg-Vorpommern,91.18,frost_days
1996,Mecklenburg-Vorpommern,128.94,frost_days
1997,Mecklenburg-Vorpommern,91.18,frost_days
1998,Mecklenburg-Vorpommern,64.85,frost_days
1999,Mecklenburg-Vorpommern,65.15,frost_days
2000,Mecklenburg-Vorpommern,46.69,frost_days
2001,Mecklenburg-Vorpommern,86.88,frost_days
2002,Mecklenburg-Vorpommern,72.13,frost_days
2003,Mecklenburg-Vorpommern,97.7,frost_days
2004,Mecklenburg-Vorpommern,76.56,frost_days
2005,Mecklenburg-Vorpommern,91.84,frost_days
2006,Mecklenburg-Vorpommern,77.65,frost_days
2007,Mecklenburg-Vorpommern,44.22,frost_days
2008,Mecklenburg-Vorpommern,56.87,frost_days
2009,Mecklenburg-Vorpommern,79.94,frost_days
2010,Mecklenburg-Vorpommern,114.91,frost_days
2011,Mecklenburg-Vorpommern,74.04,frost_days
2012,Mecklenburg-Vorpommern,75.49,frost_days
2013,Mecklenburg-Vorpommern,90.78,frost_days
2014,Mecklenburg-Vorpommern,47.88,frost_days
2015,Mecklenburg-Vorpommern,52.72,frost_days
2016,Mecklenburg-Vorpommern,75.31,frost_days
2017,Mecklenburg-Vorpommern,64.25,frost_days
2018,Mecklenburg-Vorpommern,69.99,frost_days
2019,Mecklenburg-Vorpommern,52.16,frost_days
2020,Mecklenburg-Vorpommern,39.96,frost_days
2021,Mecklenburg-Vorpommern,76.56,frost_days
2022,Mecklenburg-Vorpommern,63.13,frost_days
2023,Mecklenburg-Vorpommern,60.82,frost_days
2024,Mecklenburg-Vorpommern,43.18,frost_days
2025,Mecklenburg-Vorpommern,68.77,frost_days
1951,Niedersachsen,71.65,frost_days
1952,Niedersachsen,98.45,frost_days
1953,Niedersachsen,73.49,frost_days
1954,Niedersachsen,84.46,frost_days
1955,Niedersachsen,104.62,frost_days
1956,Niedersachsen,95.55,frost_days
1957,Niedersachsen,64.21,frost_days
1958,Niedersachsen,86.05,frost_days
1959,Niedersachsen,77.34,frost_days
1960,Niedersachsen,69.02,frost_days
1961,Niedersachsen,59.24,frost_days
1962,Niedersachsen,86.64,frost_days
1963,Niedersachsen,103.13,frost_days
1964,Niedersachsen,89,frost_days
1965,Niedersachsen,86.48,frost_days
1966,Niedersachsen,73.52,frost_days
1967,Niedersachsen,52.99,frost_days
1968,Niedersachsen,85.8,frost_days
1969,Niedersachsen,107.7,frost_days
1970,Niedersachsen,94.04,frost_days
1971,Niedersachsen,69.8,frost_days
1972,Niedersachsen,74.45,frost_days
1973,Niedersachsen,71.34,frost_days
1974,Niedersachsen,34.75,frost_days
1975,Niedersachsen,58.64,frost_days
1976,Niedersachsen,88.41,frost_days
1977,Niedersachsen,55.75,frost_days
1978,Niedersachsen,80.01,frost_days
1979,Niedersachsen,91.55,frost_days
1980,Niedersachsen,91.44,frost_days
1981,Niedersachsen,86.62,frost_days
1982,Niedersachsen,72,frost_days
1983,Niedersachsen,64.91,frost_days
1984,Niedersachsen,79.81,frost_days
1985,Niedersachsen,92.17,frost_days
1986,Niedersachsen,75.36,frost_days
1987,Niedersachsen,85.7,frost_days
1988,Niedersachsen,52.67,frost_days
1989,Niedersachsen,52.03,frost_days
1990,Niedersachsen,38.98,frost_days
1991,Niedersachsen,74.86,frost_days
1992,Niedersachsen,47.87,frost_days
1993,Niedersachsen,73.47,frost_days
1994,Niedersachsen,46.61,frost_days
1995,Niedersachsen,78.68,frost_days
1996,Niedersachsen,108.86,frost_days
1997,Niedersachsen,68.97,frost_days
1998,Niedersachsen,53.98,frost_days
1999,Niedersachsen,52.73,frost_days
2000,Niedersachsen,38.23,frost_days
2001,Niedersachsen,75.88,frost_days
2002,Niedersachsen,58.09,frost_days
2003,Niedersachsen,85.59,frost_days
2004,Niedersachsen,67.34,frost_days
2005,Niedersachsen,71.9,frost_days
2006,Niedersachsen,77.38,frost_days
2007,Niedersachsen,38.9,frost_days
2008,Niedersachsen,54.35,frost_days
2009,Niedersachsen,69.18,frost_days
2010,Niedersachsen,105.59,frost_days
2011,Niedersachsen,67.06,frost_days
2012,Niedersachsen,62.63,frost_days
2013,Niedersachsen,87.07,frost_days
2014,Niedersachsen,43.8,frost_days
2015,Niedersachsen,45.63,frost_days
2016,Niedersachsen,70.89,frost_days
2017,Niedersachsen,52.92,frost_days
2018,Niedersachsen,64.69,frost_days
2019,Niedersachsen,50.07,frost_days
2020,Niedersachsen,33.8,frost_days
2021,Niedersachsen,64.85,frost_days
2022,Niedersachsen,52.53,frost_days
2023,Niedersachsen,53.07,frost_days
2024,Niedersachsen,35.49,frost_days
2025,Niedersachsen,69.5,frost_days
1951,Niedersachsen/Hamburg/Bremen,71.51,frost_days
1952,Niedersachsen/Hamburg/Bremen,98.32,frost_days
1953,Niedersachsen/Hamburg/Bremen,73.31,frost_days
1954,Niedersachsen/Hamburg/Bremen,84.37,frost_days
1955,Niedersachsen/Hamburg/Bremen,104.56,frost_days
1956,Niedersachsen/Hamburg/Bremen,95.4,frost_days
1957,Niedersachsen/Hamburg/Bremen,64.02,frost_days
1958,Niedersachsen/Hamburg/Bremen,85.99,frost_days
1959,Niedersachsen/Hamburg/Bremen,77.15,frost_days
1960,Niedersachsen/Hamburg/Bremen,68.92,frost_days
1961,Niedersachsen/Hamburg/Bremen,59.16,frost_days
1962,Niedersachsen/Hamburg/Bremen,86.48,frost_days
1963,Niedersachsen/Hamburg/Bremen,103.05,frost_days
1964,Niedersachsen/Hamburg/Bremen,88.93,frost_days
1965,Niedersachsen/Hamburg/Bremen,86.37,frost_days
1966,Niedersachsen/Hamburg/Bremen,73.46,frost_days
1967,Niedersachsen/Hamburg/Bremen,52.85,frost_days
1968,Niedersachsen/Hamburg/Bremen,85.66,frost_days
1969,Niedersachsen/Hamburg/Bremen,107.67,frost_days
1970,Niedersachsen/Hamburg/Bremen,93.99,frost_days
1971,Niedersachsen/Hamburg/Bremen,69.53,frost_days
1972,Niedersachsen/Hamburg/Bremen,74.22,frost_days
1973,Niedersachsen/Hamburg/Bremen,71.01,frost_days
1974,Niedersachsen/Hamburg/Bremen,34.56,frost_days
1975,Niedersachsen/Hamburg/Bremen,58.45,frost_days
1976,Niedersachsen/Hamburg/Bremen,88.27,frost_days
1977,Niedersachsen/Hamburg/Bremen,55.63,frost_days
1978,Niedersachsen/Hamburg/Bremen,79.86,frost_days
1979,Niedersachsen/Hamburg/Bremen,91.47,frost_days
1980,Niedersachsen/Hamburg/Bremen,91.45,frost_days
1981,Niedersachsen/Hamburg/Bremen,86.53,frost_days
1982,Niedersachsen/Hamburg/Bremen,71.94,frost_days
1983,Niedersachsen/Hamburg/Bremen,64.84,frost_days
1984,Niedersachsen/Hamburg/Bremen,79.72,frost_days
1985,Niedersachsen/Hamburg/Bremen,92.04,frost_days
1986,Niedersachsen/Hamburg/Bremen,75.33,frost_days
1987,Niedersachsen/Hamburg/Bremen,85.63,frost_days
1988,Niedersachsen/Hamburg/Bremen,52.55,frost_days
1989,Niedersachsen/Hamburg/Bremen,51.89,frost_days
1990,Niedersachsen/Hamburg/Bremen,38.79,frost_days
1991,Niedersachsen/Hamburg/Bremen,74.65,frost_days
1992,Niedersachsen/Hamburg/Bremen,47.77,frost_days
1993,Niedersachsen/Hamburg/Bremen,73.38,frost_days
1994,Niedersachsen/Hamburg/Bremen,46.49,frost_days
1995,Niedersachsen/Hamburg/Bremen,78.58,frost_days
1996,Niedersachsen/Hamburg/Bremen,108.79,frost_days
1997,Niedersachsen/Hamburg/Bremen,68.94,frost_days
1998,Niedersachsen/Hamburg/Bremen,53.89,frost_days
1999,Niedersachsen/Hamburg/Bremen,52.63,frost_days
2000,Niedersachsen/Hamburg/Bremen,38.15,frost_days
2001,Niedersachsen/Hamburg/Bremen,75.88,frost_days
2002,Niedersachsen/Hamburg/Bremen,58.08,frost_days
2003,Niedersachsen/Hamburg/Bremen,85.59,frost_days
2004,Niedersachsen/Hamburg/Bremen,67.24,frost_days
2005,Niedersachsen/Hamburg/Bremen,71.89,frost_days
2006,Niedersachsen/Hamburg/Bremen,77.3,frost_days
2007,Niedersachsen/Hamburg/Bremen,38.84,frost_days
2008,Niedersachsen/Hamburg/Bremen,54.2,frost_days
2009,Niedersachsen/Hamburg/Bremen,69.07,frost_days
2010,Niedersachsen/Hamburg/Bremen,105.6,frost_days
2011,Niedersachsen/Hamburg/Bremen,67.02,frost_days
2012,Niedersachsen/Hamburg/Bremen,62.61,frost_days
2013,Niedersachsen/Hamburg/Bremen,87.04,frost_days
2014,Niedersachsen/Hamburg/Bremen,43.74,frost_days
2015,Niedersachsen/Hamburg/Bremen,45.51,frost_days
2016,Niedersachsen/Hamburg/Bremen,70.89,frost_days
2017,Niedersachsen/Hamburg/Bremen,52.74,frost_days
2018,Niedersachsen/Hamburg/Bremen,64.6,frost_days
2019,Niedersachsen/Hamburg/Bremen,50.01,frost_days
2020,Niedersachsen/Hamburg/Bremen,33.65,frost_days
2021,Niedersachsen/Hamburg/Bremen,64.8,frost_days
2022,Niedersachsen/Hamburg/Bremen,52.39,frost_days
2023,Niedersachsen/Hamburg/Bremen,53.02,frost_days
2024,Niedersachsen/Hamburg/Bremen,35.42,frost_days
2025,Niedersachsen/Hamburg/Bremen,69.4,frost_days
1951,Nordrhein-Westfalen,56.23,frost_days
1952,Nordrhein-Westfalen,86.7,frost_days
1953,Nordrhein-Westfalen,68.27,frost_days
1954,Nordrhein-Westfalen,71.62,frost_days
1955,Nordrhein-Westfalen,100.34,frost_days
1956,Nordrhein-Westfalen,90.29,frost_days
1957,Nordrhein-Westfalen,57.56,frost_days
1958,Nordrhein-Westfalen,78.23,frost_days
1959,Nordrhein-Westfalen,69.71,frost_days
1960,Nordrhein-Westfalen,59.33,frost_days
1961,Nordrhein-Westfalen,52.95,frost_days
1962,Nordrhein-Westfalen,86.01,frost_days
1963,Nordrhein-Westfalen,102.12,frost_days
1964,Nordrhein-Westfalen,81.66,frost_days
1965,Nordrhein-Westfalen,77.63,frost_days
1966,Nordrhein-Westfalen,64.5,frost_days
1967,Nordrhein-Westfalen,53.99,frost_days
1968,Nordrhein-Westfalen,83.45,frost_days
1969,Nordrhein-Westfalen,94.23,frost_days
1970,Nordrhein-Westfalen,81.54,frost_days
1971,Nordrhein-Westfalen,66.91,frost_days
1972,Nordrhein-Westfalen,66.22,frost_days
1973,Nordrhein-Westfalen,72.12,frost_days
1974,Nordrhein-Westfalen,35.27,frost_days
1975,Nordrhein-Westfalen,57.34,frost_days
1976,Nordrhein-Westfalen,77.18,frost_days
1977,Nordrhein-Westfalen,53.39,frost_days
1978,Nordrhein-Westfalen,74.1,frost_days
1979,Nordrhein-Westfalen,87.14,frost_days
1980,Nordrhein-Westfalen,76.94,frost_days
1981,Nordrhein-Westfalen,83.03,frost_days
1982,Nordrhein-Westfalen,65.63,frost_days
1983,Nordrhein-Westfalen,66.76,frost_days
1984,Nordrhein-Westfalen,64.77,frost_days
1985,Nordrhein-Westfalen,93.49,frost_days
1986,Nordrhein-Westfalen,73.41,frost_days
1987,Nordrhein-Westfalen,83.12,frost_days
1988,Nordrhein-Westfalen,45.79,frost_days
1989,Nordrhein-Westfalen,51.8,frost_days
1990,Nordrhein-Westfalen,40.87,frost_days
1991,Nordrhein-Westfalen,74.67,frost_days
1992,Nordrhein-Westfalen,46,frost_days
1993,Nordrhein-Westfalen,70.59,frost_days
1994,Nordrhein-Westfalen,43.73,frost_days
1995,Nordrhein-Westfalen,69.84,frost_days
1996,Nordrhein-Westfalen,98.4,frost_days
1997,Nordrhein-Westfalen,60.4,frost_days
1998,Nordrhein-Westfalen,53.34,frost_days
1999,Nordrhein-Westfalen,48.88,frost_days
2000,Nordrhein-Westfalen,39.49,frost_days
2001,Nordrhein-Westfalen,66.31,frost_days
2002,Nordrhein-Westfalen,47.5,frost_days
2003,Nordrhein-Westfalen,78.47,frost_days
2004,Nordrhein-Westfalen,74.13,frost_days
2005,Nordrhein-Westfalen,68.76,frost_days
2006,Nordrhein-Westfalen,75.08,frost_days
2007,Nordrhein-Westfalen,42.22,frost_days
2008,Nordrhein-Westfalen,61.99,frost_days
2009,Nordrhein-Westfalen,68.18,frost_days
2010,Nordrhein-Westfalen,99.89,frost_days
2011,Nordrhein-Westfalen,61.21,frost_days
2012,Nordrhein-Westfalen,58.21,frost_days
2013,Nordrhein-Westfalen,82.44,frost_days
2014,Nordrhein-Westfalen,35.87,frost_days
2015,Nordrhein-Westfalen,51.66,frost_days
2016,Nordrhein-Westfalen,65.48,frost_days
2017,Nordrhein-Westfalen,56.08,frost_days
2018,Nordrhein-Westfalen,62.83,frost_days
2019,Nordrhein-Westfalen,54.3,frost_days
2020,Nordrhein-Westfalen,40.73,frost_days
2021,Nordrhein-Westfalen,68.32,frost_days
2022,Nordrhein-Westfalen,49.56,frost_days
2023,Nordrhein-Westfalen,49.81,frost_days
2024,Nordrhein-Westfalen,34.47,frost_days
2025,Nordrhein-Westfalen,63.11,frost_days
1951,Rheinland-Pfalz,70.74,frost_days
1952,Rheinland-Pfalz,99.27,frost_days
1953,Rheinland-Pfalz,87.28,frost_days
1954,Rheinland-Pfalz,84.88,frost_days
1955,Rheinland-Pfalz,118.47,frost_days
1956,Rheinland-Pfalz,103.77,frost_days
1957,Rheinland-Pfalz,77.72,frost_days
1958,Rheinland-Pfalz,88.68,frost_days
1959,Rheinland-Pfalz,81.77,frost_days
1960,Rheinland-Pfalz,69.29,frost_days
1961,Rheinland-Pfalz,67.87,frost_days
1962,Rheinland-Pfalz,102.8,frost_days
1963,Rheinland-Pfalz,108.9,frost_days
1964,Rheinland-Pfalz,92.2,frost_days
1965,Rheinland-Pfalz,90.84,frost_days
1966,Rheinland-Pfalz,69.6,frost_days
1967,Rheinland-Pfalz,78.18,frost_days
1968,Rheinland-Pfalz,97.2,frost_days
1969,Rheinland-Pfalz,102.96,frost_days
1970,Rheinland-Pfalz,95.53,frost_days
1971,Rheinland-Pfalz,86.99,frost_days
1972,Rheinland-Pfalz,84.96,frost_days
1973,Rheinland-Pfalz,99.57,frost_days
1974,Rheinland-Pfalz,48.03,frost_days
1975,Rheinland-Pfalz,77.86,frost_days
1976,Rheinland-Pfalz,87.21,frost_days
1977,Rheinland-Pfalz,64.77,frost_days
1978,Rheinland-Pfalz,84.77,frost_days
1979,Rheinland-Pfalz,93.96,frost_days
1980,Rheinland-Pfalz,86.71,frost_days
1981,Rheinland-Pfalz,94.5,frost_days
1982,Rheinland-Pfalz,78.91,frost_days
1983,Rheinland-Pfalz,83.05,frost_days
1984,Rheinland-Pfalz,79.6,frost_days
1985,Rheinland-Pfalz,107.16,frost_days
1986,Rheinland-Pfalz,85.76,frost_days
1987,Rheinland-Pfalz,92.91,frost_days
1988,Rheinland-Pfalz,62.84,frost_days
1989,Rheinland-Pfalz,69.67,frost_days
1990,Rheinland-Pfalz,56.89,frost_days
1991,Rheinland-Pfalz,88.78,frost_days
1992,Rheinland-Pfalz,61.71,frost_days
1993,Rheinland-Pfalz,79.49,frost_days
1994,Rheinland-Pfalz,53,frost_days
1995,Rheinland-Pfalz,77.28,frost_days
1996,Rheinland-Pfalz,102.63,frost_days
1997,Rheinland-Pfalz,75.75,frost_days
1998,Rheinland-Pfalz,72.96,frost_days
1999,Rheinland-Pfalz,65.48,frost_days
2000,Rheinland-Pfalz,47.34,frost_days
2001,Rheinland-Pfalz,75.74,frost_days
2002,Rheinland-Pfalz,53.9,frost_days
2003,Rheinland-Pfalz,88.32,frost_days
2004,Rheinland-Pfalz,82.34,frost_days
2005,Rheinland-Pfalz,81.63,frost_days
2006,Rheinland-Pfalz,83.56,frost_days
2007,Rheinland-Pfalz,52.29,frost_days
2008,Rheinland-Pfalz,77.79,frost_days
2009,Rheinland-Pfalz,75,frost_days
2010,Rheinland-Pfalz,104.61,frost_days
2011,Rheinland-Pfalz,69.87,frost_days
2012,Rheinland-Pfalz,65.98,frost_days
2013,Rheinland-Pfalz,93.29,frost_days
2014,Rheinland-Pfalz,41.58,frost_days
2015,Rheinland-Pfalz,67.24,frost_days
2016,Rheinland-Pfalz,71.19,frost_days
2017,Rheinland-Pfalz,69.29,frost_days
2018,Rheinland-Pfalz,68.23,frost_days
2019,Rheinland-Pfalz,65,frost_days
2020,Rheinland-Pfalz,51.11,frost_days
2021,Rheinland-Pfalz,75.34,frost_days
2022,Rheinland-Pfalz,57.82,frost_days
2023,Rheinland-Pfalz,56.74,frost_days
2024,Rheinland-Pfalz,44.26,frost_days
2025,Rheinland-Pfalz,68.31,frost_days
1951,Saarland,65.41,frost_days
1952,Saarland,97.67,frost_days
1953,Saarland,83.74,frost_days
1954,Saarland,78.54,frost_days
1955,Saarland,112.47,frost_days
1956,Saarland,100.95,frost_days
1957,Saarland,71.71,frost_days
1958,Saarland,85.42,frost_days
1959,Saarland,70.7,frost_days
1960,Saarland,63.83,frost_days
1961,Saarland,61.41,frost_days
1962,Saarland,100.57,frost_days
1963,Saarland,99.63,frost_days
1964,Saarland,87.33,frost_days
1965,Saarland,84.91,frost_days
1966,Saarland,69.21,frost_days
1967,Saarland,75.04,frost_days
1968,Saarland,91.42,frost_days
1969,Saarland,95.83,frost_days
1970,Saarland,90.35,frost_days
1971,Saarland,84.03,frost_days
1972,Saarland,77.13,frost_days
1973,Saarland,102.26,frost_days
1974,Saarland,43.4,frost_days
1975,Saarland,76.99,frost_days
1976,Saarland,84.73,frost_days
1977,Saarland,62.06,frost_days
1978,Saarland,83.71,frost_days
1979,Saarland,88.28,frost_days
1980,Saarland,81.22,frost_days
1981,Saarland,87.32,frost_days
1982,Saarland,70.84,frost_days
1983,Saarland,82,frost_days
1984,Saarland,73.84,frost_days
1985,Saarland,104.16,frost_days
1986,Saarland,84.13,frost_days
1987,Saarland,86.89,frost_days
1988,Saarland,58.31,frost_days
1989,Saarland,67.7,frost_days
1990,Saarland,53.25,frost_days
1991,Saarland,82.02,frost_days
1992,Saarland,55.55,frost_days
1993,Saarland,72.59,frost_days
1994,Saarland,45.57,frost_days
1995,Saarland,70.21,frost_days
1996,Saarland,98.1,frost_days
1997,Saarland,72.33,frost_days
1998,Saarland,71.41,frost_days
1999,Saarland,61.41,frost_days
2000,Saarland,43.98,frost_days
2001,Saarland,72.07,frost_days
2002,Saarland,52.14,frost_days
2003,Saarland,80.03,frost_days
2004,Saarland,77.83,frost_days
2005,Saarland,83.23,frost_days
2006,Saarland,81.43,frost_days
2007,Saarland,47.23,frost_days
2008,Saarland,77.15,frost_days
2009,Saarland,70.3,frost_days
2010,Saarland,97.36,frost_days
2011,Saarland,63.83,frost_days
2012,Saarland,62.8,frost_days
2013,Saarland,93.09,frost_days
2014,Saarland,38.33,frost_days
2015,Saarland,68.92,frost_days
2016,Saarland,72.86,frost_days
2017,Saarland,69.16,frost_days
2018,Saarland,62.2,frost_days
2019,Saarland,62.77,frost_days
2020,Saarland,52.64,frost_days
2021,Saarland,71.15,frost_days
2022,Saarland,59.42,frost_days
2023,Saarland,57.24,frost_days
2024,Saarland,44.22,frost_days
2025,Saarland,63.79,frost_days
1951,Sachsen,87.59,frost_days
1952,Sachsen,118.65,frost_days
1953,Sachsen,94.22,frost_days
1954,Sachsen,103.14,frost_days
1955,Sachsen,118.07,frost_days
1956,Sachsen,114.2,frost_days
1957,Sachsen,88,frost_days
1958,Sachsen,99.89,frost_days
1959,Sachsen,94.21,frost_days
1960,Sachsen,88.59,frost_days
1961,Sachsen,69.73,frost_days
1962,Sachsen,108.4,frost_days
1963,Sachsen,113.66,frost_days
1964,Sachsen,105.6,frost_days
1965,Sachsen,108.46,frost_days
1966,Sachsen,87.87,frost_days
1967,Sachsen,79.14,frost_days
1968,Sachsen,103.33,frost_days
1969,Sachsen,123.58,frost_days
1970,Sachsen,108.9,frost_days
1971,Sachsen,90.85,frost_days
1972,Sachsen,93.93,frost_days
1973,Sachsen,105.85,frost_days
1974,Sachsen,58.93,frost_days
1975,Sachsen,81.85,frost_days
1976,Sachsen,104.11,frost_days
1977,Sachsen,78.94,frost_days
1978,Sachsen,94.76,frost_days
1979,Sachsen,107.57,frost_days
1980,Sachsen,112.74,frost_days
1981,Sachsen,105.75,frost_days
1982,Sachsen,89.41,frost_days
1983,Sachsen,82.59,frost_days
1984,Sachsen,101.95,frost_days
1985,Sachsen,107.72,frost_days
1986,Sachsen,87.2,frost_days
1987,Sachsen,102.9,frost_days
1988,Sachsen,85.15,frost_days
1989,Sachsen,72.45,frost_days
1990,Sachsen,63.52,frost_days
1991,Sachsen,101.8,frost_days
1992,Sachsen,80.88,frost_days
1993,Sachsen,100.51,frost_days
1994,Sachsen,71.66,frost_days
1995,Sachsen,105.29,frost_days
1996,Sachsen,128.56,frost_days
1997,Sachsen,104,frost_days
1998,Sachsen,79.29,frost_days
1999,Sachsen,85.18,frost_days
2000,Sachsen,64.64,frost_days
2001,Sachsen,98.78,frost_days
2002,Sachsen,84.29,frost_days
2003,Sachsen,111.97,frost_days
2004,Sachsen,97.37,frost_days
2005,Sachsen,103.89,frost_days
2006,Sachsen,94.31,frost_days
2007,Sachsen,71.46,frost_days
2008,Sachsen,77.72,frost_days
2009,Sachsen,93.14,frost_days
2010,Sachsen,120.24,frost_days
2011,Sachsen,93,frost_days
2012,Sachsen,87.56,frost_days
2013,Sachsen,107.43,frost_days
2014,Sachsen,67.89,frost_days
2015,Sachsen,81.39,frost_days
2016,Sachsen,89.54,frost_days
2017,Sachsen,83.9,frost_days
2018,Sachsen,85.73,frost_days
2019,Sachsen,76.32,frost_days
2020,Sachsen,72.9,frost_days
2021,Sachsen,101.2,frost_days
2022,Sachsen,80.66,frost_days
2023,Sachsen,71.16,frost_days
2024,Sachsen,65.59,frost_days
2025,Sachsen,94.05,frost_days
1951,Sachsen-Anhalt,80.79,frost_days
1952,Sachsen-Anhalt,110.05,frost_days
1953,Sachsen-Anhalt,83.56,frost_days
1954,Sachsen-Anhalt,93.93,frost_days
1955,Sachsen-Anhalt,108.6,frost_days
1956,Sachsen-Anhalt,99.15,frost_days
1957,Sachsen-Anhalt,74.83,frost_days
1958,Sachsen-Anhalt,89.07,frost_days
1959,Sachsen-Anhalt,84.75,frost_days
1960,Sachsen-Anhalt,76.33,frost_days
1961,Sachsen-Anhalt,60.44,frost_days
1962,Sachsen-Anhalt,95.05,frost_days
1963,Sachsen-Anhalt,108.12,frost_days
1964,Sachsen-Anhalt,96.32,frost_days
1965,Sachsen-Anhalt,95.22,frost_days
1966,Sachsen-Anhalt,77.03,frost_days
1967,Sachsen-Anhalt,65.31,frost_days
1968,Sachsen-Anhalt,93.8,frost_days
1969,Sachsen-Anhalt,117.19,frost_days
1970,Sachsen-Anhalt,100.1,frost_days
1971,Sachsen-Anhalt,83.48,frost_days
1972,Sachsen-Anhalt,84.27,frost_days
1973,Sachsen-Anhalt,88.56,frost_days
1974,Sachsen-Anhalt,48.01,frost_days
1975,Sachsen-Anhalt,67.29,frost_days
1976,Sachsen-Anhalt,97.39,frost_days
1977,Sachsen-Anhalt,65.84,frost_days
1978,Sachsen-Anhalt,88.74,frost_days
1979,Sachsen-Anhalt,100.27,frost_days
1980,Sachsen-Anhalt,106.14,frost_days
1981,Sachsen-Anhalt,95.72,frost_days
1982,Sachsen-Anhalt,79.12,frost_days
1983,Sachsen-Anhalt,72.65,frost_days
1984,Sachsen-Anhalt,92.29,frost_days
1985,Sachsen-Anhalt,99.53,frost_days
1986,Sachsen-Anhalt,80.06,frost_days
1987,Sachsen-Anhalt,93.23,frost_days
1988,Sachsen-Anhalt,70,frost_days
1989,Sachsen-Anhalt,61.02,frost_days
1990,Sachsen-Anhalt,51.51,frost_days
1991,Sachsen-Anhalt,87.43,frost_days
1992,Sachsen-Anhalt,66.02,frost_days
1993,Sachsen-Anhalt,85.15,frost_days
1994,Sachsen-Anhalt,58.67,frost_days
1995,Sachsen-Anhalt,92.64,frost_days
1996,Sachsen-Anhalt,122.69,frost_days
1997,Sachsen-Anhalt,87.3,frost_days
1998,Sachsen-Anhalt,69.72,frost_days
1999,Sachsen-Anhalt,69.22,frost_days
2000,Sachsen-Anhalt,48.62,frost_days
2001,Sachsen-Anhalt,83.93,frost_days
2002,Sachsen-Anhalt,69.95,frost_days
2003,Sachsen-Anhalt,99.6,frost_days
2004,Sachsen-Anhalt,82.18,frost_days
2005,Sachsen-Anhalt,92.31,frost_days
2006,Sachsen-Anhalt,84.35,frost_days
2007,Sachsen-Anhalt,57.17,frost_days
2008,Sachsen-Anhalt,63.58,frost_days
2009,Sachsen-Anhalt,82.82,frost_days
2010,Sachsen-Anhalt,112.75,frost_days
2011,Sachsen-Anhalt,82.71,frost_days
2012,Sachsen-Anhalt,76.24,frost_days
2013,Sachsen-Anhalt,99.04,frost_days
2014,Sachsen-Anhalt,58.48,frost_days
2015,Sachsen-Anhalt,67.95,frost_days
2016,Sachsen-Anhalt,79.56,frost_days
2017,Sachsen-Anhalt,72.78,frost_days
2018,Sachsen-Anhalt,75.56,frost_days
2019,Sachsen-Anhalt,61.93,frost_days
2020,Sachsen-Anhalt,53.57,frost_days
2021,Sachsen-Anhalt,82.51,frost_days
2022,Sachsen-Anhalt,69.57,frost_days
2023,Sachsen-Anhalt,60.75,frost_days
2024,Sachsen-Anhalt,49.35,frost_days
2025,Sachsen-Anhalt,83.4,frost_days
1951,Schleswig-Holstein,63.55,frost_days
1952,Schleswig-Holstein,95.43,frost_days
1953,Schleswig-Holstein,65.55,frost_days
1954,Schleswig-Holstein,86.07,frost_days
1955,Schleswig-Holstein,101.55,frost_days
1956,Schleswig-Holstein,95.18,frost_days
1957,Schleswig-Holstein,60.58,frost_days
1958,Schleswig-Holstein,89.61,frost_days
1959,Schleswig-Holstein,66.67,frost_days
1960,Schleswig-Holstein,73.59,frost_days
1961,Schleswig-Holstein,60.22,frost_days
1962,Schleswig-Holstein,81.6,frost_days
1963,Schleswig-Holstein,102.77,frost_days
1964,Schleswig-Holstein,94.02,frost_days
1965,Schleswig-Holstein,88.68,frost_days
1966,Schleswig-Holstein,80.79,frost_days
1967,Schleswig-Holstein,52.07,frost_days
1968,Schleswig-Holstein,81.88,frost_days
1969,Schleswig-Holstein,112.89,frost_days
1970,Schleswig-Holstein,102.15,frost_days
1971,Schleswig-Holstein,62.8,frost_days
1972,Schleswig-Holstein,69.79,frost_days
1973,Schleswig-Holstein,66.4,frost_days
1974,Schleswig-Holstein,30.95,frost_days
1975,Schleswig-Holstein,57.4,frost_days
1976,Schleswig-Holstein,93.6,frost_days
1977,Schleswig-Holstein,63.04,frost_days
1978,Schleswig-Holstein,80.87,frost_days
1979,Schleswig-Holstein,94.09,frost_days
1980,Schleswig-Holstein,102.8,frost_days
1981,Schleswig-Holstein,85.57,frost_days
1982,Schleswig-Holstein,72.63,frost_days
1983,Schleswig-Holstein,66.17,frost_days
1984,Schleswig-Holstein,76.87,frost_days
1985,Schleswig-Holstein,91.87,frost_days
1986,Schleswig-Holstein,78.66,frost_days
1987,Schleswig-Holstein,89.29,frost_days
1988,Schleswig-Holstein,56.87,frost_days
1989,Schleswig-Holstein,47.11,frost_days
1990,Schleswig-Holstein,37.23,frost_days
1991,Schleswig-Holstein,66.78,frost_days
1992,Schleswig-Holstein,46.11,frost_days
1993,Schleswig-Holstein,75.8,frost_days
1994,Schleswig-Holstein,46.63,frost_days
1995,Schleswig-Holstein,77.11,frost_days
1996,Schleswig-Holstein,118.89,frost_days
1997,Schleswig-Holstein,78.38,frost_days
1998,Schleswig-Holstein,54.79,frost_days
1999,Schleswig-Holstein,54.87,frost_days
2000,Schleswig-Holstein,35.28,frost_days
2001,Schleswig-Holstein,81.11,frost_days
2002,Schleswig-Holstein,58.12,frost_days
2003,Schleswig-Holstein,80.05,frost_days
2004,Schleswig-Holstein,65.96,frost_days
2005,Schleswig-Holstein,76.21,frost_days
2006,Schleswig-Holstein,72.21,frost_days
2007,Schleswig-Holstein,37.12,frost_days
2008,Schleswig-Holstein,48.66,frost_days
2009,Schleswig-Holstein,63.56,frost_days
2010,Schleswig-Holstein,111.73,frost_days
2011,Schleswig-Holstein,67.49,frost_days
2012,Schleswig-Holstein,66.97,frost_days
2013,Schleswig-Holstein,89.17,frost_days
2014,Schleswig-Holstein,41.55,frost_days
2015,Schleswig-Holstein,39.61,frost_days
2016,Schleswig-Holstein,67.17,frost_days
2017,Schleswig-Holstein,49.06,frost_days
2018,Schleswig-Holstein,61.77,frost_days
2019,Schleswig-Holstein,48.8,frost_days
2020,Schleswig-Holstein,28.97,frost_days
2021,Schleswig-Holstein,68.28,frost_days
2022,Schleswig-Holstein,48.54,frost_days
2023,Schleswig-Holstein,54.02,frost_days
2024,Schleswig-Holstein,33.63,frost_days
2025,Schleswig-Holstein,59.02,frost_days
1951,Thueringen,99.08,frost_days
1952,Thueringen,118.98,frost_days
1953,Thueringen,101.48,frost_days
1954,Thueringen,107.73,frost_days
1955,Thueringen,124.98,frost_days
1956,Thueringen,116.95,frost_days
1957,Thueringen,92.43,frost_days
1958,Thueringen,102.23,frost_days
1959,Thueringen,99.51,frost_days
1960,Thueringen,90.11,frost_days
1961,Thueringen,77.56,frost_days
1962,Thueringen,117.13,frost_days
1963,Thueringen,117.62,frost_days
1964,Thueringen,108.37,frost_days
1965,Thueringen,113.22,frost_days
1966,Thueringen,92.86,frost_days
1967,Thueringen,88.72,frost_days
1968,Thueringen,113.54,frost_days
1969,Thueringen,124.27,frost_days
1970,Thueringen,112.96,frost_days
1971,Thueringen,99.67,frost_days
1972,Thueringen,104.72,frost_days
1973,Thueringen,120.47,frost_days
1974,Thueringen,66.43,frost_days
1975,Thueringen,91.82,frost_days
1976,Thueringen,109.05,frost_days
1977,Thueringen,81.42,frost_days
1978,Thueringen,101.95,frost_days
1979,Thueringen,114.82,frost_days
1980,Thueringen,112.9,frost_days
1981,Thueringen,112.34,frost_days
1982,Thueringen,100.23,frost_days
1983,Thueringen,95.04,frost_days
1984,Thueringen,110.02,frost_days
1985,Thueringen,119.73,frost_days
1986,Thueringen,96.54,frost_days
1987,Thueringen,108.71,frost_days
1988,Thueringen,89.48,frost_days
1989,Thueringen,81.52,frost_days
1990,Thueringen,75.52,frost_days
1991,Thueringen,109.93,frost_days
1992,Thueringen,89.26,frost_days
1993,Thueringen,102.65,frost_days
1994,Thueringen,75.01,frost_days
1995,Thueringen,105.12,frost_days
1996,Thueringen,125.79,frost_days
1997,Thueringen,99.2,frost_days
1998,Thueringen,81.93,frost_days
1999,Thueringen,79.82,frost_days
2000,Thueringen,62.88,frost_days
2001,Thueringen,93.94,frost_days
2002,Thueringen,76.86,frost_days
2003,Thueringen,110.3,frost_days
2004,Thueringen,98.71,frost_days
2005,Thueringen,101.06,frost_days
2006,Thueringen,95.04,frost_days
2007,Thueringen,73.14,frost_days
2008,Thueringen,87.07,frost_days
2009,Thueringen,94.15,frost_days
2010,Thueringen,120,frost_days
2011,Thueringen,95.69,frost_days
2012,Thueringen,86.31,frost_days
2013,Thueringen,109.45,frost_days
2014,Thueringen,69.15,frost_days
2015,Thueringen,89.11,frost_days
2016,Thueringen,90.83,frost_days
2017,Thueringen,85.85,frost_days
2018,Thueringen,88.28,frost_days
2019,Thueringen,81.43,frost_days
2020,Thueringen,79.69,frost_days
2021,Thueringen,105.72,frost_days
2022,Thueringen,82.02,frost_days
2023,Thueringen,71.03,frost_days
2024,Thueringen,61.99,frost_days
2025,Thueringen,93.87,frost_days
1951,Thueringen/Sachsen-Anhalt,88.72,frost_days
1952,Thueringen/Sachsen-Anhalt,113.92,frost_days
1953,Thueringen/Sachsen-Anhalt,91.33,frost_days
1954,Thueringen/Sachsen-Anhalt,99.92,frost_days
1955,Thueringen/Sachsen-Anhalt,115.71,frost_days
1956,Thueringen/Sachsen-Anhalt,106.87,frost_days
1957,Thueringen/Sachsen-Anhalt,82.47,frost_days
1958,Thueringen/Sachsen-Anhalt,94.78,frost_days
1959,Thueringen/Sachsen-Anhalt,91.15,frost_days
1960,Thueringen/Sachsen-Anhalt,82.31,frost_days
1961,Thueringen/Sachsen-Anhalt,67.87,frost_days
1962,Thueringen/Sachsen-Anhalt,104.63,frost_days
1963,Thueringen/Sachsen-Anhalt,112.24,frost_days
1964,Thueringen/Sachsen-Anhalt,101.55,frost_days
1965,Thueringen/Sachsen-Anhalt,103.03,frost_days
1966,Thueringen/Sachsen-Anhalt,83.9,frost_days
1967,Thueringen/Sachsen-Anhalt,75.47,frost_days
1968,Thueringen/Sachsen-Anhalt,102.36,frost_days
1969,Thueringen/Sachsen-Anhalt,120.26,frost_days
1970,Thueringen/Sachsen-Anhalt,105.68,frost_days
1971,Thueringen/Sachsen-Anhalt,90.5,frost_days
1972,Thueringen/Sachsen-Anhalt,93.14,frost_days
1973,Thueringen/Sachsen-Anhalt,102.4,frost_days
1974,Thueringen/Sachsen-Anhalt,56,frost_days
1975,Thueringen/Sachsen-Anhalt,77.93,frost_days
1976,Thueringen/Sachsen-Anhalt,102.45,frost_days
1977,Thueringen/Sachsen-Anhalt,72.6,frost_days
1978,Thueringen/Sachsen-Anhalt,94.47,frost_days
1979,Thueringen/Sachsen-Anhalt,106.58,frost_days
1980,Thueringen/Sachsen-Anhalt,109.07,frost_days
1981,Thueringen/Sachsen-Anhalt,102.93,frost_days
1982,Thueringen/Sachsen-Anhalt,88.28,frost_days
1983,Thueringen/Sachsen-Anhalt,82.36,frost_days
1984,Thueringen/Sachsen-Anhalt,99.98,frost_days
1985,Thueringen/Sachsen-Anhalt,108.29,frost_days
1986,Thueringen/Sachsen-Anhalt,87.21,frost_days
1987,Thueringen/Sachsen-Anhalt,99.95,frost_days
1988,Thueringen/Sachsen-Anhalt,78.45,frost_days
1989,Thueringen/Sachsen-Anhalt,69.91,frost_days
1990,Thueringen/Sachsen-Anhalt,61.93,frost_days
1991,Thueringen/Sachsen-Anhalt,97.19,frost_days
1992,Thueringen/Sachsen-Anhalt,76.1,frost_days
1993,Thueringen/Sachsen-Anhalt,92.74,frost_days
1994,Thueringen/Sachsen-Anhalt,65.76,frost_days
1995,Thueringen/Sachsen-Anhalt,98.05,frost_days
1996,Thueringen/Sachsen-Anhalt,124.03,frost_days
1997,Thueringen/Sachsen-Anhalt,92.46,frost_days
1998,Thueringen/Sachsen-Anhalt,75.02,frost_days
1999,Thueringen/Sachsen-Anhalt,73.82,frost_days
2000,Thueringen/Sachsen-Anhalt,54.81,frost_days
2001,Thueringen/Sachsen-Anhalt,88.27,frost_days
2002,Thueringen/Sachsen-Anhalt,72.95,frost_days
2003,Thueringen/Sachsen-Anhalt,104.24,frost_days
2004,Thueringen/Sachsen-Anhalt,89.35,frost_days
2005,Thueringen/Sachsen-Anhalt,96.11,frost_days
2006,Thueringen/Sachsen-Anhalt,88.99,frost_days
2007,Thueringen/Sachsen-Anhalt,64.1,frost_days
2008,Thueringen/Sachsen-Anhalt,73.77,frost_days
2009,Thueringen/Sachsen-Anhalt,87.74,frost_days
2010,Thueringen/Sachsen-Anhalt,115.9,frost_days
2011,Thueringen/Sachsen-Anhalt,88.34,frost_days
2012,Thueringen/Sachsen-Anhalt,80.61,frost_days
2013,Thueringen/Sachsen-Anhalt,103.56,frost_days
2014,Thueringen/Sachsen-Anhalt,63.11,frost_days
2015,Thueringen/Sachsen-Anhalt,77.13,frost_days
2016,Thueringen/Sachsen-Anhalt,84.45,frost_days
2017,Thueringen/Sachsen-Anhalt,78.45,frost_days
2018,Thueringen/Sachsen-Anhalt,81.08,frost_days
2019,Thueringen/Sachsen-Anhalt,70.39,frost_days
2020,Thueringen/Sachsen-Anhalt,64.9,frost_days
2021,Thueringen/Sachsen-Anhalt,92.58,frost_days
2022,Thueringen/Sachsen-Anhalt,74.97,frost_days
2023,Thueringen/Sachsen-Anhalt,65.21,frost_days
2024,Thueringen/Sachsen-Anhalt,54.83,frost_days
2025,Thueringen/Sachsen-Anhalt,87.94,frost_days
1951,Baden-Wuerttemberg,3.52,hot_days
1952,Baden-Wuerttemberg,14.31,hot_days
1953,Baden-Wuerttemberg,4.93,hot_days
1954,Baden-Wuerttemberg,2.43,hot_days
1955,Baden-Wuerttemberg,1.19,hot_days
1956,Baden-Wuerttemberg,1.13,hot_days
1957,Baden-Wuerttemberg,7.13,hot_days
1958,Baden-Wuerttemberg,2.91,hot_days
1959,Baden-Wuerttemberg,5.89,hot_days
1960,Baden-Wuerttemberg,1.25,hot_days
1961,Baden-Wuerttemberg,5.43,hot_days
1962,Baden-Wuerttemberg,5.41,hot_days
1963,Baden-Wuerttemberg,3.78,hot_days
1964,Baden-Wuerttemberg,13.26,hot_days
1965,Baden-Wuerttemberg,2.36,hot_days
1966,Baden-Wuerttemberg,2.7,hot_days
1967,Baden-Wuerttemberg,6.72,hot_days
1968,Baden-Wuerttemberg,2.14,hot_days
1969,Baden-Wuerttemberg,4.85,hot_days
1970,Baden-Wuerttemberg,2.01,hot_days
1971,Baden-Wuerttemberg,8.74,hot_days
1972,Baden-Wuerttemberg,3.39,hot_days
1973,Baden-Wuerttemberg,5.49,hot_days
1974,Baden-Wuerttemberg,3.21,hot_days
1975,Baden-Wuerttemberg,4.41,hot_days
1976,Baden-Wuerttemberg,11.51,hot_days
1977,Baden-Wuerttemberg,1.49,hot_days
1978,Baden-Wuerttemberg,1.2,hot_days
1979,Baden-Wuerttemberg,2.13,hot_days
1980,Baden-Wuerttemberg,2.05,hot_days
1981,Baden-Wuerttemberg,2.23,hot_days
1982,Baden-Wuerttemberg,4.13,hot_days
1983,Baden-Wuerttemberg,12.75,hot_days
1984,Baden-Wuerttemberg,4.7,hot_days
1985,Baden-Wuerttemberg,4.37,hot_days
1986,Baden-Wuerttemberg,3.74,hot_days
1987,Baden-Wuerttemberg,2.78,hot_days
1988,Baden-Wuerttemberg,3.44,hot_days
1989,Baden-Wuerttemberg,4.55,hot_days
1990,Baden-Wuerttemberg,7.34,hot_days
1991,Baden-Wuerttemberg,7.23,hot_days
1992,Baden-Wuerttemberg,11.86,hot_days
1993,Baden-Wuerttemberg,3.63,hot_days
1994,Baden-Wuerttemberg,12.41,hot_days
1995,Baden-Wuerttemberg,9.05,hot_days
1996,Baden-Wuerttemberg,2.69,hot_days
1997,Baden-Wuerttemberg,3.91,hot_days
1998,Baden-Wuerttemberg,11.21,hot_days
1999,Baden-Wuerttemberg,5.02,hot_days
2000,Baden-Wuerttemberg,5.64,hot_days
2001,Baden-Wuerttemberg,9.38,hot_days
2002,Baden-Wuerttemberg,6.12,hot_days
2003,Baden-Wuerttemberg,26.6,hot_days
2004,Baden-Wuerttemberg,7.21,hot_days
2005,Baden-Wuerttemberg,10.47,hot_days
2006,Baden-Wuerttemberg,14.8,hot_days
2007,Baden-Wuerttemberg,4.78,hot_days
2008,Baden-Wuerttemberg,5.39,hot_days
2009,Baden-Wuerttemberg,6.9,hot_days
2010,Baden-Wuerttemberg,11.23,hot_days
2011,Baden-Wuerttemberg,7.62,hot_days
2012,Baden-Wuerttemberg,11.01,hot_days
2013,Baden-Wuerttemberg,12.77,hot_days
2014,Baden-Wuerttemberg,6.81,hot_days
2015,Baden-Wuerttemberg,25,hot_days
2016,Baden-Wuerttemberg,10.14,hot_days
2017,Baden-Wuerttemberg,13.27,hot_days
2018,Baden-Wuerttemberg,21.48,hot_days
2019,Baden-Wuerttemberg,17.51,hot_days
2020,Baden-Wuerttemberg,12.75,hot_days
2021,Baden-Wuerttemberg,4.81,hot_days
2022,Baden-Wuerttemberg,21.69,hot_days
2023,Baden-Wuerttemberg,18.36,hot_days
2024,Baden-Wuerttemberg,14.66,hot_days
2025,Baden-Wuerttemberg,16.56,hot_days
1951,Bayern,3.47,hot_days
1952,Bayern,12.27,hot_days
1953,Bayern,3.34,hot_days
1954,Bayern,1.83,hot_days
1955,Bayern,0.72,hot_days
1956,Bayern,0.39,hot_days
1957,Bayern,7.01,hot_days
1958,Bayern,2.51,hot_days
1959,Bayern,3.95,hot_days
1960,Bayern,1.47,hot_days
1961,Bayern,2.95,hot_days
1962,Bayern,4.53,hot_days
1963,Bayern,4.35,hot_days
1964,Bayern,10.56,hot_days
1965,Bayern,2.52,hot_days
1966,Bayern,1.9,hot_days
1967,Bayern,5.81,hot_days
1968,Bayern,0.87,hot_days
1969,Bayern,5.15,hot_days
1970,Bayern,1.53,hot_days
1971,Bayern,7.75,hot_days
1972,Bayern,4.99,hot_days
1973,Bayern,3.75,hot_days
1974,Bayern,3.35,hot_days
1975,Bayern,2.31,hot_days
1976,Bayern,9.1,hot_days
1977,Bayern,1.32,hot_days
1978,Bayern,0.59,hot_days
1979,Bayern,1.87,hot_days
1980,Bayern,2.16,hot_days
1981,Bayern,1.62,hot_days
1982,Bayern,4.82,hot_days
1983,Bayern,11.02,hot_days
1984,Bayern,3.07,hot_days
1985,Bayern,3.59,hot_days
1986,Bayern,3.03,hot_days
1987,Bayern,1.39,hot_days
1988,Bayern,3.18,hot_days
1989,Bayern,2.7,hot_days
1990,Bayern,5.07,hot_days
1991,Bayern,4.54,hot_days
1992,Bayern,11.28,hot_days
1993,Bayern,2.99,hot_days
1994,Bayern,16.99,hot_days
1995,Bayern,7.74,hot_days
1996,Bayern,2.47,hot_days
1997,Bayern,2.05,hot_days
1998,Bayern,9.55,hot_days
1999,Bayern,3.57,hot_days
2000,Bayern,6.15,hot_days
2001,Bayern,7.78,hot_days
2002,Bayern,6.21,hot_days
2003,Bayern,24.27,hot_days
2004,Bayern,5.08,hot_days
2005,Bayern,8.25,hot_days
2006,Bayern,12.14,hot_days
2007,Bayern,5.14,hot_days
2008,Bayern,7.06,hot_days
2009,Bayern,3.96,hot_days
2010,Bayern,10.03,hot_days
2011,Bayern,5.63,hot_days
2012,Bayern,9.49,hot_days
2013,Bayern,14.07,hot_days
2014,Bayern,6.57,hot_days
2015,Bayern,25.6,hot_days
2016,Bayern,7.67,hot_days
2017,Bayern,9.99,hot_days
2018,Bayern,18.14,hot_days
2019,Bayern,15.21,hot_days
2020,Bayern,9.11,hot_days
2021,Bayern,4.64,hot_days
2022,Bayern,15.9,hot_days
2023,Bayern,15.48,hot_days
2024,Bayern,13.39,hot_days
2025,Bayern,13.88,hot_days
1951,Brandenburg,5.13,hot_days
1952,Brandenburg,5.48,hot_days
1953,Brandenburg,10.43,hot_days
1954,Brandenburg,5.14,hot_days
1955,Brandenburg,1.12,hot_days
1956,Brandenburg,0.82,hot_days
1957,Brandenburg,8.1,hot_days
1958,Brandenburg,2.6,hot_days
1959,Brandenburg,6.77,hot_days
1960,Brandenburg,3.04,hot_days
1961,Brandenburg,5.25,hot_days
1962,Brandenburg,1.83,hot_days
1963,Brandenburg,9.29,hot_days
1964,Brandenburg,11.6,hot_days
1965,Brandenburg,1.03,hot_days
1966,Brandenburg,4.06,hot_days
1967,Brandenburg,4.47,hot_days
1968,Brandenburg,7.35,hot_days
1969,Brandenburg,12.23,hot_days
1970,Brandenburg,4.29,hot_days
1971,Brandenburg,14.24,hot_days
1972,Brandenburg,9.29,hot_days
1973,Brandenburg,8.18,hot_days
1974,Brandenburg,4.06,hot_days
1975,Brandenburg,11.17,hot_days
1976,Brandenburg,10.46,hot_days
1977,Brandenburg,2.13,hot_days
1978,Brandenburg,4.6,hot_days
1979,Brandenburg,4.98,hot_days
1980,Brandenburg,1.61,hot_days
1981,Brandenburg,3.34,hot_days
1982,Brandenburg,11.51,hot_days
1983,Brandenburg,11.48,hot_days
1984,Brandenburg,4.11,hot_days
1985,Brandenburg,3,hot_days
1986,Brandenburg,7.73,hot_days
1987,Brandenburg,1.79,hot_days
1988,Brandenburg,2.42,hot_days
1989,Brandenburg,9.22,hot_days
1990,Brandenburg,6.57,hot_days
1991,Brandenburg,7.13,hot_days
1992,Brandenburg,15.29,hot_days
1993,Brandenburg,2.16,hot_days
1994,Brandenburg,20.75,hot_days
1995,Brandenburg,15.43,hot_days
1996,Brandenburg,3.53,hot_days
1997,Brandenburg,9.41,hot_days
1998,Brandenburg,6.4,hot_days
1999,Brandenburg,7.15,hot_days
2000,Brandenburg,9.44,hot_days
2001,Brandenburg,9.12,hot_days
2002,Brandenburg,7.91,hot_days
2003,Brandenburg,18.6,hot_days
2004,Brandenburg,4.22,hot_days
2005,Brandenburg,7.5,hot_days
2006,Brandenburg,22.01,hot_days
2007,Brandenburg,8.04,hot_days
2008,Brandenburg,12.95,hot_days
2009,Brandenburg,6.21,hot_days
2010,Brandenburg,13.9,hot_days
2011,Brandenburg,5.53,hot_days
2012,Brandenburg,10.72,hot_days
2013,Brandenburg,10.46,hot_days
2014,Brandenburg,12.55,hot_days
2015,Brandenburg,19.9,hot_days
2016,Brandenburg,11.31,hot_days
2017,Brandenburg,5.59,hot_days
2018,Brandenburg,28.42,hot_days
2019,Brandenburg,25.24,hot_days
2020,Brandenburg,16.31,hot_days
2021,Brandenburg,9.19,hot_days
2022,Brandenburg,19.73,hot_days
2023,Brandenburg,13.3,hot_days
2024,Brandenburg,19.62,hot_days
2025,Brandenburg,10.9,hot_days
1951,Brandenburg/Berlin,5.15,hot_days
1952,Brandenburg/Berlin,5.46,hot_days
1953,Brandenburg/Berlin,10.51,hot_days
1954,Brandenburg/Berlin,5.16,hot_days
1955,Brandenburg/Berlin,1.14,hot_days
1956,Brandenburg/Berlin,0.81,hot_days
1957,Brandenburg/Berlin,8.1,hot_days
1958,Brandenburg/Berlin,2.61,hot_days
1959,Brandenburg/Berlin,6.76,hot_days
1960,Brandenburg/Berlin,3.06,hot_days
1961,Brandenburg/Berlin,5.27,hot_days
1962,Brandenburg/Berlin,1.83,hot_days
1963,Brandenburg/Berlin,9.3,hot_days
1964,Brandenburg/Berlin,11.58,hot_days
1965,Brandenburg/Berlin,1.03,hot_days
1966,Brandenburg/Berlin,4.04,hot_days
1967,Brandenburg/Berlin,4.44,hot_days
1968,Brandenburg/Berlin,7.37,hot_days
1969,Brandenburg/Berlin,12.23,hot_days
1970,Brandenburg/Berlin,4.29,hot_days
1971,Brandenburg/Berlin,14.28,hot_days
1972,Brandenburg/Berlin,9.3,hot_days
1973,Brandenburg/Berlin,8.19,hot_days
1974,Brandenburg/Berlin,4.08,hot_days
1975,Brandenburg/Berlin,11.19,hot_days
1976,Brandenburg/Berlin,10.44,hot_days
1977,Brandenburg/Berlin,2.15,hot_days
1978,Brandenburg/Berlin,4.65,hot_days
1979,Brandenburg/Berlin,5.02,hot_days
1980,Brandenburg/Berlin,1.62,hot_days
1981,Brandenburg/Berlin,3.38,hot_days
1982,Brandenburg/Berlin,11.59,hot_days
1983,Brandenburg/Berlin,11.5,hot_days
1984,Brandenburg/Berlin,4.14,hot_days
1985,Brandenburg/Berlin,3.05,hot_days
1986,Brandenburg/Berlin,7.79,hot_days
1987,Brandenburg/Berlin,1.81,hot_days
1988,Brandenburg/Berlin,2.41,hot_days
1989,Brandenburg/Berlin,9.25,hot_days
1990,Brandenburg/Berlin,6.6,hot_days
1991,Brandenburg/Berlin,7.15,hot_days
1992,Brandenburg/Berlin,15.28,hot_days
1993,Brandenburg/Berlin,2.16,hot_days
1994,Brandenburg/Berlin,20.77,hot_days
1995,Brandenburg/Berlin,15.5,hot_days
1996,Brandenburg/Berlin,3.54,hot_days
1997,Brandenburg/Berlin,9.47,hot_days
1998,Brandenburg/Berlin,6.43,hot_days
1999,Brandenburg/Berlin,7.2,hot_days
2000,Brandenburg/Berlin,9.45,hot_days
2001,Brandenburg/Berlin,9.18,hot_days
2002,Brandenburg/Berlin,7.91,hot_days
2003,Brandenburg/Berlin,18.61,hot_days
2004,Brandenburg/Berlin,4.24,hot_days
2005,Brandenburg/Berlin,7.51,hot_days
2006,Brandenburg/Berlin,22.04,hot_days
2007,Brandenburg/Berlin,8.08,hot_days
2008,Brandenburg/Berlin,13.01,hot_days
2009,Brandenburg/Berlin,6.24,hot_days
2010,Brandenburg/Berlin,13.96,hot_days
2011,Brandenburg/Berlin,5.54,hot_days
2012,Brandenburg/Berlin,10.74,hot_days
2013,Brandenburg/Berlin,10.45,hot_days
2014,Brandenburg/Berlin,12.6,hot_days
2015,Brandenburg/Berlin,19.93,hot_days
2016,Brandenburg/Berlin,11.33,hot_days
2017,Brandenburg/Berlin,5.62,hot_days
2018,Brandenburg/Berlin,28.5,hot_days
2019,Brandenburg/Berlin,25.29,hot_days
2020,Brandenburg/Berlin,16.35,hot_days
2021,Brandenburg/Berlin,9.28,hot_days
2022,Brandenburg/Berlin,19.76,hot_days
2023,Brandenburg/Berlin,13.31,hot_days
2024,Brandenburg/Berlin,19.63,hot_days
2025,Brandenburg/Berlin,10.91,hot_days
1951,Deutschland,3.02,hot_days
1952,Deutschland,7.91,hot_days
1953,Deutschland,5.08,hot_days
1954,Deutschland,2.53,hot_days
1955,Deutschland,0.93,hot_days
1956,Deutschland,0.58,hot_days
1957,Deutschland,6.85,hot_days
1958,Deutschland,1.58,hot_days
1959,Deutschland,5.63,hot_days
1960,Deutschland,1.3,hot_days
1961,Deutschland,3.97,hot_days
1962,Deutschland,2.34,hot_days
1963,Deutschland,4.5,hot_days
1964,Deutschland,9.93,hot_days
1965,Deutschland,1.18,hot_days
1966,Deutschland,2.64,hot_days
1967,Deutschland,3.95,hot_days
1968,Deutschland,2.38,hot_days
1969,Deutschland,6.63,hot_days
1970,Deutschland,2.01,hot_days
1971,Deutschland,7.08,hot_days
1972,Deutschland,4.7,hot_days
1973,Deutschland,5.78,hot_days
1974,Deutschland,2.75,hot_days
1975,Deutschland,6.63,hot_days
1976,Deutschland,10.2,hot_days
1977,Deutschland,1.25,hot_days
1978,Deutschland,1.89,hot_days
1979,Deutschland,2.29,hot_days
1980,Deutschland,1.45,hot_days
1981,Deutschland,2.19,hot_days
1982,Deutschland,6.54,hot_days
1983,Deutschland,9.93,hot_days
1984,Deutschland,3.3,hot_days
1985,Deutschland,2.63,hot_days
1986,Deutschland,4.31,hot_days
1987,Deutschland,1.64,hot_days
1988,Deutschland,2.1,hot_days
1989,Deutschland,4.67,hot_days
1990,Deutschland,5.91,hot_days
1991,Deutschland,5.27,hot_days
1992,Deutschland,9.64,hot_days
1993,Deutschland,1.89,hot_days
1994,Deutschland,16.27,hot_days
1995,Deutschland,10.54,hot_days
1996,Deutschland,3,hot_days
1997,Deutschland,5.16,hot_days
1998,Deutschland,7.08,hot_days
1999,Deutschland,5.16,hot_days
2000,Deutschland,5.67,hot_days
2001,Deutschland,7.36,hot_days
2002,Deutschland,6.23,hot_days
2003,Deutschland,19.01,hot_days
2004,Deutschland,4.7,hot_days
2005,Deutschland,7.57,hot_days
2006,Deutschland,14.34,hot_days
2007,Deutschland,4.82,hot_days
2008,Deutschland,7.24,hot_days
2009,Deutschland,4.58,hot_days
2010,Deutschland,10.63,hot_days
2011,Deutschland,4.27,hot_days
2012,Deutschland,7.62,hot_days
2013,Deutschland,10.47,hot_days
2014,Deutschland,6.14,hot_days
2015,Deutschland,17.6,hot_days
2016,Deutschland,9.21,hot_days
2017,Deutschland,6.8,hot_days
2018,Deutschland,20.37,hot_days
2019,Deutschland,16.97,hot_days
2020,Deutschland,11.39,hot_days
2021,Deutschland,4.53,hot_days
2022,Deutschland,17.3,hot_days
2023,Deutschland,11.45,hot_days
2024,Deutschland,12.47,hot_days
2025,Deutschland,11.06,hot_days
1951,Hessen,3.42,hot_days
1952,Hessen,10.37,hot_days
1953,Hessen,6.44,hot_days
1954,Hessen,2.98,hot_days
1955,Hessen,1.54,hot_days
1956,Hessen,0.66,hot_days
1957,Hessen,8.32,hot_days
1958,Hessen,0.97,hot_days
1959,Hessen,7.67,hot_days
1960,Hessen,0.96,hot_days
1961,Hessen,4.09,hot_days
1962,Hessen,2.07,hot_days
1963,Hessen,4.24,hot_days
1964,Hessen,12.69,hot_days
1965,Hessen,0.78,hot_days
1966,Hessen,2.45,hot_days
1967,Hessen,4.54,hot_days
1968,Hessen,1.46,hot_days
1969,Hessen,6.41,hot_days
1970,Hessen,1.94,hot_days
1971,Hessen,6.21,hot_days
1972,Hessen,4.36,hot_days
1973,Hessen,7.3,hot_days
1974,Hessen,2.59,hot_days
1975,Hessen,7.29,hot_days
1976,Hessen,14.44,hot_days
1977,Hessen,1.19,hot_days
1978,Hessen,1.57,hot_days
1979,Hessen,1.82,hot_days
1980,Hessen,1.01,hot_days
1981,Hessen,2.16,hot_days
1982,Hessen,6.24,hot_days
1983,Hessen,10.09,hot_days
1984,Hessen,3.85,hot_days
1985,Hessen,1.78,hot_days
1986,Hessen,4.14,hot_days
1987,Hessen,1.53,hot_days
1988,Hessen,2.16,hot_days
1989,Hessen,4.46,hot_days
1990,Hessen,7.67,hot_days
1991,Hessen,6.82,hot_days
1992,Hessen,7.79,hot_days
1993,Hessen,2.73,hot_days
1994,Hessen,16.41,hot_days
1995,Hessen,10.85,hot_days
1996,Hessen,2.78,hot_days
1997,Hessen,5.37,hot_days
1998,Hessen,8.34,hot_days
1999,Hessen,5.15,hot_days
2000,Hessen,4.9,hot_days
2001,Hessen,9.26,hot_days
2002,Hessen,5.61,hot_days
2003,Hessen,20.31,hot_days
2004,Hessen,6.54,hot_days
2005,Hessen,9.65,hot_days
2006,Hessen,14.61,hot_days
2007,Hessen,3.89,hot_days
2008,Hessen,7.11,hot_days
2009,Hessen,5.27,hot_days
2010,Hessen,10.88,hot_days
2011,Hessen,4.03,hot_days
2012,Hessen,7.15,hot_days
2013,Hessen,10.95,hot_days
2014,Hessen,5.47,hot_days
2015,Hessen,19,hot_days
2016,Hessen,10.69,hot_days
2017,Hessen,7.52,hot_days
2018,Hessen,23.65,hot_days
2019,Hessen,17.44,hot_days
2020,Hessen,11.37,hot_days
2021,Hessen,4.07,hot_days
2022,Hessen,20.55,hot_days
2023,Hessen,10.89,hot_days
2024,Hessen,11.78,hot_days
2025,Hessen,12.47,hot_days
1951,Mecklenburg-Vorpommern,2.21,hot_days
1952,Mecklenburg-Vorpommern,1.64,hot_days
1953,Mecklenburg-Vorpommern,3.91,hot_days
1954,Mecklenburg-Vorpommern,1.88,hot_days
1955,Mecklenburg-Vorpommern,0.24,hot_days
1956,Mecklenburg-Vorpommern,0.26,hot_days
1957,Mecklenburg-Vorpommern,3.48,hot_days
1958,Mecklenburg-Vorpommern,0.26,hot_days
1959,Mecklenburg-Vorpommern,4.31,hot_days
1960,Mecklenburg-Vorpommern,0.46,hot_days
1961,Mecklenburg-Vorpommern,1.52,hot_days
1962,Mecklenburg-Vorpommern,0.26,hot_days
1963,Mecklenburg-Vorpommern,4.86,hot_days
1964,Mecklenburg-Vorpommern,4.83,hot_days
1965,Mecklenburg-Vorpommern,0.21,hot_days
1966,Mecklenburg-Vorpommern,2.04,hot_days
1967,Mecklenburg-Vorpommern,0.98,hot_days
1968,Mecklenburg-Vorpommern,2.19,hot_days
1969,Mecklenburg-Vorpommern,6.2,hot_days
1970,Mecklenburg-Vorpommern,1.27,hot_days
1971,Mecklenburg-Vorpommern,4.84,hot_days
1972,Mecklenburg-Vorpommern,1.96,hot_days
1973,Mecklenburg-Vorpommern,4.7,hot_days
1974,Mecklenburg-Vorpommern,1.95,hot_days
1975,Mecklenburg-Vorpommern,6.35,hot_days
1976,Mecklenburg-Vorpommern,4.53,hot_days
1977,Mecklenburg-Vorpommern,0.61,hot_days
1978,Mecklenburg-Vorpommern,1.62,hot_days
1979,Mecklenburg-Vorpommern,2.01,hot_days
1980,Mecklenburg-Vorpommern,0.37,hot_days
1981,Mecklenburg-Vorpommern,0.99,hot_days
1982,Mecklenburg-Vorpommern,6.33,hot_days
1983,Mecklenburg-Vorpommern,3.88,hot_days
1984,Mecklenburg-Vorpommern,1.46,hot_days
1985,Mecklenburg-Vorpommern,0.74,hot_days
1986,Mecklenburg-Vorpommern,3.27,hot_days
1987,Mecklenburg-Vorpommern,0.91,hot_days
1988,Mecklenburg-Vorpommern,0.22,hot_days
1989,Mecklenburg-Vorpommern,4.98,hot_days
1990,Mecklenburg-Vorpommern,2.35,hot_days
1991,Mecklenburg-Vorpommern,2.78,hot_days
1992,Mecklenburg-Vorpommern,8.08,hot_days
1993,Mecklenburg-Vorpommern,0.14,hot_days
1994,Mecklenburg-Vorpommern,13.84,hot_days
1995,Mecklenburg-Vorpommern,7.18,hot_days
1996,Mecklenburg-Vorpommern,2.53,hot_days
1997,Mecklenburg-Vorpommern,5.99,hot_days
1998,Mecklenburg-Vorpommern,1.34,hot_days
1999,Mecklenburg-Vorpommern,3.66,hot_days
2000,Mecklenburg-Vorpommern,4.63,hot_days
2001,Mecklenburg-Vorpommern,4.14,hot_days
2002,Mecklenburg-Vorpommern,5.23,hot_days
2003,Mecklenburg-Vorpommern,8.07,hot_days
2004,Mecklenburg-Vorpommern,1.11,hot_days
2005,Mecklenburg-Vorpommern,3.56,hot_days
2006,Mecklenburg-Vorpommern,10.72,hot_days
2007,Mecklenburg-Vorpommern,2.5,hot_days
2008,Mecklenburg-Vorpommern,6.19,hot_days
2009,Mecklenburg-Vorpommern,3.02,hot_days
2010,Mecklenburg-Vorpommern,9.03,hot_days
2011,Mecklenburg-Vorpommern,1.44,hot_days
2012,Mecklenburg-Vorpommern,4.45,hot_days
2013,Mecklenburg-Vorpommern,5.69,hot_days
2014,Mecklenburg-Vorpommern,3.2,hot_days
2015,Mecklenburg-Vorpommern,7.7,hot_days
2016,Mecklenburg-Vorpommern,5.99,hot_days
2017,Mecklenburg-Vorpommern,0.7,hot_days
2018,Mecklenburg-Vorpommern,15.51,hot_days
2019,Mecklenburg-Vorpommern,13.15,hot_days
2020,Mecklenburg-Vorpommern,8.91,hot_days
2021,Mecklenburg-Vorpommern,4.72,hot_days
2022,Mecklenburg-Vorpommern,12.18,hot_days
2023,Mecklenburg-Vorpommern,5.37,hot_days
2024,Mecklenburg-Vorpommern,9.66,hot_days
2025,Mecklenburg-Vorpommern,5.04,hot_days
1951,Niedersachsen,1.71,hot_days
1952,Niedersachsen,2.55,hot_days
1953,Niedersachsen,4.08,hot_days
1954,Niedersachsen,1.52,hot_days
1955,Niedersachsen,0.48,hot_days
1956,Niedersachsen,0.25,hot_days
1957,Niedersachsen,5.39,hot_days
1958,Niedersachsen,0.25,hot_days
1959,Niedersachsen,5.59,hot_days
1960,Niedersachsen,0.61,hot_days
1961,Niedersachsen,2.86,hot_days
1962,Niedersachsen,0.2,hot_days
1963,Niedersachsen,2.88,hot_days
1964,Niedersachsen,6.17,hot_days
1965,Niedersachsen,0.17,hot_days
1966,Niedersachsen,2.13,hot_days
1967,Niedersachsen,0.85,hot_days
1968,Niedersachsen,1.69,hot_days
1969,Niedersachsen,6.28,hot_days
1970,Niedersachsen,1.76,hot_days
1971,Niedersachsen,3.43,hot_days
1972,Niedersachsen,3.95,hot_days
1973,Niedersachsen,5.07,hot_days
1974,Niedersachsen,1.34,hot_days
1975,Niedersachsen,8.78,hot_days
1976,Niedersachsen,8.02,hot_days
1977,Niedersachsen,0.74,hot_days
1978,Niedersachsen,1.98,hot_days
1979,Niedersachsen,1.46,hot_days
1980,Niedersachsen,0.58,hot_days
1981,Niedersachsen,2.22,hot_days
1982,Niedersachsen,7.52,hot_days
1983,Niedersachsen,8.74,hot_days
1984,Niedersachsen,2.18,hot_days
1985,Niedersachsen,2.01,hot_days
1986,Niedersachsen,4.56,hot_days
1987,Niedersachsen,1.25,hot_days
1988,Niedersachsen,0.32,hot_days
1989,Niedersachsen,3.7,hot_days
1990,Niedersachsen,4.57,hot_days
1991,Niedersachsen,3.41,hot_days
1992,Niedersachsen,6.12,hot_days
1993,Niedersachsen,0.24,hot_days
1994,Niedersachsen,15.83,hot_days
1995,Niedersachsen,11.46,hot_days
1996,Niedersachsen,3.55,hot_days
1997,Niedersachsen,6.04,hot_days
1998,Niedersachsen,4.31,hot_days
1999,Niedersachsen,6.55,hot_days
2000,Niedersachsen,4.17,hot_days
2001,Niedersachsen,4.99,hot_days
2002,Niedersachsen,6.14,hot_days
2003,Niedersachsen,13.53,hot_days
2004,Niedersachsen,4.59,hot_days
2005,Niedersachsen,5.62,hot_days
2006,Niedersachsen,13.08,hot_days
2007,Niedersachsen,4.03,hot_days
2008,Niedersachsen,7.05,hot_days
2009,Niedersachsen,4.22,hot_days
2010,Niedersachsen,10.36,hot_days
2011,Niedersachsen,2.46,hot_days
2012,Niedersachsen,4.54,hot_days
2013,Niedersachsen,7.94,hot_days
2014,Niedersachsen,3.69,hot_days
2015,Niedersachsen,8.8,hot_days
2016,Niedersachsen,8.79,hot_days
2017,Niedersachsen,2.28,hot_days
2018,Niedersachsen,18.95,hot_days
2019,Niedersachsen,15.41,hot_days
2020,Niedersachsen,10.09,hot_days
2021,Niedersachsen,2.86,hot_days
2022,Niedersachsen,15.51,hot_days
2023,Niedersachsen,7.11,hot_days
2024,Niedersachsen,7.43,hot_days
2025,Niedersachsen,6.85,hot_days
1951,Niedersachsen/Hamburg/Bremen,1.71,hot_days
1952,Niedersachsen/Hamburg/Bremen,2.52,hot_days
1953,Niedersachsen/Hamburg/Bremen,4.09,hot_days
1954,Niedersachsen/Hamburg/Bremen,1.51,hot_days
1955,Niedersachsen/Hamburg/Bremen,0.47,hot_days
1956,Niedersachsen/Hamburg/Bremen,0.25,hot_days
1957,Niedersachsen/Hamburg/Bremen,5.37,hot_days
1958,Niedersachsen/Hamburg/Bremen,0.24,hot_days
1959,Niedersachsen/Hamburg/Bremen,5.59,hot_days
1960,Niedersachsen/Hamburg/Bremen,0.61,hot_days
1961,Niedersachsen/Hamburg/Bremen,2.86,hot_days
1962,Niedersachsen/Hamburg/Bremen,0.2,hot_days
1963,Niedersachsen/Hamburg/Bremen,2.9,hot_days
1964,Niedersachsen/Hamburg/Bremen,6.11,hot_days
1965,Niedersachsen/Hamburg/Bremen,0.17,hot_days
1966,Niedersachsen/Hamburg/Bremen,2.13,hot_days
1967,Niedersachsen/Hamburg/Bremen,0.84,hot_days
1968,Niedersachsen/Hamburg/Bremen,1.71,hot_days
1969,Niedersachsen/Hamburg/Bremen,6.31,hot_days
1970,Niedersachsen/Hamburg/Bremen,1.76,hot_days
1971,Niedersachsen/Hamburg/Bremen,3.41,hot_days
1972,Niedersachsen/Hamburg/Bremen,3.94,hot_days
1973,Niedersachsen/Hamburg/Bremen,5.08,hot_days
1974,Niedersachsen/Hamburg/Bremen,1.34,hot_days
1975,Niedersachsen/Hamburg/Bremen,8.78,hot_days
1976,Niedersachsen/Hamburg/Bremen,8.03,hot_days
1977,Niedersachsen/Hamburg/Bremen,0.74,hot_days
1978,Niedersachsen/Hamburg/Bremen,1.97,hot_days
1979,Niedersachsen/Hamburg/Bremen,1.46,hot_days
1980,Niedersachsen/Hamburg/Bremen,0.57,hot_days
1981,Niedersachsen/Hamburg/Bremen,2.21,hot_days
1982,Niedersachsen/Hamburg/Bremen,7.55,hot_days
1983,Niedersachsen/Hamburg/Bremen,8.72,hot_days
1984,Niedersachsen/Hamburg/Bremen,2.16,hot_days
1985,Niedersachsen/Hamburg/Bremen,2,hot_days
1986,Niedersachsen/Hamburg/Bremen,4.55,hot_days
1987,Niedersachsen/Hamburg/Bremen,1.24,hot_days
1988,Niedersachsen/Hamburg/Bremen,0.31,hot_days
1989,Niedersachsen/Hamburg/Bremen,3.66,hot_days
1990,Niedersachsen/Hamburg/Bremen,4.54,hot_days
1991,Niedersachsen/Hamburg/Bremen,3.39,hot_days
1992,Niedersachsen/Hamburg/Bremen,6.08,hot_days
1993,Niedersachsen/Hamburg/Bremen,0.23,hot_days
1994,Niedersachsen/Hamburg/Bremen,15.84,hot_days
1995,Niedersachsen/Hamburg/Bremen,11.45,hot_days
1996,Niedersachsen/Hamburg/Bremen,3.56,hot_days
1997,Niedersachsen/Hamburg/Bremen,6.05,hot_days
1998,Niedersachsen/Hamburg/Bremen,4.26,hot_days
1999,Niedersachsen/Hamburg/Bremen,6.52,hot_days
2000,Niedersachsen/Hamburg/Bremen,4.17,hot_days
2001,Niedersachsen/Hamburg/Bremen,4.95,hot_days
2002,Niedersachsen/Hamburg/Bremen,6.13,hot_days
2003,Niedersachsen/Hamburg/Bremen,13.46,hot_days
2004,Niedersachsen/Hamburg/Bremen,4.57,hot_days
2005,Niedersachsen/Hamburg/Bremen,5.57,hot_days
2006,Niedersachsen/Hamburg/Bremen,13.06,hot_days
2007,Niedersachsen/Hamburg/Bremen,4.01,hot_days
2008,Niedersachsen/Hamburg/Bremen,7.07,hot_days
2009,Niedersachsen/Hamburg/Bremen,4.18,hot_days
2010,Niedersachsen/Hamburg/Bremen,10.35,hot_days
2011,Niedersachsen/Hamburg/Bremen,2.44,hot_days
2012,Niedersachsen/Hamburg/Bremen,4.52,hot_days
2013,Niedersachsen/Hamburg/Bremen,7.9,hot_days
2014,Niedersachsen/Hamburg/Bremen,3.68,hot_days
2015,Niedersachsen/Hamburg/Bremen,8.76,hot_days
2016,Niedersachsen/Hamburg/Bremen,8.74,hot_days
2017,Niedersachsen/Hamburg/Bremen,2.23,hot_days
2018,Niedersachsen/Hamburg/Bremen,18.93,hot_days
2019,Niedersachsen/Hamburg/Bremen,15.37,hot_days
2020,Niedersachsen/Hamburg/Bremen,10.13,hot_days
2021,Niedersachsen/Hamburg/Bremen,2.86,hot_days
2022,Niedersachsen/Hamburg/Bremen,15.43,hot_days
2023,Niedersachsen/Hamburg/Bremen,7.09,hot_days
2024,Niedersachsen/Hamburg/Bremen,7.41,hot_days
2025,Niedersachsen/Hamburg/Bremen,6.83,hot_days
1951,Nordrhein-Westfalen,1.73,hot_days
1952,Nordrhein-Westfalen,6.71,hot_days
1953,Nordrhein-Westfalen,3.73,hot_days
1954,Nordrhein-Westfalen,1.37,hot_days
1955,Nordrhein-Westfalen,1.21,hot_days
1956,Nordrhein-Westfalen,0.41,hot_days
1957,Nordrhein-Westfalen,8.14,hot_days
1958,Nordrhein-Westfalen,0.73,hot_days
1959,Nordrhein-Westfalen,6.78,hot_days
1960,Nordrhein-Westfalen,0.65,hot_days
1961,Nordrhein-Westfalen,4.72,hot_days
1962,Nordrhein-Westfalen,0.5,hot_days
1963,Nordrhein-Westfalen,2.71,hot_days
1964,Nordrhein-Westfalen,8.91,hot_days
1965,Nordrhein-Westfalen,0.29,hot_days
1966,Nordrhein-Westfalen,2.97,hot_days
1967,Nordrhein-Westfalen,2.26,hot_days
1968,Nordrhein-Westfalen,2.1,hot_days
1969,Nordrhein-Westfalen,5.9,hot_days
1970,Nordrhein-Westfalen,1.32,hot_days
1971,Nordrhein-Westfalen,3.1,hot_days
1972,Nordrhein-Westfalen,3.85,hot_days
1973,Nordrhein-Westfalen,7.02,hot_days
1974,Nordrhein-Westfalen,1.92,hot_days
1975,Nordrhein-Westfalen,8.67,hot_days
1976,Nordrhein-Westfalen,14.2,hot_days
1977,Nordrhein-Westfalen,0.82,hot_days
1978,Nordrhein-Westfalen,2.13,hot_days
1979,Nordrhein-Westfalen,1.35,hot_days
1980,Nordrhein-Westfalen,1.46,hot_days
1981,Nordrhein-Westfalen,2.94,hot_days
1982,Nordrhein-Westfalen,6.64,hot_days
1983,Nordrhein-Westfalen,9.45,hot_days
1984,Nordrhein-Westfalen,4.1,hot_days
1985,Nordrhein-Westfalen,2.33,hot_days
1986,Nordrhein-Westfalen,4.44,hot_days
1987,Nordrhein-Westfalen,2.27,hot_days
1988,Nordrhein-Westfalen,0.98,hot_days
1989,Nordrhein-Westfalen,5.09,hot_days
1990,Nordrhein-Westfalen,6.57,hot_days
1991,Nordrhein-Westfalen,5.33,hot_days
1992,Nordrhein-Westfalen,6.88,hot_days
1993,Nordrhein-Westfalen,0.89,hot_days
1994,Nordrhein-Westfalen,16.24,hot_days
1995,Nordrhein-Westfalen,12.99,hot_days
1996,Nordrhein-Westfalen,3.16,hot_days
1997,Nordrhein-Westfalen,5.37,hot_days
1998,Nordrhein-Westfalen,6.51,hot_days
1999,Nordrhein-Westfalen,7.34,hot_days
2000,Nordrhein-Westfalen,4.36,hot_days
2001,Nordrhein-Westfalen,7.35,hot_days
2002,Nordrhein-Westfalen,6.14,hot_days
2003,Nordrhein-Westfalen,16.39,hot_days
2004,Nordrhein-Westfalen,4.77,hot_days
2005,Nordrhein-Westfalen,6.42,hot_days
2006,Nordrhein-Westfalen,14.48,hot_days
2007,Nordrhein-Westfalen,3.77,hot_days
2008,Nordrhein-Westfalen,4.33,hot_days
2009,Nordrhein-Westfalen,4.07,hot_days
2010,Nordrhein-Westfalen,11.13,hot_days
2011,Nordrhein-Westfalen,2.99,hot_days
2012,Nordrhein-Westfalen,4.73,hot_days
2013,Nordrhein-Westfalen,9.54,hot_days
2014,Nordrhein-Westfalen,3.81,hot_days
2015,Nordrhein-Westfalen,11.9,hot_days
2016,Nordrhein-Westfalen,10.32,hot_days
2017,Nordrhein-Westfalen,5.81,hot_days
2018,Nordrhein-Westfalen,17.45,hot_days
2019,Nordrhein-Westfalen,15.73,hot_days
2020,Nordrhein-Westfalen,11.93,hot_days
2021,Nordrhein-Westfalen,2.92,hot_days
2022,Nordrhein-Westfalen,17.67,hot_days
2023,Nordrhein-Westfalen,8.83,hot_days
2024,Nordrhein-Westfalen,8.31,hot_days
2025,Nordrhein-Westfalen,9.3,hot_days
1951,Rheinland-Pfalz,1.97,hot_days
1952,Rheinland-Pfalz,10.95,hot_days
1953,Rheinland-Pfalz,6.21,hot_days
1954,Rheinland-Pfalz,3.02,hot_days
1955,Rheinland-Pfalz,1.5,hot_days
1956,Rheinland-Pfalz,0.87,hot_days
1957,Rheinland-Pfalz,7.84,hot_days
1958,Rheinland-Pfalz,1.05,hot_days
1959,Rheinland-Pfalz,9.03,hot_days
1960,Rheinland-Pfalz,0.77,hot_days
1961,Rheinland-Pfalz,5.46,hot_days
1962,Rheinland-Pfalz,3.28,hot_days
1963,Rheinland-Pfalz,3.35,hot_days
1964,Rheinland-Pfalz,13.76,hot_days
1965,Rheinland-Pfalz,0.95,hot_days
1966,Rheinland-Pfalz,2.9,hot_days
1967,Rheinland-Pfalz,5.27,hot_days
1968,Rheinland-Pfalz,1.9,hot_days
1969,Rheinland-Pfalz,5.54,hot_days
1970,Rheinland-Pfalz,1.58,hot_days
1971,Rheinland-Pfalz,6.32,hot_days
1972,Rheinland-Pfalz,3.96,hot_days
1973,Rheinland-Pfalz,9.74,hot_days
1974,Rheinland-Pfalz,2.52,hot_days
1975,Rheinland-Pfalz,7.42,hot_days
1976,Rheinland-Pfalz,18.33,hot_days
1977,Rheinland-Pfalz,1.22,hot_days
1978,Rheinland-Pfalz,1.53,hot_days
1979,Rheinland-Pfalz,1.88,hot_days
1980,Rheinland-Pfalz,1.21,hot_days
1981,Rheinland-Pfalz,2.63,hot_days
1982,Rheinland-Pfalz,7.46,hot_days
1983,Rheinland-Pfalz,12.16,hot_days
1984,Rheinland-Pfalz,4.59,hot_days
1985,Rheinland-Pfalz,2.33,hot_days
1986,Rheinland-Pfalz,3.97,hot_days
1987,Rheinland-Pfalz,2.11,hot_days
1988,Rheinland-Pfalz,2.13,hot_days
1989,Rheinland-Pfalz,5.04,hot_days
1990,Rheinland-Pfalz,9.2,hot_days
1991,Rheinland-Pfalz,8.54,hot_days
1992,Rheinland-Pfalz,8.98,hot_days
1993,Rheinland-Pfalz,3.14,hot_days
1994,Rheinland-Pfalz,15.82,hot_days
1995,Rheinland-Pfalz,12.29,hot_days
1996,Rheinland-Pfalz,3.39,hot_days
1997,Rheinland-Pfalz,5.86,hot_days
1998,Rheinland-Pfalz,9.7,hot_days
1999,Rheinland-Pfalz,6.49,hot_days
2000,Rheinland-Pfalz,3.78,hot_days
2001,Rheinland-Pfalz,10.13,hot_days
2002,Rheinland-Pfalz,5.92,hot_days
2003,Rheinland-Pfalz,22.01,hot_days
2004,Rheinland-Pfalz,6.22,hot_days
2005,Rheinland-Pfalz,11.56,hot_days
2006,Rheinland-Pfalz,15.77,hot_days
2007,Rheinland-Pfalz,4.94,hot_days
2008,Rheinland-Pfalz,5.45,hot_days
2009,Rheinland-Pfalz,5.84,hot_days
2010,Rheinland-Pfalz,11.39,hot_days
2011,Rheinland-Pfalz,5.02,hot_days
2012,Rheinland-Pfalz,7.6,hot_days
2013,Rheinland-Pfalz,10.58,hot_days
2014,Rheinland-Pfalz,5.98,hot_days
2015,Rheinland-Pfalz,19.5,hot_days
2016,Rheinland-Pfalz,10.32,hot_days
2017,Rheinland-Pfalz,10.65,hot_days
2018,Rheinland-Pfalz,19.61,hot_days
2019,Rheinland-Pfalz,18.35,hot_days
2020,Rheinland-Pfalz,15.07,hot_days
2021,Rheinland-Pfalz,3.98,hot_days
2022,Rheinland-Pfalz,22.53,hot_days
2023,Rheinland-Pfalz,11.95,hot_days
2024,Rheinland-Pfalz,11.49,hot_days
2025,Rheinland-Pfalz,13.91,hot_days
1951,Saarland,1.38,hot_days
1952,Saarland,11.69,hot_days
1953,Saarland,5.93,hot_days
1954,Saarland,3.03,hot_days
1955,Saarland,1.96,hot_days
1956,Saarland,1.51,hot_days
1957,Saarland,7.98,hot_days
1958,Saarland,1.18,hot_days
1959,Saarland,6.95,hot_days
1960,Saarland,1.23,hot_days
1961,Saarland,4.03,hot_days
1962,Saarland,4.18,hot_days
1963,Saarland,2.63,hot_days
1964,Saarland,13.39,hot_days
1965,Saarland,1,hot_days
1966,Saarland,2.89,hot_days
1967,Saarland,4.91,hot_days
1968,Saarland,2.1,hot_days
1969,Saarland,4.21,hot_days
1970,Saarland,0.69,hot_days
1971,Saarland,6.17,hot_days
1972,Saarland,3.2,hot_days
1973,Saarland,9.88,hot_days
1974,Saarland,2.02,hot_days
1975,Saarland,7.86,hot_days
1976,Saarland,19.34,hot_days
1977,Saarland,1.32,hot_days
1978,Saarland,0.91,hot_days
1979,Saarland,1.14,hot_days
1980,Saarland,0.86,hot_days
1981,Saarland,1.61,hot_days
1982,Saarland,5.66,hot_days
1983,Saarland,13.77,hot_days
1984,Saarland,5.27,hot_days
1985,Saarland,2.72,hot_days
1986,Saarland,3.4,hot_days
1987,Saarland,2.07,hot_days
1988,Saarland,1.15,hot_days
1989,Saarland,6.03,hot_days
1990,Saarland,9.74,hot_days
1991,Saarland,8.68,hot_days
1992,Saarland,8.72,hot_days
1993,Saarland,1.61,hot_days
1994,Saarland,17.47,hot_days
1995,Saarland,11.64,hot_days
1996,Saarland,2.71,hot_days
1997,Saarland,6.56,hot_days
1998,Saarland,9.56,hot_days
1999,Saarland,4.3,hot_days
2000,Saarland,2.44,hot_days
2001,Saarland,8.62,hot_days
2002,Saarland,6.15,hot_days
2003,Saarland,22.7,hot_days
2004,Saarland,4.45,hot_days
2005,Saarland,14.33,hot_days
2006,Saarland,17.08,hot_days
2007,Saarland,3.48,hot_days
2008,Saarland,4.55,hot_days
2009,Saarland,4.47,hot_days
2010,Saarland,10.31,hot_days
2011,Saarland,4.9,hot_days
2012,Saarland,7.26,hot_days
2013,Saarland,11.13,hot_days
2014,Saarland,5.91,hot_days
2015,Saarland,20.9,hot_days
2016,Saarland,11.39,hot_days
2017,Saarland,11.18,hot_days
2018,Saarland,18.52,hot_days
2019,Saarland,20.56,hot_days
2020,Saarland,17.49,hot_days
2021,Saarland,3.88,hot_days
2022,Saarland,29.75,hot_days
2023,Saarland,13.55,hot_days
2024,Saarland,11.58,hot_days
2025,Saarland,15.76,hot_days
1951,Sachsen,4.67,hot_days
1952,Sachsen,8.81,hot_days
1953,Sachsen,6.98,hot_days
1954,Sachsen,4.11,hot_days
1955,Sachsen,1.14,hot_days
1956,Sachsen,0.75,hot_days
1957,Sachsen,8.75,hot_days
1958,Sachsen,2.7,hot_days
1959,Sachsen,5.3,hot_days
1960,Sachsen,2.65,hot_days
1961,Sachsen,5.48,hot_days
1962,Sachsen,2.92,hot_days
1963,Sachsen,7.57,hot_days
1964,Sachsen,12.25,hot_days
1965,Sachsen,1.67,hot_days
1966,Sachsen,4.09,hot_days
1967,Sachsen,6.44,hot_days
1968,Sachsen,4.19,hot_days
1969,Sachsen,8.69,hot_days
1970,Sachsen,4.17,hot_days
1971,Sachsen,12.41,hot_days
1972,Sachsen,8.36,hot_days
1973,Sachsen,5.82,hot_days
1974,Sachsen,4.28,hot_days
1975,Sachsen,6.69,hot_days
1976,Sachsen,8.02,hot_days
1977,Sachsen,1.92,hot_days
1978,Sachsen,3,hot_days
1979,Sachsen,4.06,hot_days
1980,Sachsen,2.09,hot_days
1981,Sachsen,2.84,hot_days
1982,Sachsen,6.27,hot_days
1983,Sachsen,9.72,hot_days
1984,Sachsen,3.94,hot_days
1985,Sachsen,2.8,hot_days
1986,Sachsen,5.33,hot_days
1987,Sachsen,1.78,hot_days
1988,Sachsen,4.57,hot_days
1989,Sachsen,5.95,hot_days
1990,Sachsen,7.35,hot_days
1991,Sachsen,5.8,hot_days
1992,Sachsen,12.24,hot_days
1993,Sachsen,2.18,hot_days
1994,Sachsen,18.56,hot_days
1995,Sachsen,10.01,hot_days
1996,Sachsen,2.44,hot_days
1997,Sachsen,4.76,hot_days
1998,Sachsen,6.75,hot_days
1999,Sachsen,3.15,hot_days
2000,Sachsen,9.05,hot_days
2001,Sachsen,6.3,hot_days
2002,Sachsen,7,hot_days
2003,Sachsen,19.36,hot_days
2004,Sachsen,3.44,hot_days
2005,Sachsen,5.96,hot_days
2006,Sachsen,16.37,hot_days
2007,Sachsen,6.76,hot_days
2008,Sachsen,8.73,hot_days
2009,Sachsen,3.56,hot_days
2010,Sachsen,10.34,hot_days
2011,Sachsen,3.99,hot_days
2012,Sachsen,9.85,hot_days
2013,Sachsen,10.28,hot_days
2014,Sachsen,8.77,hot_days
2015,Sachsen,21.6,hot_days
2016,Sachsen,8.89,hot_days
2017,Sachsen,7.2,hot_days
2018,Sachsen,24.87,hot_days
2019,Sachsen,19.83,hot_days
2020,Sachsen,11.73,hot_days
2021,Sachsen,5.1,hot_days
2022,Sachsen,16.23,hot_days
2023,Sachsen,12.72,hot_days
2024,Sachsen,19.29,hot_days
2025,Sachsen,11.41,hot_days
1951,Sachsen-Anhalt,4.25,hot_days
1952,Sachsen-Anhalt,5.57,hot_days
1953,Sachsen-Anhalt,7.3,hot_days
1954,Sachsen-Anhalt,4.57,hot_days
1955,Sachsen-Anhalt,1.27,hot_days
1956,Sachsen-Anhalt,0.99,hot_days
1957,Sachsen-Anhalt,7.93,hot_days
1958,Sachsen-Anhalt,1.71,hot_days
1959,Sachsen-Anhalt,6.56,hot_days
1960,Sachsen-Anhalt,2.28,hot_days
1961,Sachsen-Anhalt,5.78,hot_days
1962,Sachsen-Anhalt,1.56,hot_days
1963,Sachsen-Anhalt,6.53,hot_days
1964,Sachsen-Anhalt,12.22,hot_days
1965,Sachsen-Anhalt,0.78,hot_days
1966,Sachsen-Anhalt,4.47,hot_days
1967,Sachsen-Anhalt,4.17,hot_days
1968,Sachsen-Anhalt,4.4,hot_days
1969,Sachsen-Anhalt,11.33,hot_days
1970,Sachsen-Anhalt,2.88,hot_days
1971,Sachsen-Anhalt,10.44,hot_days
1972,Sachsen-Anhalt,6.37,hot_days
1973,Sachsen-Anhalt,7.62,hot_days
1974,Sachsen-Anhalt,4.01,hot_days
1975,Sachsen-Anhalt,10.38,hot_days
1976,Sachsen-Anhalt,10.25,hot_days
1977,Sachsen-Anhalt,2.1,hot_days
1978,Sachsen-Anhalt,3.91,hot_days
1979,Sachsen-Anhalt,4.31,hot_days
1980,Sachsen-Anhalt,1.97,hot_days
1981,Sachsen-Anhalt,3.17,hot_days
1982,Sachsen-Anhalt,8.91,hot_days
1983,Sachsen-Anhalt,11.99,hot_days
1984,Sachsen-Anhalt,3.66,hot_days
1985,Sachsen-Anhalt,2.86,hot_days
1986,Sachsen-Anhalt,7.11,hot_days
1987,Sachsen-Anhalt,1.77,hot_days
1988,Sachsen-Anhalt,2.8,hot_days
1989,Sachsen-Anhalt,7.69,hot_days
1990,Sachsen-Anhalt,7.71,hot_days
1991,Sachsen-Anhalt,6.48,hot_days
1992,Sachsen-Anhalt,12.6,hot_days
1993,Sachsen-Anhalt,1.62,hot_days
1994,Sachsen-Anhalt,19.84,hot_days
1995,Sachsen-Anhalt,15.93,hot_days
1996,Sachsen-Anhalt,4.19,hot_days
1997,Sachsen-Anhalt,8.65,hot_days
1998,Sachsen-Anhalt,7.52,hot_days
1999,Sachsen-Anhalt,6.85,hot_days
2000,Sachsen-Anhalt,7.4,hot_days
2001,Sachsen-Anhalt,9.19,hot_days
2002,Sachsen-Anhalt,7.89,hot_days
2003,Sachsen-Anhalt,22.16,hot_days
2004,Sachsen-Anhalt,4.96,hot_days
2005,Sachsen-Anhalt,10.38,hot_days
2006,Sachsen-Anhalt,19.33,hot_days
2007,Sachsen-Anhalt,7.48,hot_days
2008,Sachsen-Anhalt,11.69,hot_days
2009,Sachsen-Anhalt,6.3,hot_days
2010,Sachsen-Anhalt,11.88,hot_days
2011,Sachsen-Anhalt,4.63,hot_days
2012,Sachsen-Anhalt,9.63,hot_days
2013,Sachsen-Anhalt,12.24,hot_days
2014,Sachsen-Anhalt,9.55,hot_days
2015,Sachsen-Anhalt,17.9,hot_days
2016,Sachsen-Anhalt,14.36,hot_days
2017,Sachsen-Anhalt,6.22,hot_days
2018,Sachsen-Anhalt,28.81,hot_days
2019,Sachsen-Anhalt,22.54,hot_days
2020,Sachsen-Anhalt,14.31,hot_days
2021,Sachsen-Anhalt,6.7,hot_days
2022,Sachsen-Anhalt,20.43,hot_days
2023,Sachsen-Anhalt,11.67,hot_days
2024,Sachsen-Anhalt,18.23,hot_days
2025,Sachsen-Anhalt,12.11,hot_days
1951,Schleswig-Holstein,0.38,hot_days
1952,Schleswig-Holstein,0.82,hot_days
1953,Schleswig-Holstein,1.88,hot_days
1954,Schleswig-Holstein,0.69,hot_days
1955,Schleswig-Holstein,0.02,hot_days
1956,Schleswig-Holstein,0.02,hot_days
1957,Schleswig-Holstein,2.07,hot_days
1958,Schleswig-Holstein,0,hot_days
1959,Schleswig-Holstein,2.66,hot_days
1960,Schleswig-Holstein,0.08,hot_days
1961,Schleswig-Holstein,1.4,hot_days
1962,Schleswig-Holstein,0,hot_days
1963,Schleswig-Holstein,2.17,hot_days
1964,Schleswig-Holstein,2.05,hot_days
1965,Schleswig-Holstein,0,hot_days
1966,Schleswig-Holstein,0.94,hot_days
1967,Schleswig-Holstein,0.13,hot_days
1968,Schleswig-Holstein,1.17,hot_days
1969,Schleswig-Holstein,4.04,hot_days
1970,Schleswig-Holstein,0.42,hot_days
1971,Schleswig-Holstein,0.64,hot_days
1972,Schleswig-Holstein,1.28,hot_days
1973,Schleswig-Holstein,2.88,hot_days
1974,Schleswig-Holstein,0.45,hot_days
1975,Schleswig-Holstein,6.29,hot_days
1976,Schleswig-Holstein,4.8,hot_days
1977,Schleswig-Holstein,0.03,hot_days
1978,Schleswig-Holstein,0.99,hot_days
1979,Schleswig-Holstein,0.77,hot_days
1980,Schleswig-Holstein,0.02,hot_days
1981,Schleswig-Holstein,0.47,hot_days
1982,Schleswig-Holstein,5.04,hot_days
1983,Schleswig-Holstein,4.92,hot_days
1984,Schleswig-Holstein,0.31,hot_days
1985,Schleswig-Holstein,0.49,hot_days
1986,Schleswig-Holstein,1.55,hot_days
1987,Schleswig-Holstein,0.15,hot_days
1988,Schleswig-Holstein,0.02,hot_days
1989,Schleswig-Holstein,1.4,hot_days
1990,Schleswig-Holstein,1.84,hot_days
1991,Schleswig-Holstein,1.09,hot_days
1992,Schleswig-Holstein,3.46,hot_days
1993,Schleswig-Holstein,0.01,hot_days
1994,Schleswig-Holstein,11.36,hot_days
1995,Schleswig-Holstein,6.97,hot_days
1996,Schleswig-Holstein,3.05,hot_days
1997,Schleswig-Holstein,5.07,hot_days
1998,Schleswig-Holstein,0.78,hot_days
1999,Schleswig-Holstein,2.28,hot_days
2000,Schleswig-Holstein,3.27,hot_days
2001,Schleswig-Holstein,2.08,hot_days
2002,Schleswig-Holstein,3.68,hot_days
2003,Schleswig-Holstein,5.98,hot_days
2004,Schleswig-Holstein,1.7,hot_days
2005,Schleswig-Holstein,1.97,hot_days
2006,Schleswig-Holstein,6.89,hot_days
2007,Schleswig-Holstein,1.46,hot_days
2008,Schleswig-Holstein,3.68,hot_days
2009,Schleswig-Holstein,1.52,hot_days
2010,Schleswig-Holstein,6.35,hot_days
2011,Schleswig-Holstein,0.37,hot_days
2012,Schleswig-Holstein,1.43,hot_days
2013,Schleswig-Holstein,3,hot_days
2014,Schleswig-Holstein,1.09,hot_days
2015,Schleswig-Holstein,3.5,hot_days
2016,Schleswig-Holstein,2.55,hot_days
2017,Schleswig-Holstein,0.01,hot_days
2018,Schleswig-Holstein,10.61,hot_days
2019,Schleswig-Holstein,7.18,hot_days
2020,Schleswig-Holstein,7.35,hot_days
2021,Schleswig-Holstein,1.47,hot_days
2022,Schleswig-Holstein,6.99,hot_days
2023,Schleswig-Holstein,1.97,hot_days
2024,Schleswig-Holstein,3.47,hot_days
2025,Schleswig-Holstein,3.32,hot_days
1951,Thueringen,3.79,hot_days
1952,Thueringen,8.03,hot_days
1953,Thueringen,4.93,hot_days
1954,Thueringen,3.37,hot_days
1955,Thueringen,1.26,hot_days
1956,Thueringen,0.69,hot_days
1957,Thueringen,7.42,hot_days
1958,Thueringen,1.81,hot_days
1959,Thueringen,4.8,hot_days
1960,Thueringen,1.42,hot_days
1961,Thueringen,4.52,hot_days
1962,Thueringen,1.7,hot_days
1963,Thueringen,3.97,hot_days
1964,Thueringen,10.67,hot_days
1965,Thueringen,1.06,hot_days
1966,Thueringen,2.37,hot_days
1967,Thueringen,3.84,hot_days
1968,Thueringen,1.41,hot_days
1969,Thueringen,5.75,hot_days
1970,Thueringen,1.74,hot_days
1971,Thueringen,7.47,hot_days
1972,Thueringen,4.17,hot_days
1973,Thueringen,4.65,hot_days
1974,Thueringen,3.14,hot_days
1975,Thueringen,5.06,hot_days
1976,Thueringen,8.49,hot_days
1977,Thueringen,1.4,hot_days
1978,Thueringen,1.62,hot_days
1979,Thueringen,2.39,hot_days
1980,Thueringen,1.76,hot_days
1981,Thueringen,1.67,hot_days
1982,Thueringen,5.1,hot_days
1983,Thueringen,7.97,hot_days
1984,Thueringen,3.01,hot_days
1985,Thueringen,2.05,hot_days
1986,Thueringen,3.77,hot_days
1987,Thueringen,1.45,hot_days
1988,Thueringen,2.45,hot_days
1989,Thueringen,4.09,hot_days
1990,Thueringen,5.93,hot_days
1991,Thueringen,4.87,hot_days
1992,Thueringen,8.14,hot_days
1993,Thueringen,1.38,hot_days
1994,Thueringen,15.86,hot_days
1995,Thueringen,8.06,hot_days
1996,Thueringen,2.52,hot_days
1997,Thueringen,3.7,hot_days
1998,Thueringen,6.84,hot_days
1999,Thueringen,3.59,hot_days
2000,Thueringen,5.24,hot_days
2001,Thueringen,7.36,hot_days
2002,Thueringen,5.87,hot_days
2003,Thueringen,19.74,hot_days
2004,Thueringen,3.41,hot_days
2005,Thueringen,7.19,hot_days
2006,Thueringen,13.03,hot_days
2007,Thueringen,4.13,hot_days
2008,Thueringen,8.33,hot_days
2009,Thueringen,2.96,hot_days
2010,Thueringen,9.3,hot_days
2011,Thueringen,3.58,hot_days
2012,Thueringen,7.49,hot_days
2013,Thueringen,10.37,hot_days
2014,Thueringen,5.68,hot_days
2015,Thueringen,17.5,hot_days
2016,Thueringen,9.99,hot_days
2017,Thueringen,5.51,hot_days
2018,Thueringen,20.17,hot_days
2019,Thueringen,16.81,hot_days
2020,Thueringen,9.48,hot_days
2021,Thueringen,3.41,hot_days
2022,Thueringen,15.62,hot_days
2023,Thueringen,9.25,hot_days
2024,Thueringen,13.6,hot_days
2025,Thueringen,11.29,hot_days
1951,Thueringen/Sachsen-Anhalt,4.05,hot_days
1952,Thueringen/Sachsen-Anhalt,6.64,hot_days
1953,Thueringen/Sachsen-Anhalt,6.27,hot_days
1954,Thueringen/Sachsen-Anhalt,4.05,hot_days
1955,Thueringen/Sachsen-Anhalt,1.27,hot_days
1956,Thueringen/Sachsen-Anhalt,0.86,hot_days
1957,Thueringen/Sachsen-Anhalt,7.71,hot_days
1958,Thueringen/Sachsen-Anhalt,1.75,hot_days
1959,Thueringen/Sachsen-Anhalt,5.8,hot_days
1960,Thueringen/Sachsen-Anhalt,1.91,hot_days
1961,Thueringen/Sachsen-Anhalt,5.23,hot_days
1962,Thueringen/Sachsen-Anhalt,1.62,hot_days
1963,Thueringen/Sachsen-Anhalt,5.42,hot_days
1964,Thueringen/Sachsen-Anhalt,11.55,hot_days
1965,Thueringen/Sachsen-Anhalt,0.9,hot_days
1966,Thueringen/Sachsen-Anhalt,3.56,hot_days
1967,Thueringen/Sachsen-Anhalt,4.03,hot_days
1968,Thueringen/Sachsen-Anhalt,3.1,hot_days
1969,Thueringen/Sachsen-Anhalt,8.91,hot_days
1970,Thueringen/Sachsen-Anhalt,2.39,hot_days
1971,Thueringen/Sachsen-Anhalt,9.15,hot_days
1972,Thueringen/Sachsen-Anhalt,5.42,hot_days
1973,Thueringen/Sachsen-Anhalt,6.33,hot_days
1974,Thueringen/Sachsen-Anhalt,3.63,hot_days
1975,Thueringen/Sachsen-Anhalt,8.07,hot_days
1976,Thueringen/Sachsen-Anhalt,9.49,hot_days
1977,Thueringen/Sachsen-Anhalt,1.8,hot_days
1978,Thueringen/Sachsen-Anhalt,2.92,hot_days
1979,Thueringen/Sachsen-Anhalt,3.48,hot_days
1980,Thueringen/Sachsen-Anhalt,1.88,hot_days
1981,Thueringen/Sachsen-Anhalt,2.52,hot_days
1982,Thueringen/Sachsen-Anhalt,7.26,hot_days
1983,Thueringen/Sachsen-Anhalt,10.25,hot_days
1984,Thueringen/Sachsen-Anhalt,3.38,hot_days
1985,Thueringen/Sachsen-Anhalt,2.51,hot_days
1986,Thueringen/Sachsen-Anhalt,5.66,hot_days
1987,Thueringen/Sachsen-Anhalt,1.63,hot_days
1988,Thueringen/Sachsen-Anhalt,2.65,hot_days
1989,Thueringen/Sachsen-Anhalt,6.13,hot_days
1990,Thueringen/Sachsen-Anhalt,6.94,hot_days
1991,Thueringen/Sachsen-Anhalt,5.78,hot_days
1992,Thueringen/Sachsen-Anhalt,10.67,hot_days
1993,Thueringen/Sachsen-Anhalt,1.52,hot_days
1994,Thueringen/Sachsen-Anhalt,18.11,hot_days
1995,Thueringen/Sachsen-Anhalt,12.52,hot_days
1996,Thueringen/Sachsen-Anhalt,3.47,hot_days
1997,Thueringen/Sachsen-Anhalt,6.5,hot_days
1998,Thueringen/Sachsen-Anhalt,7.23,hot_days
1999,Thueringen/Sachsen-Anhalt,5.44,hot_days
2000,Thueringen/Sachsen-Anhalt,6.46,hot_days
2001,Thueringen/Sachsen-Anhalt,8.4,hot_days
2002,Thueringen/Sachsen-Anhalt,7.01,hot_days
2003,Thueringen/Sachsen-Anhalt,21.11,hot_days
2004,Thueringen/Sachsen-Anhalt,4.29,hot_days
2005,Thueringen/Sachsen-Anhalt,9,hot_days
2006,Thueringen/Sachsen-Anhalt,16.6,hot_days
2007,Thueringen/Sachsen-Anhalt,6.03,hot_days
2008,Thueringen/Sachsen-Anhalt,10.23,hot_days
2009,Thueringen/Sachsen-Anhalt,4.85,hot_days
2010,Thueringen/Sachsen-Anhalt,10.76,hot_days
2011,Thueringen/Sachsen-Anhalt,4.17,hot_days
2012,Thueringen/Sachsen-Anhalt,8.7,hot_days
2013,Thueringen/Sachsen-Anhalt,11.43,hot_days
2014,Thueringen/Sachsen-Anhalt,7.87,hot_days
2015,Thueringen/Sachsen-Anhalt,17.73,hot_days
2016,Thueringen/Sachsen-Anhalt,12.46,hot_days
2017,Thueringen/Sachsen-Anhalt,5.91,hot_days
2018,Thueringen/Sachsen-Anhalt,25.06,hot_days
2019,Thueringen/Sachsen-Anhalt,20.05,hot_days
2020,Thueringen/Sachsen-Anhalt,12.21,hot_days
2021,Thueringen/Sachsen-Anhalt,5.27,hot_days
2022,Thueringen/Sachsen-Anhalt,18.34,hot_days
2023,Thueringen/Sachsen-Anhalt,10.62,hot_days
2024,Thueringen/Sachsen-Anhalt,16.22,hot_days
2025,Thueringen/Sachsen-Anhalt,11.75,hot_days
1951,Baden-Wuerttemberg,8.88,ice_days
1952,Baden-Wuerttemberg,33.33,ice_days
1953,Baden-Wuerttemberg,29.6,ice_days
1954,Baden-Wuerttemberg,32.09,ice_days
1955,Baden-Wuerttemberg,28.42,ice_days
1956,Baden-Wuerttemberg,45.18,ice_days
1957,Baden-Wuerttemberg,17.87,ice_days
1958,Baden-Wuerttemberg,21.57,ice_days
1959,Baden-Wuerttemberg,17.04,ice_days
1960,Baden-Wuerttemberg,22.15,ice_days
1961,Baden-Wuerttemberg,20.05,ice_days
1962,Baden-Wuerttemberg,33.35,ice_days
1963,Baden-Wuerttemberg,57.32,ice_days
1964,Baden-Wuerttemberg,33.51,ice_days
1965,Baden-Wuerttemberg,26.33,ice_days
1966,Baden-Wuerttemberg,21.94,ice_days
1967,Baden-Wuerttemberg,23.35,ice_days
1968,Baden-Wuerttemberg,32.31,ice_days
1969,Baden-Wuerttemberg,43.24,ice_days
1970,Baden-Wuerttemberg,33.27,ice_days
1971,Baden-Wuerttemberg,26.35,ice_days
1972,Baden-Wuerttemberg,21.89,ice_days
1973,Baden-Wuerttemberg,26.22,ice_days
1974,Baden-Wuerttemberg,6.9,ice_days
1975,Baden-Wuerttemberg,13.84,ice_days
1976,Baden-Wuerttemberg,27.84,ice_days
1977,Baden-Wuerttemberg,16.84,ice_days
1978,Baden-Wuerttemberg,31.38,ice_days
1979,Baden-Wuerttemberg,24.36,ice_days
1980,Baden-Wuerttemberg,30.65,ice_days
1981,Baden-Wuerttemberg,29.01,ice_days
1982,Baden-Wuerttemberg,19.83,ice_days
1983,Baden-Wuerttemberg,25.75,ice_days
1984,Baden-Wuerttemberg,19.01,ice_days
1985,Baden-Wuerttemberg,45.06,ice_days
1986,Baden-Wuerttemberg,36.51,ice_days
1987,Baden-Wuerttemberg,39.37,ice_days
1988,Baden-Wuerttemberg,11.05,ice_days
1989,Baden-Wuerttemberg,12.54,ice_days
1990,Baden-Wuerttemberg,15.89,ice_days
1991,Baden-Wuerttemberg,28.62,ice_days
1992,Baden-Wuerttemberg,16.66,ice_days
1993,Baden-Wuerttemberg,26.79,ice_days
1994,Baden-Wuerttemberg,10.64,ice_days
1995,Baden-Wuerttemberg,22.35,ice_days
1996,Baden-Wuerttemberg,37.4,ice_days
1997,Baden-Wuerttemberg,20.67,ice_days
1998,Baden-Wuerttemberg,23.77,ice_days
1999,Baden-Wuerttemberg,22.09,ice_days
2000,Baden-Wuerttemberg,10.36,ice_days
2001,Baden-Wuerttemberg,16.45,ice_days
2002,Baden-Wuerttemberg,16.06,ice_days
2003,Baden-Wuerttemberg,23.79,ice_days
2004,Baden-Wuerttemberg,22.48,ice_days
2005,Baden-Wuerttemberg,32.85,ice_days
2006,Baden-Wuerttemberg,25.78,ice_days
2007,Baden-Wuerttemberg,14.77,ice_days
2008,Baden-Wuerttemberg,12.5,ice_days
2009,Baden-Wuerttemberg,27.69,ice_days
2010,Baden-Wuerttemberg,48.91,ice_days
2011,Baden-Wuerttemberg,16.1,ice_days
2012,Baden-Wuerttemberg,25.06,ice_days
2013,Baden-Wuerttemberg,28.43,ice_days
2014,Baden-Wuerttemberg,5.78,ice_days
2015,Baden-Wuerttemberg,10.27,ice_days
2016,Baden-Wuerttemberg,11.32,ice_days
2017,Baden-Wuerttemberg,21.97,ice_days
2018,Baden-Wuerttemberg,16.27,ice_days
2019,Baden-Wuerttemberg,10.48,ice_days
2020,Baden-Wuerttemberg,5.91,ice_days
2021,Baden-Wuerttemberg,15.44,ice_days
2022,Baden-Wuerttemberg,11.5,ice_days
2023,Baden-Wuerttemberg,10.25,ice_days
2024,Baden-Wuerttemberg,11.94,ice_days
2025,Baden-Wuerttemberg,12.06,ice_days
1951,Bayern,14.68,ice_days
1952,Bayern,42.19,ice_days
1953,Bayern,38.04,ice_days
1954,Bayern,39.97,ice_days
1955,Bayern,41.07,ice_days
1956,Bayern,54.41,ice_days
1957,Bayern,24.76,ice_days
1958,Bayern,30.41,ice_days
1959,Bayern,24.13,ice_days
1960,Bayern,29.75,ice_days
1961,Bayern,28.06,ice_days
1962,Bayern,45.17,ice_days
1963,Bayern,67.79,ice_days
1964,Bayern,44.34,ice_days
1965,Bayern,35.82,ice_days
1966,Bayern,28.33,ice_days
1967,Bayern,28.54,ice_days
1968,Bayern,42.14,ice_days
1969,Bayern,50.82,ice_days
1970,Bayern,45.06,ice_days
1971,Bayern,32.07,ice_days
1972,Bayern,30.82,ice_days
1973,Bayern,33.65,ice_days
1974,Bayern,8.91,ice_days
1975,Bayern,17.7,ice_days
1976,Bayern,35.8,ice_days
1977,Bayern,23.75,ice_days
1978,Bayern,38.49,ice_days
1979,Bayern,27.77,ice_days
1980,Bayern,37.91,ice_days
1981,Bayern,42.54,ice_days
1982,Bayern,28.05,ice_days
1983,Bayern,33.64,ice_days
1984,Bayern,25.43,ice_days
1985,Bayern,50.82,ice_days
1986,Bayern,42.47,ice_days
1987,Bayern,46.7,ice_days
1988,Bayern,16.02,ice_days
1989,Bayern,22.54,ice_days
1990,Bayern,23.12,ice_days
1991,Bayern,32.89,ice_days
1992,Bayern,22.45,ice_days
1993,Bayern,35.55,ice_days
1994,Bayern,15.93,ice_days
1995,Bayern,33.12,ice_days
1996,Bayern,52.26,ice_days
1997,Bayern,25.12,ice_days
1998,Bayern,31.02,ice_days
1999,Bayern,27.73,ice_days
2000,Bayern,17.09,ice_days
2001,Bayern,25.26,ice_days
2002,Bayern,23.99,ice_days
2003,Bayern,28.69,ice_days
2004,Bayern,30.02,ice_days
2005,Bayern,39.37,ice_days
2006,Bayern,33.61,ice_days
2007,Bayern,18.27,ice_days
2008,Bayern,14.38,ice_days
2009,Bayern,34.05,ice_days
2010,Bayern,60.79,ice_days
2011,Bayern,21.62,ice_days
2012,Bayern,30.55,ice_days
2013,Bayern,35.22,ice_days
2014,Bayern,8.78,ice_days
2015,Bayern,13.14,ice_days
2016,Bayern,17.45,ice_days
2017,Bayern,26.68,ice_days
2018,Bayern,20.94,ice_days
2019,Bayern,13.96,ice_days
2020,Bayern,9.16,ice_days
2021,Bayern,20.58,ice_days
2022,Bayern,14.41,ice_days
2023,Bayern,14.46,ice_days
2024,Bayern,16.03,ice_days
2025,Bayern,17.01,ice_days
1951,Brandenburg,13.17,ice_days
1952,Brandenburg,19.92,ice_days
1953,Brandenburg,17.48,ice_days
1954,Brandenburg,38.95,ice_days
1955,Brandenburg,31.21,ice_days
1956,Brandenburg,43.49,ice_days
1957,Brandenburg,9.84,ice_days
1958,Brandenburg,11.54,ice_days
1959,Brandenburg,19.56,ice_days
1960,Brandenburg,20.92,ice_days
1961,Brandenburg,20.39,ice_days
1962,Brandenburg,29.82,ice_days
1963,Brandenburg,62.91,ice_days
1964,Brandenburg,32.08,ice_days
1965,Brandenburg,25.57,ice_days
1966,Brandenburg,33.04,ice_days
1967,Brandenburg,11.74,ice_days
1968,Brandenburg,28.7,ice_days
1969,Brandenburg,52.78,ice_days
1970,Brandenburg,41.3,ice_days
1971,Brandenburg,18.73,ice_days
1972,Brandenburg,21.47,ice_days
1973,Brandenburg,12.41,ice_days
1974,Brandenburg,0.98,ice_days
1975,Brandenburg,7.43,ice_days
1976,Brandenburg,27.25,ice_days
1977,Brandenburg,9.69,ice_days
1978,Brandenburg,27.75,ice_days
1979,Brandenburg,35.59,ice_days
1980,Brandenburg,34.34,ice_days
1981,Brandenburg,31.96,ice_days
1982,Brandenburg,22.08,ice_days
1983,Brandenburg,17.04,ice_days
1984,Brandenburg,19.09,ice_days
1985,Brandenburg,48.85,ice_days
1986,Brandenburg,39.57,ice_days
1987,Brandenburg,43.08,ice_days
1988,Brandenburg,7.28,ice_days
1989,Brandenburg,8.5,ice_days
1990,Brandenburg,7.5,ice_days
1991,Brandenburg,18.2,ice_days
1992,Brandenburg,13.12,ice_days
1993,Brandenburg,23.6,ice_days
1994,Brandenburg,10.78,ice_days
1995,Brandenburg,24.35,ice_days
1996,Brandenburg,50.85,ice_days
1997,Brandenburg,16.63,ice_days
1998,Brandenburg,20.68,ice_days
1999,Brandenburg,9.06,ice_days
2000,Brandenburg,10.21,ice_days
2001,Brandenburg,15.54,ice_days
2002,Brandenburg,22.54,ice_days
2003,Brandenburg,20.22,ice_days
2004,Brandenburg,13.75,ice_days
2005,Brandenburg,17.41,ice_days
2006,Brandenburg,23.32,ice_days
2007,Brandenburg,8.52,ice_days
2008,Brandenburg,6.24,ice_days
2009,Brandenburg,25.36,ice_days
2010,Brandenburg,61.37,ice_days
2011,Brandenburg,13.23,ice_days
2012,Brandenburg,26.38,ice_days
2013,Brandenburg,26.96,ice_days
2014,Brandenburg,17.45,ice_days
2015,Brandenburg,2.32,ice_days
2016,Brandenburg,12.3,ice_days
2017,Brandenburg,15.38,ice_days
2018,Brandenburg,10.97,ice_days
2019,Brandenburg,4.43,ice_days
2020,Brandenburg,0.41,ice_days
2021,Brandenburg,16.43,ice_days
2022,Brandenburg,10.26,ice_days
2023,Brandenburg,6.17,ice_days
2024,Brandenburg,6.49,ice_days
2025,Brandenburg,5.69,ice_days
1951,Brandenburg/Berlin,13.11,ice_days
1952,Brandenburg/Berlin,19.88,ice_days
1953,Brandenburg/Berlin,17.43,ice_days
1954,Brandenburg/Berlin,38.95,ice_days
1955,Brandenburg/Berlin,31.17,ice_days
1956,Brandenburg/Berlin,43.42,ice_days
1957,Brandenburg/Berlin,9.82,ice_days
1958,Brandenburg/Berlin,11.45,ice_days
1959,Brandenburg/Berlin,19.46,ice_days
1960,Brandenburg/Berlin,20.92,ice_days
1961,Brandenburg/Berlin,20.37,ice_days
1962,Brandenburg/Berlin,29.79,ice_days
1963,Brandenburg/Berlin,62.84,ice_days
1964,Brandenburg/Berlin,32.01,ice_days
1965,Brandenburg/Berlin,25.51,ice_days
1966,Brandenburg/Berlin,33.04,ice_days
1967,Brandenburg/Berlin,11.71,ice_days
1968,Brandenburg/Berlin,28.66,ice_days
1969,Brandenburg/Berlin,52.77,ice_days
1970,Brandenburg/Berlin,41.28,ice_days
1971,Brandenburg/Berlin,18.69,ice_days
1972,Brandenburg/Berlin,21.45,ice_days
1973,Brandenburg/Berlin,12.37,ice_days
1974,Brandenburg/Berlin,0.96,ice_days
1975,Brandenburg/Berlin,7.39,ice_days
1976,Brandenburg/Berlin,27.21,ice_days
1977,Brandenburg/Berlin,9.65,ice_days
1978,Brandenburg/Berlin,27.68,ice_days
1979,Brandenburg/Berlin,35.45,ice_days
1980,Brandenburg/Berlin,34.25,ice_days
1981,Brandenburg/Berlin,31.86,ice_days
1982,Brandenburg/Berlin,22.04,ice_days
1983,Brandenburg/Berlin,16.95,ice_days
1984,Brandenburg/Berlin,19.04,ice_days
1985,Brandenburg/Berlin,48.74,ice_days
1986,Brandenburg/Berlin,39.51,ice_days
1987,Brandenburg/Berlin,43,ice_days
1988,Brandenburg/Berlin,7.26,ice_days
1989,Brandenburg/Berlin,8.47,ice_days
1990,Brandenburg/Berlin,7.45,ice_days
1991,Brandenburg/Berlin,18.17,ice_days
1992,Brandenburg/Berlin,13.08,ice_days
1993,Brandenburg/Berlin,23.57,ice_days
1994,Brandenburg/Berlin,10.76,ice_days
1995,Brandenburg/Berlin,24.28,ice_days
1996,Brandenburg/Berlin,50.73,ice_days
1997,Brandenburg/Berlin,16.59,ice_days
1998,Brandenburg/Berlin,20.68,ice_days
1999,Brandenburg/Berlin,9.02,ice_days
2000,Brandenburg/Berlin,10.21,ice_days
2001,Brandenburg/Berlin,15.46,ice_days
2002,Brandenburg/Berlin,22.52,ice_days
2003,Brandenburg/Berlin,20.14,ice_days
2004,Brandenburg/Berlin,13.73,ice_days
2005,Brandenburg/Berlin,17.3,ice_days
2006,Brandenburg/Berlin,23.26,ice_days
2007,Brandenburg/Berlin,8.48,ice_days
2008,Brandenburg/Berlin,6.24,ice_days
2009,Brandenburg/Berlin,25.35,ice_days
2010,Brandenburg/Berlin,61.29,ice_days
2011,Brandenburg/Berlin,13.19,ice_days
2012,Brandenburg/Berlin,26.38,ice_days
2013,Brandenburg/Berlin,26.89,ice_days
2014,Brandenburg/Berlin,17.47,ice_days
2015,Brandenburg/Berlin,2.28,ice_days
2016,Brandenburg/Berlin,12.27,ice_days
2017,Brandenburg/Berlin,15.33,ice_days
2018,Brandenburg/Berlin,10.89,ice_days
2019,Brandenburg/Berlin,4.4,ice_days
2020,Brandenburg/Berlin,0.4,ice_days
2021,Brandenburg/Berlin,16.39,ice_days
2022,Brandenburg/Berlin,10.3,ice_days
2023,Brandenburg/Berlin,6.16,ice_days
2024,Brandenburg/Berlin,6.47,ice_days
2025,Brandenburg/Berlin,5.69,ice_days
1951,Deutschland,9.81,ice_days
1952,Deutschland,25.7,ice_days
1953,Deutschland,23.4,ice_days
1954,Deutschland,33.25,ice_days
1955,Deutschland,31.93,ice_days
1956,Deutschland,43.89,ice_days
1957,Deutschland,14.26,ice_days
1958,Deutschland,18.98,ice_days
1959,Deutschland,18.5,ice_days
1960,Deutschland,21.57,ice_days
1961,Deutschland,20.91,ice_days
1962,Deutschland,32.28,ice_days
1963,Deutschland,62.42,ice_days
1964,Deutschland,32.72,ice_days
1965,Deutschland,25.37,ice_days
1966,Deutschland,26.48,ice_days
1967,Deutschland,17.16,ice_days
1968,Deutschland,30.9,ice_days
1969,Deutschland,46.02,ice_days
1970,Deutschland,37.82,ice_days
1971,Deutschland,22.48,ice_days
1972,Deutschland,21.92,ice_days
1973,Deutschland,18.07,ice_days
1974,Deutschland,4.44,ice_days
1975,Deutschland,9.69,ice_days
1976,Deutschland,27.12,ice_days
1977,Deutschland,13.74,ice_days
1978,Deutschland,29.2,ice_days
1979,Deutschland,31.11,ice_days
1980,Deutschland,30.73,ice_days
1981,Deutschland,32.04,ice_days
1982,Deutschland,20.55,ice_days
1983,Deutschland,21.47,ice_days
1984,Deutschland,17.03,ice_days
1985,Deutschland,46.14,ice_days
1986,Deutschland,37.87,ice_days
1987,Deutschland,40.47,ice_days
1988,Deutschland,9.13,ice_days
1989,Deutschland,10.75,ice_days
1990,Deutschland,11.46,ice_days
1991,Deutschland,22.34,ice_days
1992,Deutschland,13.98,ice_days
1993,Deutschland,24.71,ice_days
1994,Deutschland,11.3,ice_days
1995,Deutschland,24.2,ice_days
1996,Deutschland,46.63,ice_days
1997,Deutschland,18.98,ice_days
1998,Deutschland,20.68,ice_days
1999,Deutschland,14.99,ice_days
2000,Deutschland,9.95,ice_days
2001,Deutschland,16.95,ice_days
2002,Deutschland,18.08,ice_days
2003,Deutschland,21.07,ice_days
2004,Deutschland,17.3,ice_days
2005,Deutschland,24.32,ice_days
2006,Deutschland,22.83,ice_days
2007,Deutschland,10.97,ice_days
2008,Deutschland,9.23,ice_days
2009,Deutschland,24.38,ice_days
2010,Deutschland,56.69,ice_days
2011,Deutschland,14.49,ice_days
2012,Deutschland,24.52,ice_days
2013,Deutschland,28.53,ice_days
2014,Deutschland,9.86,ice_days
2015,Deutschland,6.65,ice_days
2016,Deutschland,11.98,ice_days
2017,Deutschland,16.63,ice_days
2018,Deutschland,14.64,ice_days
2019,Deutschland,7.69,ice_days
2020,Deutschland,3.71,ice_days
2021,Deutschland,15.7,ice_days
2022,Deutschland,10.4,ice_days
2023,Deutschland,8.51,ice_days
2024,Deutschland,9.39,ice_days
2025,Deutschland,9.19,ice_days
1951,Hessen,9.57,ice_days
1952,Hessen,26.79,ice_days
1953,Hessen,22.44,ice_days
1954,Hessen,30.32,ice_days
1955,Hessen,32.86,ice_days
1956,Hessen,44.65,ice_days
1957,Hessen,15.19,ice_days
1958,Hessen,19.84,ice_days
1959,Hessen,14.94,ice_days
1960,Hessen,21.17,ice_days
1961,Hessen,21.4,ice_days
1962,Hessen,33.35,ice_days
1963,Hessen,63.87,ice_days
1964,Hessen,32.28,ice_days
1965,Hessen,23.89,ice_days
1966,Hessen,22.16,ice_days
1967,Hessen,17.3,ice_days
1968,Hessen,31.85,ice_days
1969,Hessen,44.25,ice_days
1970,Hessen,35.53,ice_days
1971,Hessen,23.64,ice_days
1972,Hessen,21.33,ice_days
1973,Hessen,17.86,ice_days
1974,Hessen,4.43,ice_days
1975,Hessen,9.47,ice_days
1976,Hessen,26.3,ice_days
1977,Hessen,12.46,ice_days
1978,Hessen,28,ice_days
1979,Hessen,29.29,ice_days
1980,Hessen,29.03,ice_days
1981,Hessen,32.48,ice_days
1982,Hessen,20.44,ice_days
1983,Hessen,23.43,ice_days
1984,Hessen,11.89,ice_days
1985,Hessen,46.32,ice_days
1986,Hessen,36.19,ice_days
1987,Hessen,40,ice_days
1988,Hessen,7.71,ice_days
1989,Hessen,10.23,ice_days
1990,Hessen,12.34,ice_days
1991,Hessen,24.08,ice_days
1992,Hessen,12.93,ice_days
1993,Hessen,25.98,ice_days
1994,Hessen,9.79,ice_days
1995,Hessen,22.05,ice_days
1996,Hessen,44.74,ice_days
1997,Hessen,19.38,ice_days
1998,Hessen,19.85,ice_days
1999,Hessen,14.78,ice_days
2000,Hessen,9.25,ice_days
2001,Hessen,14.07,ice_days
2002,Hessen,18.16,ice_days
2003,Hessen,18.38,ice_days
2004,Hessen,16.18,ice_days
2005,Hessen,23.58,ice_days
2006,Hessen,20.67,ice_days
2007,Hessen,11.57,ice_days
2008,Hessen,9.87,ice_days
2009,Hessen,26.01,ice_days
2010,Hessen,56.07,ice_days
2011,Hessen,12.46,ice_days
2012,Hessen,22.61,ice_days
2013,Hessen,29.98,ice_days
2014,Hessen,5.68,ice_days
2015,Hessen,7.22,ice_days
2016,Hessen,12.38,ice_days
2017,Hessen,15.74,ice_days
2018,Hessen,15.99,ice_days
2019,Hessen,7.61,ice_days
2020,Hessen,3.74,ice_days
2021,Hessen,13.94,ice_days
2022,Hessen,11.44,ice_days
2023,Hessen,8.03,ice_days
2024,Hessen,11.29,ice_days
2025,Hessen,8.8,ice_days
1951,Mecklenburg-Vorpommern,13.18,ice_days
1952,Mecklenburg-Vorpommern,14.72,ice_days
1953,Mecklenburg-Vorpommern,15.97,ice_days
1954,Mecklenburg-Vorpommern,35.19,ice_days
1955,Mecklenburg-Vorpommern,32.05,ice_days
1956,Mecklenburg-Vorpommern,38.96,ice_days
1957,Mecklenburg-Vorpommern,8.85,ice_days
1958,Mecklenburg-Vorpommern,19.57,ice_days
1959,Mecklenburg-Vorpommern,22.94,ice_days
1960,Mecklenburg-Vorpommern,20.74,ice_days
1961,Mecklenburg-Vorpommern,19.71,ice_days
1962,Mecklenburg-Vorpommern,28.89,ice_days
1963,Mecklenburg-Vorpommern,64.38,ice_days
1964,Mecklenburg-Vorpommern,31.82,ice_days
1965,Mecklenburg-Vorpommern,23.25,ice_days
1966,Mecklenburg-Vorpommern,32.65,ice_days
1967,Mecklenburg-Vorpommern,10.81,ice_days
1968,Mecklenburg-Vorpommern,27.33,ice_days
1969,Mecklenburg-Vorpommern,55.24,ice_days
1970,Mecklenburg-Vorpommern,43.62,ice_days
1971,Mecklenburg-Vorpommern,18.47,ice_days
1972,Mecklenburg-Vorpommern,24.5,ice_days
1973,Mecklenburg-Vorpommern,9.78,ice_days
1974,Mecklenburg-Vorpommern,1.64,ice_days
1975,Mecklenburg-Vorpommern,5.13,ice_days
1976,Mecklenburg-Vorpommern,28.37,ice_days
1977,Mecklenburg-Vorpommern,10.72,ice_days
1978,Mecklenburg-Vorpommern,28.92,ice_days
1979,Mecklenburg-Vorpommern,45.55,ice_days
1980,Mecklenburg-Vorpommern,34.8,ice_days
1981,Mecklenburg-Vorpommern,31.75,ice_days
1982,Mecklenburg-Vorpommern,27.04,ice_days
1983,Mecklenburg-Vorpommern,15.23,ice_days
1984,Mecklenburg-Vorpommern,18.62,ice_days
1985,Mecklenburg-Vorpommern,49.74,ice_days
1986,Mecklenburg-Vorpommern,40.35,ice_days
1987,Mecklenburg-Vorpommern,42.4,ice_days
1988,Mecklenburg-Vorpommern,6.54,ice_days
1989,Mecklenburg-Vorpommern,7.76,ice_days
1990,Mecklenburg-Vorpommern,5.17,ice_days
1991,Mecklenburg-Vorpommern,16.53,ice_days
1992,Mecklenburg-Vorpommern,11.07,ice_days
1993,Mecklenburg-Vorpommern,18.76,ice_days
1994,Mecklenburg-Vorpommern,12.37,ice_days
1995,Mecklenburg-Vorpommern,23.57,ice_days
1996,Mecklenburg-Vorpommern,54.22,ice_days
1997,Mecklenburg-Vorpommern,19.1,ice_days
1998,Mecklenburg-Vorpommern,18.36,ice_days
1999,Mecklenburg-Vorpommern,10.08,ice_days
2000,Mecklenburg-Vorpommern,9.51,ice_days
2001,Mecklenburg-Vorpommern,15.73,ice_days
2002,Mecklenburg-Vorpommern,18.98,ice_days
2003,Mecklenburg-Vorpommern,21.75,ice_days
2004,Mecklenburg-Vorpommern,13.52,ice_days
2005,Mecklenburg-Vorpommern,14.23,ice_days
2006,Mecklenburg-Vorpommern,22.36,ice_days
2007,Mecklenburg-Vorpommern,6.51,ice_days
2008,Mecklenburg-Vorpommern,4.78,ice_days
2009,Mecklenburg-Vorpommern,18.73,ice_days
2010,Mecklenburg-Vorpommern,61.51,ice_days
2011,Mecklenburg-Vorpommern,15.24,ice_days
2012,Mecklenburg-Vorpommern,25.41,ice_days
2013,Mecklenburg-Vorpommern,23.28,ice_days
2014,Mecklenburg-Vorpommern,17.28,ice_days
2015,Mecklenburg-Vorpommern,3.13,ice_days
2016,Mecklenburg-Vorpommern,11.91,ice_days
2017,Mecklenburg-Vorpommern,10.9,ice_days
2018,Mecklenburg-Vorpommern,12.24,ice_days
2019,Mecklenburg-Vorpommern,5.61,ice_days
2020,Mecklenburg-Vorpommern,0.6,ice_days
2021,Mecklenburg-Vorpommern,17.39,ice_days
2022,Mecklenburg-Vorpommern,9.66,ice_days
2023,Mecklenburg-Vorpommern,6.95,ice_days
2024,Mecklenburg-Vorpommern,5.16,ice_days
2025,Mecklenburg-Vorpommern,4.69,ice_days
1951,Niedersachsen,4.57,ice_days
1952,Niedersachsen,15.65,ice_days
1953,Niedersachsen,14.28,ice_days
1954,Niedersachsen,28.44,ice_days
1955,Niedersachsen,26.8,ice_days
1956,Niedersachsen,35.83,ice_days
1957,Niedersachsen,8.07,ice_days
1958,Niedersachsen,11.8,ice_days
1959,Niedersachsen,16.11,ice_days
1960,Niedersachsen,15.24,ice_days
1961,Niedersachsen,17.34,ice_days
1962,Niedersachsen,25.35,ice_days
1963,Niedersachsen,60.71,ice_days
1964,Niedersachsen,26.81,ice_days
1965,Niedersachsen,18.12,ice_days
1966,Niedersachsen,27.23,ice_days
1967,Niedersachsen,8.92,ice_days
1968,Niedersachsen,22.87,ice_days
1969,Niedersachsen,40.82,ice_days
1970,Niedersachsen,33.52,ice_days
1971,Niedersachsen,15.79,ice_days
1972,Niedersachsen,16.39,ice_days
1973,Niedersachsen,7.36,ice_days
1974,Niedersachsen,1.23,ice_days
1975,Niedersachsen,2.96,ice_days
1976,Niedersachsen,20.15,ice_days
1977,Niedersachsen,7.33,ice_days
1978,Niedersachsen,24.57,ice_days
1979,Niedersachsen,31.98,ice_days
1980,Niedersachsen,23.39,ice_days
1981,Niedersachsen,24.36,ice_days
1982,Niedersachsen,14.21,ice_days
1983,Niedersachsen,12.83,ice_days
1984,Niedersachsen,10.19,ice_days
1985,Niedersachsen,39.7,ice_days
1986,Niedersachsen,34,ice_days
1987,Niedersachsen,32.93,ice_days
1988,Niedersachsen,4.12,ice_days
1989,Niedersachsen,5.67,ice_days
1990,Niedersachsen,4.43,ice_days
1991,Niedersachsen,14.58,ice_days
1992,Niedersachsen,9.51,ice_days
1993,Niedersachsen,17.17,ice_days
1994,Niedersachsen,9.71,ice_days
1995,Niedersachsen,19.4,ice_days
1996,Niedersachsen,45.44,ice_days
1997,Niedersachsen,14.5,ice_days
1998,Niedersachsen,12.83,ice_days
1999,Niedersachsen,6.2,ice_days
2000,Niedersachsen,6.11,ice_days
2001,Niedersachsen,13.43,ice_days
2002,Niedersachsen,14.15,ice_days
2003,Niedersachsen,15.02,ice_days
2004,Niedersachsen,6.59,ice_days
2005,Niedersachsen,13.32,ice_days
2006,Niedersachsen,13.16,ice_days
2007,Niedersachsen,6.77,ice_days
2008,Niedersachsen,5.5,ice_days
2009,Niedersachsen,16.6,ice_days
2010,Niedersachsen,54.36,ice_days
2011,Niedersachsen,9.8,ice_days
2012,Niedersachsen,19.3,ice_days
2013,Niedersachsen,22.23,ice_days
2014,Niedersachsen,10.49,ice_days
2015,Niedersachsen,2.45,ice_days
2016,Niedersachsen,9.55,ice_days
2017,Niedersachsen,9.92,ice_days
2018,Niedersachsen,9.68,ice_days
2019,Niedersachsen,3.44,ice_days
2020,Niedersachsen,1.02,ice_days
2021,Niedersachsen,13.09,ice_days
2022,Niedersachsen,6.54,ice_days
2023,Niedersachsen,3.97,ice_days
2024,Niedersachsen,4.81,ice_days
2025,Niedersachsen,5.74,ice_days
1951,Niedersachsen/Hamburg/Bremen,4.55,ice_days
1952,Niedersachsen/Hamburg/Bremen,15.57,ice_days
1953,Niedersachsen/Hamburg/Bremen,14.23,ice_days
1954,Niedersachsen/Hamburg/Bremen,28.46,ice_days
1955,Niedersachsen/Hamburg/Bremen,26.77,ice_days
1956,Niedersachsen/Hamburg/Bremen,35.78,ice_days
1957,Niedersachsen/Hamburg/Bremen,8.01,ice_days
1958,Niedersachsen/Hamburg/Bremen,11.81,ice_days
1959,Niedersachsen/Hamburg/Bremen,16.16,ice_days
1960,Niedersachsen/Hamburg/Bremen,15.22,ice_days
1961,Niedersachsen/Hamburg/Bremen,17.34,ice_days
1962,Niedersachsen/Hamburg/Bremen,25.27,ice_days
1963,Niedersachsen/Hamburg/Bremen,60.65,ice_days
1964,Niedersachsen/Hamburg/Bremen,26.75,ice_days
1965,Niedersachsen/Hamburg/Bremen,18,ice_days
1966,Niedersachsen/Hamburg/Bremen,27.26,ice_days
1967,Niedersachsen/Hamburg/Bremen,8.89,ice_days
1968,Niedersachsen/Hamburg/Bremen,22.77,ice_days
1969,Niedersachsen/Hamburg/Bremen,40.86,ice_days
1970,Niedersachsen/Hamburg/Bremen,33.53,ice_days
1971,Niedersachsen/Hamburg/Bremen,15.77,ice_days
1972,Niedersachsen/Hamburg/Bremen,16.41,ice_days
1973,Niedersachsen/Hamburg/Bremen,7.34,ice_days
1974,Niedersachsen/Hamburg/Bremen,1.21,ice_days
1975,Niedersachsen/Hamburg/Bremen,2.92,ice_days
1976,Niedersachsen/Hamburg/Bremen,20.1,ice_days
1977,Niedersachsen/Hamburg/Bremen,7.31,ice_days
1978,Niedersachsen/Hamburg/Bremen,24.54,ice_days
1979,Niedersachsen/Hamburg/Bremen,32.01,ice_days
1980,Niedersachsen/Hamburg/Bremen,23.4,ice_days
1981,Niedersachsen/Hamburg/Bremen,24.34,ice_days
1982,Niedersachsen/Hamburg/Bremen,14.29,ice_days
1983,Niedersachsen/Hamburg/Bremen,12.77,ice_days
1984,Niedersachsen/Hamburg/Bremen,10.19,ice_days
1985,Niedersachsen/Hamburg/Bremen,39.68,ice_days
1986,Niedersachsen/Hamburg/Bremen,33.97,ice_days
1987,Niedersachsen/Hamburg/Bremen,32.86,ice_days
1988,Niedersachsen/Hamburg/Bremen,4.1,ice_days
1989,Niedersachsen/Hamburg/Bremen,5.7,ice_days
1990,Niedersachsen/Hamburg/Bremen,4.41,ice_days
1991,Niedersachsen/Hamburg/Bremen,14.55,ice_days
1992,Niedersachsen/Hamburg/Bremen,9.46,ice_days
1993,Niedersachsen/Hamburg/Bremen,17.1,ice_days
1994,Niedersachsen/Hamburg/Bremen,9.7,ice_days
1995,Niedersachsen/Hamburg/Bremen,19.38,ice_days
1996,Niedersachsen/Hamburg/Bremen,45.39,ice_days
1997,Niedersachsen/Hamburg/Bremen,14.51,ice_days
1998,Niedersachsen/Hamburg/Bremen,12.79,ice_days
1999,Niedersachsen/Hamburg/Bremen,6.15,ice_days
2000,Niedersachsen/Hamburg/Bremen,6.11,ice_days
2001,Niedersachsen/Hamburg/Bremen,13.47,ice_days
2002,Niedersachsen/Hamburg/Bremen,14.17,ice_days
2003,Niedersachsen/Hamburg/Bremen,15,ice_days
2004,Niedersachsen/Hamburg/Bremen,6.59,ice_days
2005,Niedersachsen/Hamburg/Bremen,13.26,ice_days
2006,Niedersachsen/Hamburg/Bremen,13.15,ice_days
2007,Niedersachsen/Hamburg/Bremen,6.74,ice_days
2008,Niedersachsen/Hamburg/Bremen,5.48,ice_days
2009,Niedersachsen/Hamburg/Bremen,16.53,ice_days
2010,Niedersachsen/Hamburg/Bremen,54.34,ice_days
2011,Niedersachsen/Hamburg/Bremen,9.8,ice_days
2012,Niedersachsen/Hamburg/Bremen,19.31,ice_days
2013,Niedersachsen/Hamburg/Bremen,22.15,ice_days
2014,Niedersachsen/Hamburg/Bremen,10.54,ice_days
2015,Niedersachsen/Hamburg/Bremen,2.43,ice_days
2016,Niedersachsen/Hamburg/Bremen,9.57,ice_days
2017,Niedersachsen/Hamburg/Bremen,9.86,ice_days
2018,Niedersachsen/Hamburg/Bremen,9.64,ice_days
2019,Niedersachsen/Hamburg/Bremen,3.43,ice_days
2020,Niedersachsen/Hamburg/Bremen,1,ice_days
2021,Niedersachsen/Hamburg/Bremen,13.05,ice_days
2022,Niedersachsen/Hamburg/Bremen,6.53,ice_days
2023,Niedersachsen/Hamburg/Bremen,3.96,ice_days
2024,Niedersachsen/Hamburg/Bremen,4.79,ice_days
2025,Niedersachsen/Hamburg/Bremen,5.69,ice_days
1951,Nordrhein-Westfalen,3.03,ice_days
1952,Nordrhein-Westfalen,11.78,ice_days
1953,Nordrhein-Westfalen,15.71,ice_days
1954,Nordrhein-Westfalen,21.28,ice_days
1955,Nordrhein-Westfalen,20.32,ice_days
1956,Nordrhein-Westfalen,33.72,ice_days
1957,Nordrhein-Westfalen,8.2,ice_days
1958,Nordrhein-Westfalen,10.72,ice_days
1959,Nordrhein-Westfalen,9.49,ice_days
1960,Nordrhein-Westfalen,13.85,ice_days
1961,Nordrhein-Westfalen,15.25,ice_days
1962,Nordrhein-Westfalen,23,ice_days
1963,Nordrhein-Westfalen,54.2,ice_days
1964,Nordrhein-Westfalen,18.19,ice_days
1965,Nordrhein-Westfalen,16.47,ice_days
1966,Nordrhein-Westfalen,16.99,ice_days
1967,Nordrhein-Westfalen,11.02,ice_days
1968,Nordrhein-Westfalen,20.32,ice_days
1969,Nordrhein-Westfalen,28.22,ice_days
1970,Nordrhein-Westfalen,26.04,ice_days
1971,Nordrhein-Westfalen,16.22,ice_days
1972,Nordrhein-Westfalen,11.11,ice_days
1973,Nordrhein-Westfalen,7.69,ice_days
1974,Nordrhein-Westfalen,2.28,ice_days
1975,Nordrhein-Westfalen,4.93,ice_days
1976,Nordrhein-Westfalen,16.65,ice_days
1977,Nordrhein-Westfalen,5.97,ice_days
1978,Nordrhein-Westfalen,19.79,ice_days
1979,Nordrhein-Westfalen,25.39,ice_days
1980,Nordrhein-Westfalen,18.62,ice_days
1981,Nordrhein-Westfalen,19.12,ice_days
1982,Nordrhein-Westfalen,10.7,ice_days
1983,Nordrhein-Westfalen,11.72,ice_days
1984,Nordrhein-Westfalen,5.64,ice_days
1985,Nordrhein-Westfalen,39,ice_days
1986,Nordrhein-Westfalen,29.01,ice_days
1987,Nordrhein-Westfalen,30.23,ice_days
1988,Nordrhein-Westfalen,3.46,ice_days
1989,Nordrhein-Westfalen,3.08,ice_days
1990,Nordrhein-Westfalen,4.46,ice_days
1991,Nordrhein-Westfalen,15.04,ice_days
1992,Nordrhein-Westfalen,6.9,ice_days
1993,Nordrhein-Westfalen,15.35,ice_days
1994,Nordrhein-Westfalen,6.39,ice_days
1995,Nordrhein-Westfalen,14.94,ice_days
1996,Nordrhein-Westfalen,34.93,ice_days
1997,Nordrhein-Westfalen,14.13,ice_days
1998,Nordrhein-Westfalen,10.58,ice_days
1999,Nordrhein-Westfalen,6.83,ice_days
2000,Nordrhein-Westfalen,3.88,ice_days
2001,Nordrhein-Westfalen,8.31,ice_days
2002,Nordrhein-Westfalen,7.73,ice_days
2003,Nordrhein-Westfalen,12.96,ice_days
2004,Nordrhein-Westfalen,8.42,ice_days
2005,Nordrhein-Westfalen,15.56,ice_days
2006,Nordrhein-Westfalen,10.95,ice_days
2007,Nordrhein-Westfalen,5.65,ice_days
2008,Nordrhein-Westfalen,5.11,ice_days
2009,Nordrhein-Westfalen,16.03,ice_days
2010,Nordrhein-Westfalen,47.43,ice_days
2011,Nordrhein-Westfalen,6.44,ice_days
2012,Nordrhein-Westfalen,17.6,ice_days
2013,Nordrhein-Westfalen,22.72,ice_days
2014,Nordrhein-Westfalen,3.36,ice_days
2015,Nordrhein-Westfalen,3.27,ice_days
2016,Nordrhein-Westfalen,4.88,ice_days
2017,Nordrhein-Westfalen,8.46,ice_days
2018,Nordrhein-Westfalen,9.8,ice_days
2019,Nordrhein-Westfalen,4.36,ice_days
2020,Nordrhein-Westfalen,1.94,ice_days
2021,Nordrhein-Westfalen,9.67,ice_days
2022,Nordrhein-Westfalen,6.46,ice_days
2023,Nordrhein-Westfalen,4.34,ice_days
2024,Nordrhein-Westfalen,6.42,ice_days
2025,Nordrhein-Westfalen,5.33,ice_days
1951,Rheinland-Pfalz,8.04,ice_days
1952,Rheinland-Pfalz,21.26,ice_days
1953,Rheinland-Pfalz,20.31,ice_days
1954,Rheinland-Pfalz,27.91,ice_days
1955,Rheinland-Pfalz,26.83,ice_days
1956,Rheinland-Pfalz,40.03,ice_days
1957,Rheinland-Pfalz,13.16,ice_days
1958,Rheinland-Pfalz,15.48,ice_days
1959,Rheinland-Pfalz,11.94,ice_days
1960,Rheinland-Pfalz,18.04,ice_days
1961,Rheinland-Pfalz,18.34,ice_days
1962,Rheinland-Pfalz,25.27,ice_days
1963,Rheinland-Pfalz,59.77,ice_days
1964,Rheinland-Pfalz,26.73,ice_days
1965,Rheinland-Pfalz,18.69,ice_days
1966,Rheinland-Pfalz,18.61,ice_days
1967,Rheinland-Pfalz,16.55,ice_days
1968,Rheinland-Pfalz,26.14,ice_days
1969,Rheinland-Pfalz,37.33,ice_days
1970,Rheinland-Pfalz,28.98,ice_days
1971,Rheinland-Pfalz,19.9,ice_days
1972,Rheinland-Pfalz,17.79,ice_days
1973,Rheinland-Pfalz,14.2,ice_days
1974,Rheinland-Pfalz,4.29,ice_days
1975,Rheinland-Pfalz,7.69,ice_days
1976,Rheinland-Pfalz,21.26,ice_days
1977,Rheinland-Pfalz,11.38,ice_days
1978,Rheinland-Pfalz,24.47,ice_days
1979,Rheinland-Pfalz,27.66,ice_days
1980,Rheinland-Pfalz,23.55,ice_days
1981,Rheinland-Pfalz,22.92,ice_days
1982,Rheinland-Pfalz,18.43,ice_days
1983,Rheinland-Pfalz,18.76,ice_days
1984,Rheinland-Pfalz,8.22,ice_days
1985,Rheinland-Pfalz,43.2,ice_days
1986,Rheinland-Pfalz,31.96,ice_days
1987,Rheinland-Pfalz,33.7,ice_days
1988,Rheinland-Pfalz,5.52,ice_days
1989,Rheinland-Pfalz,8.15,ice_days
1990,Rheinland-Pfalz,9.82,ice_days
1991,Rheinland-Pfalz,21.26,ice_days
1992,Rheinland-Pfalz,10.58,ice_days
1993,Rheinland-Pfalz,22.61,ice_days
1994,Rheinland-Pfalz,7.54,ice_days
1995,Rheinland-Pfalz,16.3,ice_days
1996,Rheinland-Pfalz,36.8,ice_days
1997,Rheinland-Pfalz,18.83,ice_days
1998,Rheinland-Pfalz,16.09,ice_days
1999,Rheinland-Pfalz,11.83,ice_days
2000,Rheinland-Pfalz,6.62,ice_days
2001,Rheinland-Pfalz,10.77,ice_days
2002,Rheinland-Pfalz,15.84,ice_days
2003,Rheinland-Pfalz,15.59,ice_days
2004,Rheinland-Pfalz,15.86,ice_days
2005,Rheinland-Pfalz,22.38,ice_days
2006,Rheinland-Pfalz,18.08,ice_days
2007,Rheinland-Pfalz,8.51,ice_days
2008,Rheinland-Pfalz,8.8,ice_days
2009,Rheinland-Pfalz,20.19,ice_days
2010,Rheinland-Pfalz,47.64,ice_days
2011,Rheinland-Pfalz,9.95,ice_days
2012,Rheinland-Pfalz,19.39,ice_days
2013,Rheinland-Pfalz,24.59,ice_days
2014,Rheinland-Pfalz,3.66,ice_days
2015,Rheinland-Pfalz,5.97,ice_days
2016,Rheinland-Pfalz,7.57,ice_days
2017,Rheinland-Pfalz,13.47,ice_days
2018,Rheinland-Pfalz,12.59,ice_days
2019,Rheinland-Pfalz,7.32,ice_days
2020,Rheinland-Pfalz,2.6,ice_days
2021,Rheinland-Pfalz,11.08,ice_days
2022,Rheinland-Pfalz,9.4,ice_days
2023,Rheinland-Pfalz,6.58,ice_days
2024,Rheinland-Pfalz,11.5,ice_days
2025,Rheinland-Pfalz,6.82,ice_days
1951,Saarland,3.19,ice_days
1952,Saarland,25.75,ice_days
1953,Saarland,21.59,ice_days
1954,Saarland,25.55,ice_days
1955,Saarland,27.93,ice_days
1956,Saarland,38.98,ice_days
1957,Saarland,10.99,ice_days
1958,Saarland,14.82,ice_days
1959,Saarland,10.87,ice_days
1960,Saarland,17.27,ice_days
1961,Saarland,15.69,ice_days
1962,Saarland,21.58,ice_days
1963,Saarland,59.23,ice_days
1964,Saarland,26.91,ice_days
1965,Saarland,17.87,ice_days
1966,Saarland,14.84,ice_days
1967,Saarland,15.5,ice_days
1968,Saarland,24.5,ice_days
1969,Saarland,34.5,ice_days
1970,Saarland,24.74,ice_days
1971,Saarland,16.49,ice_days
1972,Saarland,14.28,ice_days
1973,Saarland,9.84,ice_days
1974,Saarland,2.77,ice_days
1975,Saarland,4.65,ice_days
1976,Saarland,18.49,ice_days
1977,Saarland,8.91,ice_days
1978,Saarland,24.03,ice_days
1979,Saarland,23.01,ice_days
1980,Saarland,21.51,ice_days
1981,Saarland,16.71,ice_days
1982,Saarland,16.66,ice_days
1983,Saarland,16.25,ice_days
1984,Saarland,4.9,ice_days
1985,Saarland,39.43,ice_days
1986,Saarland,28.95,ice_days
1987,Saarland,28.53,ice_days
1988,Saarland,4.31,ice_days
1989,Saarland,8.65,ice_days
1990,Saarland,8.07,ice_days
1991,Saarland,18.08,ice_days
1992,Saarland,8.53,ice_days
1993,Saarland,19.46,ice_days
1994,Saarland,5.94,ice_days
1995,Saarland,13.35,ice_days
1996,Saarland,33.42,ice_days
1997,Saarland,17.58,ice_days
1998,Saarland,15.75,ice_days
1999,Saarland,9.53,ice_days
2000,Saarland,4.29,ice_days
2001,Saarland,8.49,ice_days
2002,Saarland,15.48,ice_days
2003,Saarland,12.16,ice_days
2004,Saarland,13.69,ice_days
2005,Saarland,18.11,ice_days
2006,Saarland,13.01,ice_days
2007,Saarland,5.52,ice_days
2008,Saarland,7.03,ice_days
2009,Saarland,18.9,ice_days
2010,Saarland,42.43,ice_days
2011,Saarland,7.11,ice_days
2012,Saarland,17.02,ice_days
2013,Saarland,20.54,ice_days
2014,Saarland,2.16,ice_days
2015,Saarland,4.28,ice_days
2016,Saarland,7.08,ice_days
2017,Saarland,11.79,ice_days
2018,Saarland,11.18,ice_days
2019,Saarland,6.04,ice_days
2020,Saarland,1.68,ice_days
2021,Saarland,7.22,ice_days
2022,Saarland,7.74,ice_days
2023,Saarland,4.67,ice_days
2024,Saarland,11.2,ice_days
2025,Saarland,5.49,ice_days
1951,Sachsen,13.48,ice_days
1952,Sachsen,33.84,ice_days
1953,Sachsen,28.16,ice_days
1954,Sachsen,39.63,ice_days
1955,Sachsen,38.51,ice_days
1956,Sachsen,53.45,ice_days
1957,Sachsen,16.39,ice_days
1958,Sachsen,22.3,ice_days
1959,Sachsen,22.22,ice_days
1960,Sachsen,26.19,ice_days
1961,Sachsen,22.78,ice_days
1962,Sachsen,35.46,ice_days
1963,Sachsen,66.46,ice_days
1964,Sachsen,39.57,ice_days
1965,Sachsen,32.71,ice_days
1966,Sachsen,30.92,ice_days
1967,Sachsen,20.58,ice_days
1968,Sachsen,37.18,ice_days
1969,Sachsen,55.63,ice_days
1970,Sachsen,43.75,ice_days
1971,Sachsen,26.92,ice_days
1972,Sachsen,24.92,ice_days
1973,Sachsen,24.27,ice_days
1974,Sachsen,8.33,ice_days
1975,Sachsen,14.78,ice_days
1976,Sachsen,34.97,ice_days
1977,Sachsen,18.62,ice_days
1978,Sachsen,30.48,ice_days
1979,Sachsen,33.15,ice_days
1980,Sachsen,40.5,ice_days
1981,Sachsen,43.04,ice_days
1982,Sachsen,21.26,ice_days
1983,Sachsen,28.21,ice_days
1984,Sachsen,27.17,ice_days
1985,Sachsen,53.43,ice_days
1986,Sachsen,45.41,ice_days
1987,Sachsen,52.95,ice_days
1988,Sachsen,17.17,ice_days
1989,Sachsen,8.51,ice_days
1990,Sachsen,12.63,ice_days
1991,Sachsen,23.2,ice_days
1992,Sachsen,16.57,ice_days
1993,Sachsen,29.7,ice_days
1994,Sachsen,12.17,ice_days
1995,Sachsen,31.88,ice_days
1996,Sachsen,55.09,ice_days
1997,Sachsen,20.25,ice_days
1998,Sachsen,27.05,ice_days
1999,Sachsen,18.48,ice_days
2000,Sachsen,12.06,ice_days
2001,Sachsen,23.97,ice_days
2002,Sachsen,23.4,ice_days
2003,Sachsen,28.45,ice_days
2004,Sachsen,24.11,ice_days
2005,Sachsen,33.93,ice_days
2006,Sachsen,32.74,ice_days
2007,Sachsen,14,ice_days
2008,Sachsen,12.79,ice_days
2009,Sachsen,32.02,ice_days
2010,Sachsen,63.69,ice_days
2011,Sachsen,19.26,ice_days
2012,Sachsen,29.36,ice_days
2013,Sachsen,38.89,ice_days
2014,Sachsen,14.38,ice_days
2015,Sachsen,7.39,ice_days
2016,Sachsen,14.54,ice_days
2017,Sachsen,21.45,ice_days
2018,Sachsen,20.17,ice_days
2019,Sachsen,8.42,ice_days
2020,Sachsen,4.26,ice_days
2021,Sachsen,20.79,ice_days
2022,Sachsen,12.35,ice_days
2023,Sachsen,12.74,ice_days
2024,Sachsen,8.54,ice_days
2025,Sachsen,10.03,ice_days
1951,Sachsen-Anhalt,8.56,ice_days
1952,Sachsen-Anhalt,21.04,ice_days
1953,Sachsen-Anhalt,16.5,ice_days
1954,Sachsen-Anhalt,34.11,ice_days
1955,Sachsen-Anhalt,32.22,ice_days
1956,Sachsen-Anhalt,42.65,ice_days
1957,Sachsen-Anhalt,9.65,ice_days
1958,Sachsen-Anhalt,12.35,ice_days
1959,Sachsen-Anhalt,18.76,ice_days
1960,Sachsen-Anhalt,19.67,ice_days
1961,Sachsen-Anhalt,18.29,ice_days
1962,Sachsen-Anhalt,30.06,ice_days
1963,Sachsen-Anhalt,63.15,ice_days
1964,Sachsen-Anhalt,31.57,ice_days
1965,Sachsen-Anhalt,24.16,ice_days
1966,Sachsen-Anhalt,29.01,ice_days
1967,Sachsen-Anhalt,12.01,ice_days
1968,Sachsen-Anhalt,31.51,ice_days
1969,Sachsen-Anhalt,49.79,ice_days
1970,Sachsen-Anhalt,39.3,ice_days
1971,Sachsen-Anhalt,18.22,ice_days
1972,Sachsen-Anhalt,20.13,ice_days
1973,Sachsen-Anhalt,11.73,ice_days
1974,Sachsen-Anhalt,1.33,ice_days
1975,Sachsen-Anhalt,7.28,ice_days
1976,Sachsen-Anhalt,26.69,ice_days
1977,Sachsen-Anhalt,10.03,ice_days
1978,Sachsen-Anhalt,26.77,ice_days
1979,Sachsen-Anhalt,32.79,ice_days
1980,Sachsen-Anhalt,30.88,ice_days
1981,Sachsen-Anhalt,32.28,ice_days
1982,Sachsen-Anhalt,16.81,ice_days
1983,Sachsen-Anhalt,18.15,ice_days
1984,Sachsen-Anhalt,17.29,ice_days
1985,Sachsen-Anhalt,45.65,ice_days
1986,Sachsen-Anhalt,38.73,ice_days
1987,Sachsen-Anhalt,42.93,ice_days
1988,Sachsen-Anhalt,6.39,ice_days
1989,Sachsen-Anhalt,6.07,ice_days
1990,Sachsen-Anhalt,5.66,ice_days
1991,Sachsen-Anhalt,17.97,ice_days
1992,Sachsen-Anhalt,11.54,ice_days
1993,Sachsen-Anhalt,23.03,ice_days
1994,Sachsen-Anhalt,10.73,ice_days
1995,Sachsen-Anhalt,23.55,ice_days
1996,Sachsen-Anhalt,49.04,ice_days
1997,Sachsen-Anhalt,15.83,ice_days
1998,Sachsen-Anhalt,18.48,ice_days
1999,Sachsen-Anhalt,9.14,ice_days
2000,Sachsen-Anhalt,7.6,ice_days
2001,Sachsen-Anhalt,15.11,ice_days
2002,Sachsen-Anhalt,17.26,ice_days
2003,Sachsen-Anhalt,19.48,ice_days
2004,Sachsen-Anhalt,12.41,ice_days
2005,Sachsen-Anhalt,19.04,ice_days
2006,Sachsen-Anhalt,21.42,ice_days
2007,Sachsen-Anhalt,8.62,ice_days
2008,Sachsen-Anhalt,7.7,ice_days
2009,Sachsen-Anhalt,21.91,ice_days
2010,Sachsen-Anhalt,60.59,ice_days
2011,Sachsen-Anhalt,13.32,ice_days
2012,Sachsen-Anhalt,24.5,ice_days
2013,Sachsen-Anhalt,28.18,ice_days
2014,Sachsen-Anhalt,13.99,ice_days
2015,Sachsen-Anhalt,3.01,ice_days
2016,Sachsen-Anhalt,10.62,ice_days
2017,Sachsen-Anhalt,13.68,ice_days
2018,Sachsen-Anhalt,11.98,ice_days
2019,Sachsen-Anhalt,4.18,ice_days
2020,Sachsen-Anhalt,0.67,ice_days
2021,Sachsen-Anhalt,14.74,ice_days
2022,Sachsen-Anhalt,9.09,ice_days
2023,Sachsen-Anhalt,5.43,ice_days
2024,Sachsen-Anhalt,5.69,ice_days
2025,Sachsen-Anhalt,6.86,ice_days
1951,Schleswig-Holstein,5.42,ice_days
1952,Schleswig-Holstein,11.35,ice_days
1953,Schleswig-Holstein,14.03,ice_days
1954,Schleswig-Holstein,28.95,ice_days
1955,Schleswig-Holstein,27.45,ice_days
1956,Schleswig-Holstein,34.45,ice_days
1957,Schleswig-Holstein,6.67,ice_days
1958,Schleswig-Holstein,15.76,ice_days
1959,Schleswig-Holstein,20.18,ice_days
1960,Schleswig-Holstein,16.23,ice_days
1961,Schleswig-Holstein,16.88,ice_days
1962,Schleswig-Holstein,22.14,ice_days
1963,Schleswig-Holstein,58,ice_days
1964,Schleswig-Holstein,23.89,ice_days
1965,Schleswig-Holstein,13.73,ice_days
1966,Schleswig-Holstein,29.31,ice_days
1967,Schleswig-Holstein,8.58,ice_days
1968,Schleswig-Holstein,19.83,ice_days
1969,Schleswig-Holstein,45.35,ice_days
1970,Schleswig-Holstein,37.62,ice_days
1971,Schleswig-Holstein,15.55,ice_days
1972,Schleswig-Holstein,18.56,ice_days
1973,Schleswig-Holstein,6.47,ice_days
1974,Schleswig-Holstein,0.94,ice_days
1975,Schleswig-Holstein,2.18,ice_days
1976,Schleswig-Holstein,21.1,ice_days
1977,Schleswig-Holstein,8.62,ice_days
1978,Schleswig-Holstein,24.66,ice_days
1979,Schleswig-Holstein,39.36,ice_days
1980,Schleswig-Holstein,25.97,ice_days
1981,Schleswig-Holstein,28.74,ice_days
1982,Schleswig-Holstein,20.22,ice_days
1983,Schleswig-Holstein,11.34,ice_days
1984,Schleswig-Holstein,11.96,ice_days
1985,Schleswig-Holstein,41.41,ice_days
1986,Schleswig-Holstein,37.46,ice_days
1987,Schleswig-Holstein,32.24,ice_days
1988,Schleswig-Holstein,4.04,ice_days
1989,Schleswig-Holstein,4.35,ice_days
1990,Schleswig-Holstein,4.02,ice_days
1991,Schleswig-Holstein,15.18,ice_days
1992,Schleswig-Holstein,6.73,ice_days
1993,Schleswig-Holstein,13.58,ice_days
1994,Schleswig-Holstein,10.34,ice_days
1995,Schleswig-Holstein,19.55,ice_days
1996,Schleswig-Holstein,45.56,ice_days
1997,Schleswig-Holstein,16.06,ice_days
1998,Schleswig-Holstein,11.75,ice_days
1999,Schleswig-Holstein,7.35,ice_days
2000,Schleswig-Holstein,5.6,ice_days
2001,Schleswig-Holstein,13.92,ice_days
2002,Schleswig-Holstein,14.12,ice_days
2003,Schleswig-Holstein,15.25,ice_days
2004,Schleswig-Holstein,8.76,ice_days
2005,Schleswig-Holstein,9.22,ice_days
2006,Schleswig-Holstein,13.8,ice_days
2007,Schleswig-Holstein,3.65,ice_days
2008,Schleswig-Holstein,4.11,ice_days
2009,Schleswig-Holstein,12.69,ice_days
2010,Schleswig-Holstein,58.68,ice_days
2011,Schleswig-Holstein,12.54,ice_days
2012,Schleswig-Holstein,23.18,ice_days
2013,Schleswig-Holstein,22.22,ice_days
2014,Schleswig-Holstein,11.94,ice_days
2015,Schleswig-Holstein,3.59,ice_days
2016,Schleswig-Holstein,10.52,ice_days
2017,Schleswig-Holstein,6.74,ice_days
2018,Schleswig-Holstein,8.73,ice_days
2019,Schleswig-Holstein,3.74,ice_days
2020,Schleswig-Holstein,0.46,ice_days
2021,Schleswig-Holstein,10.95,ice_days
2022,Schleswig-Holstein,7.01,ice_days
2023,Schleswig-Holstein,5.14,ice_days
2024,Schleswig-Holstein,3.93,ice_days
2025,Schleswig-Holstein,2.43,ice_days
1951,Thueringen,14.64,ice_days
1952,Thueringen,37.39,ice_days
1953,Thueringen,28.89,ice_days
1954,Thueringen,39.67,ice_days
1955,Thueringen,43.03,ice_days
1956,Thueringen,52.94,ice_days
1957,Thueringen,19.4,ice_days
1958,Thueringen,27.08,ice_days
1959,Thueringen,22.58,ice_days
1960,Thueringen,29.89,ice_days
1961,Thueringen,25.4,ice_days
1962,Thueringen,41.61,ice_days
1963,Thueringen,69.82,ice_days
1964,Thueringen,42.08,ice_days
1965,Thueringen,36.84,ice_days
1966,Thueringen,31.15,ice_days
1967,Thueringen,22.39,ice_days
1968,Thueringen,42.86,ice_days
1969,Thueringen,57.85,ice_days
1970,Thueringen,46.69,ice_days
1971,Thueringen,27.8,ice_days
1972,Thueringen,28.69,ice_days
1973,Thueringen,26.96,ice_days
1974,Thueringen,7.5,ice_days
1975,Thueringen,14.45,ice_days
1976,Thueringen,35.62,ice_days
1977,Thueringen,20.14,ice_days
1978,Thueringen,35.03,ice_days
1979,Thueringen,36.72,ice_days
1980,Thueringen,40.09,ice_days
1981,Thueringen,47.37,ice_days
1982,Thueringen,24.21,ice_days
1983,Thueringen,30.63,ice_days
1984,Thueringen,26.77,ice_days
1985,Thueringen,53.69,ice_days
1986,Thueringen,46.01,ice_days
1987,Thueringen,53.91,ice_days
1988,Thueringen,15.19,ice_days
1989,Thueringen,13.82,ice_days
1990,Thueringen,17.6,ice_days
1991,Thueringen,28.28,ice_days
1992,Thueringen,18.83,ice_days
1993,Thueringen,34.86,ice_days
1994,Thueringen,15.15,ice_days
1995,Thueringen,34.78,ice_days
1996,Thueringen,57.41,ice_days
1997,Thueringen,21.44,ice_days
1998,Thueringen,28.38,ice_days
1999,Thueringen,21.22,ice_days
2000,Thueringen,12.98,ice_days
2001,Thueringen,24.91,ice_days
2002,Thueringen,22.44,ice_days
2003,Thueringen,28.66,ice_days
2004,Thueringen,23.41,ice_days
2005,Thueringen,33.38,ice_days
2006,Thueringen,32.3,ice_days
2007,Thueringen,15.26,ice_days
2008,Thueringen,14.19,ice_days
2009,Thueringen,31.63,ice_days
2010,Thueringen,66.34,ice_days
2011,Thueringen,19.31,ice_days
2012,Thueringen,27.97,ice_days
2013,Thueringen,40.48,ice_days
2014,Thueringen,12.17,ice_days
2015,Thueringen,10.53,ice_days
2016,Thueringen,17.16,ice_days
2017,Thueringen,22.55,ice_days
2018,Thueringen,23.23,ice_days
2019,Thueringen,11.23,ice_days
2020,Thueringen,5.5,ice_days
2021,Thueringen,21.27,ice_days
2022,Thueringen,14.46,ice_days
2023,Thueringen,13.72,ice_days
2024,Thueringen,11.7,ice_days
2025,Thueringen,12.7,ice_days
1951,Thueringen/Sachsen-Anhalt,11.2,ice_days
1952,Thueringen/Sachsen-Anhalt,28.13,ice_days
1953,Thueringen/Sachsen-Anhalt,21.87,ice_days
1954,Thueringen/Sachsen-Anhalt,36.52,ice_days
1955,Thueringen/Sachsen-Anhalt,36.91,ice_days
1956,Thueringen/Sachsen-Anhalt,47.11,ice_days
1957,Thueringen/Sachsen-Anhalt,13.88,ice_days
1958,Thueringen/Sachsen-Anhalt,18.74,ice_days
1959,Thueringen/Sachsen-Anhalt,20.42,ice_days
1960,Thueringen/Sachsen-Anhalt,24.1,ice_days
1961,Thueringen/Sachsen-Anhalt,21.37,ice_days
1962,Thueringen/Sachsen-Anhalt,35.07,ice_days
1963,Thueringen/Sachsen-Anhalt,66.04,ice_days
1964,Thueringen/Sachsen-Anhalt,36.13,ice_days
1965,Thueringen/Sachsen-Anhalt,29.66,ice_days
1966,Thueringen/Sachsen-Anhalt,29.94,ice_days
1967,Thueringen/Sachsen-Anhalt,16.51,ice_days
1968,Thueringen/Sachsen-Anhalt,36.43,ice_days
1969,Thueringen/Sachsen-Anhalt,53.29,ice_days
1970,Thueringen/Sachsen-Anhalt,42.51,ice_days
1971,Thueringen/Sachsen-Anhalt,22.38,ice_days
1972,Thueringen/Sachsen-Anhalt,23.84,ice_days
1973,Thueringen/Sachsen-Anhalt,18.34,ice_days
1974,Thueringen/Sachsen-Anhalt,4.01,ice_days
1975,Thueringen/Sachsen-Anhalt,10.39,ice_days
1976,Thueringen/Sachsen-Anhalt,30.56,ice_days
1977,Thueringen/Sachsen-Anhalt,14.42,ice_days
1978,Thueringen/Sachsen-Anhalt,30.35,ice_days
1979,Thueringen/Sachsen-Anhalt,34.49,ice_days
1980,Thueringen/Sachsen-Anhalt,34.88,ice_days
1981,Thueringen/Sachsen-Anhalt,38.83,ice_days
1982,Thueringen/Sachsen-Anhalt,20.02,ice_days
1983,Thueringen/Sachsen-Anhalt,23.56,ice_days
1984,Thueringen/Sachsen-Anhalt,21.4,ice_days
1985,Thueringen/Sachsen-Anhalt,49.14,ice_days
1986,Thueringen/Sachsen-Anhalt,41.89,ice_days
1987,Thueringen/Sachsen-Anhalt,47.69,ice_days
1988,Thueringen/Sachsen-Anhalt,10.21,ice_days
1989,Thueringen/Sachsen-Anhalt,9.43,ice_days
1990,Thueringen/Sachsen-Anhalt,10.84,ice_days
1991,Thueringen/Sachsen-Anhalt,22.44,ice_days
1992,Thueringen/Sachsen-Anhalt,14.7,ice_days
1993,Thueringen/Sachsen-Anhalt,28.16,ice_days
1994,Thueringen/Sachsen-Anhalt,12.65,ice_days
1995,Thueringen/Sachsen-Anhalt,28.42,ice_days
1996,Thueringen/Sachsen-Anhalt,52.67,ice_days
1997,Thueringen/Sachsen-Anhalt,18.26,ice_days
1998,Thueringen/Sachsen-Anhalt,22.77,ice_days
1999,Thueringen/Sachsen-Anhalt,14.38,ice_days
2000,Thueringen/Sachsen-Anhalt,9.93,ice_days
2001,Thueringen/Sachsen-Anhalt,19.36,ice_days
2002,Thueringen/Sachsen-Anhalt,19.51,ice_days
2003,Thueringen/Sachsen-Anhalt,23.46,ice_days
2004,Thueringen/Sachsen-Anhalt,17.18,ice_days
2005,Thueringen/Sachsen-Anhalt,25.26,ice_days
2006,Thueringen/Sachsen-Anhalt,26.14,ice_days
2007,Thueringen/Sachsen-Anhalt,11.5,ice_days
2008,Thueringen/Sachsen-Anhalt,10.52,ice_days
2009,Thueringen/Sachsen-Anhalt,26.13,ice_days
2010,Thueringen/Sachsen-Anhalt,63.08,ice_days
2011,Thueringen/Sachsen-Anhalt,15.92,ice_days
2012,Thueringen/Sachsen-Anhalt,26.01,ice_days
2013,Thueringen/Sachsen-Anhalt,33.52,ice_days
2014,Thueringen/Sachsen-Anhalt,13.2,ice_days
2015,Thueringen/Sachsen-Anhalt,6.27,ice_days
2016,Thueringen/Sachsen-Anhalt,13.46,ice_days
2017,Thueringen/Sachsen-Anhalt,17.53,ice_days
2018,Thueringen/Sachsen-Anhalt,16.86,ice_days
2019,Thueringen/Sachsen-Anhalt,7.24,ice_days
2020,Thueringen/Sachsen-Anhalt,2.77,ice_days
2021,Thueringen/Sachsen-Anhalt,17.57,ice_days
2022,Thueringen/Sachsen-Anhalt,11.42,ice_days
2023,Thueringen/Sachsen-Anhalt,9.03,ice_days
2024,Thueringen/Sachsen-Anhalt,8.3,ice_days
2025,Thueringen/Sachsen-Anhalt,9.39,ice_days
1951,Baden-Wuerttemberg,29.12,precipGE10mm_days
1952,Baden-Wuerttemberg,33.99,precipGE10mm_days
1953,Baden-Wuerttemberg,21.7,precipGE10mm_days
1954,Baden-Wuerttemberg,30.54,precipGE10mm_days
1955,Baden-Wuerttemberg,29.11,precipGE10mm_days
1956,Baden-Wuerttemberg,29.37,precipGE10mm_days
1957,Baden-Wuerttemberg,26.79,precipGE10mm_days
1958,Baden-Wuerttemberg,35.53,precipGE10mm_days
1959,Baden-Wuerttemberg,22.69,precipGE10mm_days
1960,Baden-Wuerttemberg,28.19,precipGE10mm_days
1961,Baden-Wuerttemberg,29.62,precipGE10mm_days
1962,Baden-Wuerttemberg,24.79,precipGE10mm_days
1963,Baden-Wuerttemberg,26.59,precipGE10mm_days
1964,Baden-Wuerttemberg,23.25,precipGE10mm_days
1965,Baden-Wuerttemberg,42.03,precipGE10mm_days
1966,Baden-Wuerttemberg,34.18,precipGE10mm_days
1967,Baden-Wuerttemberg,29.08,precipGE10mm_days
1968,Baden-Wuerttemberg,36.79,precipGE10mm_days
1969,Baden-Wuerttemberg,29.74,precipGE10mm_days
1970,Baden-Wuerttemberg,31.25,precipGE10mm_days
1971,Baden-Wuerttemberg,21.36,precipGE10mm_days
1972,Baden-Wuerttemberg,25.21,precipGE10mm_days
1973,Baden-Wuerttemberg,27.71,precipGE10mm_days
1974,Baden-Wuerttemberg,31.61,precipGE10mm_days
1975,Baden-Wuerttemberg,27.02,precipGE10mm_days
1976,Baden-Wuerttemberg,23.12,precipGE10mm_days
1977,Baden-Wuerttemberg,31.79,precipGE10mm_days
1978,Baden-Wuerttemberg,31.69,precipGE10mm_days
1979,Baden-Wuerttemberg,29.15,precipGE10mm_days
1980,Baden-Wuerttemberg,30.29,precipGE10mm_days
1981,Baden-Wuerttemberg,35.69,precipGE10mm_days
1982,Baden-Wuerttemberg,32.46,precipGE10mm_days
1983,Baden-Wuerttemberg,28.93,precipGE10mm_days
1984,Baden-Wuerttemberg,30.35,precipGE10mm_days
1985,Baden-Wuerttemberg,26.8,precipGE10mm_days
1986,Baden-Wuerttemberg,37.09,precipGE10mm_days
1987,Baden-Wuerttemberg,33.84,precipGE10mm_days
1988,Baden-Wuerttemberg,36.12,precipGE10mm_days
1989,Baden-Wuerttemberg,24.74,precipGE10mm_days
1990,Baden-Wuerttemberg,29.62,precipGE10mm_days
1991,Baden-Wuerttemberg,21.18,precipGE10mm_days
1992,Baden-Wuerttemberg,29.44,precipGE10mm_days
1993,Baden-Wuerttemberg,29.44,precipGE10mm_days
1994,Baden-Wuerttemberg,30.98,precipGE10mm_days
1995,Baden-Wuerttemberg,37.48,precipGE10mm_days
1996,Baden-Wuerttemberg,26.85,precipGE10mm_days
1997,Baden-Wuerttemberg,25.37,precipGE10mm_days
1998,Baden-Wuerttemberg,30.56,precipGE10mm_days
1999,Baden-Wuerttemberg,37,precipGE10mm_days
2000,Baden-Wuerttemberg,28.72,precipGE10mm_days
2001,Baden-Wuerttemberg,37.11,precipGE10mm_days
2002,Baden-Wuerttemberg,41.16,precipGE10mm_days
2003,Baden-Wuerttemberg,21.17,precipGE10mm_days
2004,Baden-Wuerttemberg,27.07,precipGE10mm_days
2005,Baden-Wuerttemberg,27.48,precipGE10mm_days
2006,Baden-Wuerttemberg,29.96,precipGE10mm_days
2007,Baden-Wuerttemberg,33.37,precipGE10mm_days
2008,Baden-Wuerttemberg,28.8,precipGE10mm_days
2009,Baden-Wuerttemberg,29.28,precipGE10mm_days
2010,Baden-Wuerttemberg,29.28,precipGE10mm_days
2011,Baden-Wuerttemberg,25.76,precipGE10mm_days
2012,Baden-Wuerttemberg,31.2,precipGE10mm_days
2013,Baden-Wuerttemberg,30.79,precipGE10mm_days
2014,Baden-Wuerttemberg,27.48,precipGE10mm_days
2015,Baden-Wuerttemberg,21.01,precipGE10mm_days
2016,Baden-Wuerttemberg,28.69,precipGE10mm_days
2017,Baden-Wuerttemberg,29.93,precipGE10mm_days
2018,Baden-Wuerttemberg,23.11,precipGE10mm_days
2019,Baden-Wuerttemberg,28.77,precipGE10mm_days
2020,Baden-Wuerttemberg,26.46,precipGE10mm_days
2021,Baden-Wuerttemberg,29.58,precipGE10mm_days
2022,Baden-Wuerttemberg,25.66,precipGE10mm_days
2023,Baden-Wuerttemberg,33.39,precipGE10mm_days
2024,Baden-Wuerttemberg,34.33,precipGE10mm_days
2025,Baden-Wuerttemberg,28.61,precipGE10mm_days
1951,Bayern,23.88,precipGE10mm_days
1952,Bayern,30.45,precipGE10mm_days
1953,Bayern,19.37,precipGE10mm_days
1954,Bayern,29.61,precipGE10mm_days
1955,Bayern,28.82,precipGE10mm_days
1956,Bayern,29.62,precipGE10mm_days
1957,Bayern,28.03,precipGE10mm_days
1958,Bayern,33.91,precipGE10mm_days
1959,Bayern,20.97,precipGE10mm_days
1960,Bayern,26.25,precipGE10mm_days
1961,Bayern,26.77,precipGE10mm_days
1962,Bayern,24.4,precipGE10mm_days
1963,Bayern,24.73,precipGE10mm_days
1964,Bayern,22.64,precipGE10mm_days
1965,Bayern,35.78,precipGE10mm_days
1966,Bayern,37.03,precipGE10mm_days
1967,Bayern,27.37,precipGE10mm_days
1968,Bayern,27.99,precipGE10mm_days
1969,Bayern,23.32,precipGE10mm_days
1970,Bayern,32.31,precipGE10mm_days
1971,Bayern,22.65,precipGE10mm_days
1972,Bayern,22.53,precipGE10mm_days
1973,Bayern,24.36,precipGE10mm_days
1974,Bayern,33.48,precipGE10mm_days
1975,Bayern,25.84,precipGE10mm_days
1976,Bayern,22.04,precipGE10mm_days
1977,Bayern,30.11,precipGE10mm_days
1978,Bayern,28.45,precipGE10mm_days
1979,Bayern,29.83,precipGE10mm_days
1980,Bayern,29.8,precipGE10mm_days
1981,Bayern,35.51,precipGE10mm_days
1982,Bayern,26.56,precipGE10mm_days
1983,Bayern,27.37,precipGE10mm_days
1984,Bayern,27.05,precipGE10mm_days
1985,Bayern,26.56,precipGE10mm_days
1986,Bayern,32.21,precipGE10mm_days
1987,Bayern,32.1,precipGE10mm_days
1988,Bayern,32.54,precipGE10mm_days
1989,Bayern,26.51,precipGE10mm_days
1990,Bayern,28.78,precipGE10mm_days
1991,Bayern,22.06,precipGE10mm_days
1992,Bayern,29.99,precipGE10mm_days
1993,Bayern,30.34,precipGE10mm_days
1994,Bayern,26.3,precipGE10mm_days
1995,Bayern,33.66,precipGE10mm_days
1996,Bayern,25.76,precipGE10mm_days
1997,Bayern,25.66,precipGE10mm_days
1998,Bayern,30.11,precipGE10mm_days
1999,Bayern,30.88,precipGE10mm_days
2000,Bayern,29.16,precipGE10mm_days
2001,Bayern,33.99,precipGE10mm_days
2002,Bayern,39.91,precipGE10mm_days
2003,Bayern,20.35,precipGE10mm_days
2004,Bayern,26.27,precipGE10mm_days
2005,Bayern,28.16,precipGE10mm_days
2006,Bayern,28.31,precipGE10mm_days
2007,Bayern,31.71,precipGE10mm_days
2008,Bayern,25.46,precipGE10mm_days
2009,Bayern,26.92,precipGE10mm_days
2010,Bayern,27.92,precipGE10mm_days
2011,Bayern,25.86,precipGE10mm_days
2012,Bayern,26.98,precipGE10mm_days
2013,Bayern,27.76,precipGE10mm_days
2014,Bayern,24.63,precipGE10mm_days
2015,Bayern,22.07,precipGE10mm_days
2016,Bayern,26.66,precipGE10mm_days
2017,Bayern,30.38,precipGE10mm_days
2018,Bayern,22.63,precipGE10mm_days
2019,Bayern,25.02,precipGE10mm_days
2020,Bayern,26.57,precipGE10mm_days
2021,Bayern,28.46,precipGE10mm_days
2022,Bayern,23.97,precipGE10mm_days
2023,Bayern,32.53,precipGE10mm_days
2024,Bayern,32.65,precipGE10mm_days
2025,Bayern,22.3,precipGE10mm_days
1951,Brandenburg,12.63,precipGE10mm_days
1952,Brandenburg,10.36,precipGE10mm_days
1953,Brandenburg,9.74,precipGE10mm_days
1954,Brandenburg,14.67,precipGE10mm_days
1955,Brandenburg,13.41,precipGE10mm_days
1956,Brandenburg,16.19,precipGE10mm_days
1957,Brandenburg,12.86,precipGE10mm_days
1958,Brandenburg,11.89,precipGE10mm_days
1959,Brandenburg,10.57,precipGE10mm_days
1960,Brandenburg,14.47,precipGE10mm_days
1961,Brandenburg,15.74,precipGE10mm_days
1962,Brandenburg,9.31,precipGE10mm_days
1963,Brandenburg,9.73,precipGE10mm_days
1964,Brandenburg,9.54,precipGE10mm_days
1965,Brandenburg,16.1,precipGE10mm_days
1966,Brandenburg,15.46,precipGE10mm_days
1967,Brandenburg,15.92,precipGE10mm_days
1968,Brandenburg,12.81,precipGE10mm_days
1969,Brandenburg,11.54,precipGE10mm_days
1970,Brandenburg,10.92,precipGE10mm_days
1971,Brandenburg,9.03,precipGE10mm_days
1972,Brandenburg,11.71,precipGE10mm_days
1973,Brandenburg,8.94,precipGE10mm_days
1974,Brandenburg,15.86,precipGE10mm_days
1975,Brandenburg,8.73,precipGE10mm_days
1976,Brandenburg,7.28,precipGE10mm_days
1977,Brandenburg,14.08,precipGE10mm_days
1978,Brandenburg,10.71,precipGE10mm_days
1979,Brandenburg,11.82,precipGE10mm_days
1980,Brandenburg,13.91,precipGE10mm_days
1981,Brandenburg,16.16,precipGE10mm_days
1982,Brandenburg,7.16,precipGE10mm_days
1983,Brandenburg,12.69,precipGE10mm_days
1984,Brandenburg,11.86,precipGE10mm_days
1985,Brandenburg,6.42,precipGE10mm_days
1986,Brandenburg,16.74,precipGE10mm_days
1987,Brandenburg,13.7,precipGE10mm_days
1988,Brandenburg,8.23,precipGE10mm_days
1989,Brandenburg,8.44,precipGE10mm_days
1990,Brandenburg,10.76,precipGE10mm_days
1991,Brandenburg,9.12,precipGE10mm_days
1992,Brandenburg,11.07,precipGE10mm_days
1993,Brandenburg,15.67,precipGE10mm_days
1994,Brandenburg,16.97,precipGE10mm_days
1995,Brandenburg,13.5,precipGE10mm_days
1996,Brandenburg,10.38,precipGE10mm_days
1997,Brandenburg,11.93,precipGE10mm_days
1998,Brandenburg,12.56,precipGE10mm_days
1999,Brandenburg,8.62,precipGE10mm_days
2000,Brandenburg,9.91,precipGE10mm_days
2001,Brandenburg,11.87,precipGE10mm_days
2002,Brandenburg,17.74,precipGE10mm_days
2003,Brandenburg,8.43,precipGE10mm_days
2004,Brandenburg,11.89,precipGE10mm_days
2005,Brandenburg,14.54,precipGE10mm_days
2006,Brandenburg,6.98,precipGE10mm_days
2007,Brandenburg,18.9,precipGE10mm_days
2008,Brandenburg,13.9,precipGE10mm_days
2009,Brandenburg,12.73,precipGE10mm_days
2010,Brandenburg,20.93,precipGE10mm_days
2011,Brandenburg,17.58,precipGE10mm_days
2012,Brandenburg,10.52,precipGE10mm_days
2013,Brandenburg,13.83,precipGE10mm_days
2014,Brandenburg,11.25,precipGE10mm_days
2015,Brandenburg,12.94,precipGE10mm_days
2016,Brandenburg,9.74,precipGE10mm_days
2017,Brandenburg,16.97,precipGE10mm_days
2018,Brandenburg,8.25,precipGE10mm_days
2019,Brandenburg,11.34,precipGE10mm_days
2020,Brandenburg,11.29,precipGE10mm_days
2021,Brandenburg,11.92,precipGE10mm_days
2022,Brandenburg,8.13,precipGE10mm_days
2023,Brandenburg,17.79,precipGE10mm_days
2024,Brandenburg,13.95,precipGE10mm_days
2025,Brandenburg,10.81,precipGE10mm_days
1951,Brandenburg/Berlin,12.63,precipGE10mm_days
1952,Brandenburg/Berlin,10.32,precipGE10mm_days
1953,Brandenburg/Berlin,9.75,precipGE10mm_days
1954,Brandenburg/Berlin,14.69,precipGE10mm_days
1955,Brandenburg/Berlin,13.39,precipGE10mm_days
1956,Brandenburg/Berlin,16.23,precipGE10mm_days
1957,Brandenburg/Berlin,12.83,precipGE10mm_days
1958,Brandenburg/Berlin,11.89,precipGE10mm_days
1959,Brandenburg/Berlin,10.58,precipGE10mm_days
1960,Brandenburg/Berlin,14.46,precipGE10mm_days
1961,Brandenburg/Berlin,15.73,precipGE10mm_days
1962,Brandenburg/Berlin,9.37,precipGE10mm_days
1963,Brandenburg/Berlin,9.75,precipGE10mm_days
1964,Brandenburg/Berlin,9.52,precipGE10mm_days
1965,Brandenburg/Berlin,16.13,precipGE10mm_days
1966,Brandenburg/Berlin,15.54,precipGE10mm_days
1967,Brandenburg/Berlin,15.91,precipGE10mm_days
1968,Brandenburg/Berlin,12.78,precipGE10mm_days
1969,Brandenburg/Berlin,11.53,precipGE10mm_days
1970,Brandenburg/Berlin,10.85,precipGE10mm_days
1971,Brandenburg/Berlin,9.05,precipGE10mm_days
1972,Brandenburg/Berlin,11.67,precipGE10mm_days
1973,Brandenburg/Berlin,8.93,precipGE10mm_days
1974,Brandenburg/Berlin,15.92,precipGE10mm_days
1975,Brandenburg/Berlin,8.74,precipGE10mm_days
1976,Brandenburg/Berlin,7.22,precipGE10mm_days
1977,Brandenburg/Berlin,14.12,precipGE10mm_days
1978,Brandenburg/Berlin,10.65,precipGE10mm_days
1979,Brandenburg/Berlin,11.86,precipGE10mm_days
1980,Brandenburg/Berlin,13.96,precipGE10mm_days
1981,Brandenburg/Berlin,16.13,precipGE10mm_days
1982,Brandenburg/Berlin,7.13,precipGE10mm_days
1983,Brandenburg/Berlin,12.7,precipGE10mm_days
1984,Brandenburg/Berlin,11.83,precipGE10mm_days
1985,Brandenburg/Berlin,6.4,precipGE10mm_days
1986,Brandenburg/Berlin,16.82,precipGE10mm_days
1987,Brandenburg/Berlin,13.69,precipGE10mm_days
1988,Brandenburg/Berlin,8.26,precipGE10mm_days
1989,Brandenburg/Berlin,8.42,precipGE10mm_days
1990,Brandenburg/Berlin,10.79,precipGE10mm_days
1991,Brandenburg/Berlin,9.1,precipGE10mm_days
1992,Brandenburg/Berlin,11.06,precipGE10mm_days
1993,Brandenburg/Berlin,15.6,precipGE10mm_days
1994,Brandenburg/Berlin,16.99,precipGE10mm_days
1995,Brandenburg/Berlin,13.51,precipGE10mm_days
1996,Brandenburg/Berlin,10.41,precipGE10mm_days
1997,Brandenburg/Berlin,11.92,precipGE10mm_days
1998,Brandenburg/Berlin,12.53,precipGE10mm_days
1999,Brandenburg/Berlin,8.55,precipGE10mm_days
2000,Brandenburg/Berlin,9.93,precipGE10mm_days
2001,Brandenburg/Berlin,11.86,precipGE10mm_days
2002,Brandenburg/Berlin,17.72,precipGE10mm_days
2003,Brandenburg/Berlin,8.48,precipGE10mm_days
2004,Brandenburg/Berlin,11.91,precipGE10mm_days
2005,Brandenburg/Berlin,14.55,precipGE10mm_days
2006,Brandenburg/Berlin,6.95,precipGE10mm_days
2007,Brandenburg/Berlin,18.96,precipGE10mm_days
2008,Brandenburg/Berlin,13.86,precipGE10mm_days
2009,Brandenburg/Berlin,12.76,precipGE10mm_days
2010,Brandenburg/Berlin,20.8,precipGE10mm_days
2011,Brandenburg/Berlin,17.63,precipGE10mm_days
2012,Brandenburg/Berlin,10.53,precipGE10mm_days
2013,Brandenburg/Berlin,13.8,precipGE10mm_days
2014,Brandenburg/Berlin,11.16,precipGE10mm_days
2015,Brandenburg/Berlin,12.89,precipGE10mm_days
2016,Brandenburg/Berlin,9.71,precipGE10mm_days
2017,Brandenburg/Berlin,17,precipGE10mm_days
2018,Brandenburg/Berlin,8.24,precipGE10mm_days
2019,Brandenburg/Berlin,11.39,precipGE10mm_days
2020,Brandenburg/Berlin,11.27,precipGE10mm_days
2021,Brandenburg/Berlin,11.85,precipGE10mm_days
2022,Brandenburg/Berlin,8.08,precipGE10mm_days
2023,Brandenburg/Berlin,17.9,precipGE10mm_days
2024,Brandenburg/Berlin,13.87,precipGE10mm_days
2025,Brandenburg/Berlin,10.75,precipGE10mm_days
1951,Deutschland,21.11,precipGE10mm_days
1952,Deutschland,22.14,precipGE10mm_days
1953,Deutschland,15.03,precipGE10mm_days
1954,Deutschland,23.71,precipGE10mm_days
1955,Deutschland,20.77,precipGE10mm_days
1956,Deutschland,23.32,precipGE10mm_days
1957,Deutschland,21.91,precipGE10mm_days
1958,Deutschland,24.83,precipGE10mm_days
1959,Deutschland,13.69,precipGE10mm_days
1960,Deutschland,22.45,precipGE10mm_days
1961,Deutschland,24.53,precipGE10mm_days
1962,Deutschland,17.57,precipGE10mm_days
1963,Deutschland,17.58,precipGE10mm_days
1964,Deutschland,15.65,precipGE10mm_days
1965,Deutschland,28.03,precipGE10mm_days
1966,Deutschland,27.91,precipGE10mm_days
1967,Deutschland,22.54,precipGE10mm_days
1968,Deutschland,22.12,precipGE10mm_days
1969,Deutschland,19.25,precipGE10mm_days
1970,Deutschland,23.51,precipGE10mm_days
1971,Deutschland,15.45,precipGE10mm_days
1972,Deutschland,18.78,precipGE10mm_days
1973,Deutschland,17.64,precipGE10mm_days
1974,Deutschland,23.67,precipGE10mm_days
1975,Deutschland,17.5,precipGE10mm_days
1976,Deutschland,15.11,precipGE10mm_days
1977,Deutschland,22.56,precipGE10mm_days
1978,Deutschland,20.75,precipGE10mm_days
1979,Deutschland,21.42,precipGE10mm_days
1980,Deutschland,22.87,precipGE10mm_days
1981,Deutschland,27.33,precipGE10mm_days
1982,Deutschland,18.71,precipGE10mm_days
1983,Deutschland,21.14,precipGE10mm_days
1984,Deutschland,22.9,precipGE10mm_days
1985,Deutschland,17.75,precipGE10mm_days
1986,Deutschland,25.17,precipGE10mm_days
1987,Deutschland,24.4,precipGE10mm_days
1988,Deutschland,22.45,precipGE10mm_days
1989,Deutschland,19,precipGE10mm_days
1990,Deutschland,21.25,precipGE10mm_days
1991,Deutschland,16.46,precipGE10mm_days
1992,Deutschland,21.91,precipGE10mm_days
1993,Deutschland,25.41,precipGE10mm_days
1994,Deutschland,24.57,precipGE10mm_days
1995,Deutschland,24.8,precipGE10mm_days
1996,Deutschland,18.26,precipGE10mm_days
1997,Deutschland,19.63,precipGE10mm_days
1998,Deutschland,24.95,precipGE10mm_days
1999,Deutschland,22.13,precipGE10mm_days
2000,Deutschland,20.45,precipGE10mm_days
2001,Deutschland,25.11,precipGE10mm_days
2002,Deutschland,30.73,precipGE10mm_days
2003,Deutschland,16.27,precipGE10mm_days
2004,Deutschland,21.69,precipGE10mm_days
2005,Deutschland,20.72,precipGE10mm_days
2006,Deutschland,19.65,precipGE10mm_days
2007,Deutschland,27.64,precipGE10mm_days
2008,Deutschland,20.91,precipGE10mm_days
2009,Deutschland,20.95,precipGE10mm_days
2010,Deutschland,23.98,precipGE10mm_days
2011,Deutschland,20.56,precipGE10mm_days
2012,Deutschland,20.18,precipGE10mm_days
2013,Deutschland,21.65,precipGE10mm_days
2014,Deutschland,19.99,precipGE10mm_days
2015,Deutschland,18.83,precipGE10mm_days
2016,Deutschland,18.88,precipGE10mm_days
2017,Deutschland,24.17,precipGE10mm_days
2018,Deutschland,15.57,precipGE10mm_days
2019,Deutschland,19.32,precipGE10mm_days
2020,Deutschland,19.19,precipGE10mm_days
2021,Deutschland,21.17,precipGE10mm_days
2022,Deutschland,17.92,precipGE10mm_days
2023,Deutschland,28.23,precipGE10mm_days
2024,Deutschland,26.03,precipGE10mm_days
2025,Deutschland,17.88,precipGE10mm_days
1951,Hessen,19.54,precipGE10mm_days
1952,Hessen,22.72,precipGE10mm_days
1953,Hessen,13.06,precipGE10mm_days
1954,Hessen,21.04,precipGE10mm_days
1955,Hessen,19.16,precipGE10mm_days
1956,Hessen,24.68,precipGE10mm_days
1957,Hessen,21.8,precipGE10mm_days
1958,Hessen,26.68,precipGE10mm_days
1959,Hessen,11.99,precipGE10mm_days
1960,Hessen,23.99,precipGE10mm_days
1961,Hessen,27.52,precipGE10mm_days
1962,Hessen,16.44,precipGE10mm_days
1963,Hessen,17.49,precipGE10mm_days
1964,Hessen,14.56,precipGE10mm_days
1965,Hessen,30.06,precipGE10mm_days
1966,Hessen,31.11,precipGE10mm_days
1967,Hessen,24.53,precipGE10mm_days
1968,Hessen,22.7,precipGE10mm_days
1969,Hessen,19.13,precipGE10mm_days
1970,Hessen,22.29,precipGE10mm_days
1971,Hessen,16.03,precipGE10mm_days
1972,Hessen,20.41,precipGE10mm_days
1973,Hessen,15.78,precipGE10mm_days
1974,Hessen,24.1,precipGE10mm_days
1975,Hessen,17.44,precipGE10mm_days
1976,Hessen,12.38,precipGE10mm_days
1977,Hessen,22.67,precipGE10mm_days
1978,Hessen,18.05,precipGE10mm_days
1979,Hessen,22.32,precipGE10mm_days
1980,Hessen,21.59,precipGE10mm_days
1981,Hessen,29.05,precipGE10mm_days
1982,Hessen,19.74,precipGE10mm_days
1983,Hessen,20.27,precipGE10mm_days
1984,Hessen,26.33,precipGE10mm_days
1985,Hessen,17.02,precipGE10mm_days
1986,Hessen,23.57,precipGE10mm_days
1987,Hessen,25.98,precipGE10mm_days
1988,Hessen,20.57,precipGE10mm_days
1989,Hessen,21.3,precipGE10mm_days
1990,Hessen,20.52,precipGE10mm_days
1991,Hessen,14.69,precipGE10mm_days
1992,Hessen,23.63,precipGE10mm_days
1993,Hessen,22.47,precipGE10mm_days
1994,Hessen,24.38,precipGE10mm_days
1995,Hessen,24.5,precipGE10mm_days
1996,Hessen,18.64,precipGE10mm_days
1997,Hessen,16.44,precipGE10mm_days
1998,Hessen,25.01,precipGE10mm_days
1999,Hessen,20.61,precipGE10mm_days
2000,Hessen,20.27,precipGE10mm_days
2001,Hessen,22.12,precipGE10mm_days
2002,Hessen,30.98,precipGE10mm_days
2003,Hessen,15.22,precipGE10mm_days
2004,Hessen,20.96,precipGE10mm_days
2005,Hessen,18.59,precipGE10mm_days
2006,Hessen,20.19,precipGE10mm_days
2007,Hessen,27.88,precipGE10mm_days
2008,Hessen,17.86,precipGE10mm_days
2009,Hessen,22.43,precipGE10mm_days
2010,Hessen,21.75,precipGE10mm_days
2011,Hessen,16.31,precipGE10mm_days
2012,Hessen,20.89,precipGE10mm_days
2013,Hessen,22.06,precipGE10mm_days
2014,Hessen,21.64,precipGE10mm_days
2015,Hessen,14.96,precipGE10mm_days
2016,Hessen,16.85,precipGE10mm_days
2017,Hessen,24.57,precipGE10mm_days
2018,Hessen,15.31,precipGE10mm_days
2019,Hessen,18.69,precipGE10mm_days
2020,Hessen,17.22,precipGE10mm_days
2021,Hessen,18.04,precipGE10mm_days
2022,Hessen,19.32,precipGE10mm_days
2023,Hessen,28.51,precipGE10mm_days
2024,Hessen,26.34,precipGE10mm_days
2025,Hessen,17.06,precipGE10mm_days
1951,Mecklenburg-Vorpommern,15.75,precipGE10mm_days
1952,Mecklenburg-Vorpommern,11.74,precipGE10mm_days
1953,Mecklenburg-Vorpommern,10.37,precipGE10mm_days
1954,Mecklenburg-Vorpommern,15.68,precipGE10mm_days
1955,Mecklenburg-Vorpommern,13.37,precipGE10mm_days
1956,Mecklenburg-Vorpommern,14.95,precipGE10mm_days
1957,Mecklenburg-Vorpommern,11.42,precipGE10mm_days
1958,Mecklenburg-Vorpommern,14.1,precipGE10mm_days
1959,Mecklenburg-Vorpommern,8.84,precipGE10mm_days
1960,Mecklenburg-Vorpommern,19.49,precipGE10mm_days
1961,Mecklenburg-Vorpommern,16.07,precipGE10mm_days
1962,Mecklenburg-Vorpommern,11.01,precipGE10mm_days
1963,Mecklenburg-Vorpommern,12.5,precipGE10mm_days
1964,Mecklenburg-Vorpommern,9.72,precipGE10mm_days
1965,Mecklenburg-Vorpommern,17.98,precipGE10mm_days
1966,Mecklenburg-Vorpommern,15.23,precipGE10mm_days
1967,Mecklenburg-Vorpommern,16.22,precipGE10mm_days
1968,Mecklenburg-Vorpommern,15.89,precipGE10mm_days
1969,Mecklenburg-Vorpommern,11.14,precipGE10mm_days
1970,Mecklenburg-Vorpommern,16.24,precipGE10mm_days
1971,Mecklenburg-Vorpommern,7.7,precipGE10mm_days
1972,Mecklenburg-Vorpommern,14.26,precipGE10mm_days
1973,Mecklenburg-Vorpommern,11.39,precipGE10mm_days
1974,Mecklenburg-Vorpommern,14.26,precipGE10mm_days
1975,Mecklenburg-Vorpommern,10.23,precipGE10mm_days
1976,Mecklenburg-Vorpommern,11.44,precipGE10mm_days
1977,Mecklenburg-Vorpommern,12.55,precipGE10mm_days
1978,Mecklenburg-Vorpommern,11.46,precipGE10mm_days
1979,Mecklenburg-Vorpommern,11.05,precipGE10mm_days
1980,Mecklenburg-Vorpommern,15.81,precipGE10mm_days
1981,Mecklenburg-Vorpommern,15.55,precipGE10mm_days
1982,Mecklenburg-Vorpommern,7.84,precipGE10mm_days
1983,Mecklenburg-Vorpommern,14.69,precipGE10mm_days
1984,Mecklenburg-Vorpommern,13.36,precipGE10mm_days
1985,Mecklenburg-Vorpommern,8.78,precipGE10mm_days
1986,Mecklenburg-Vorpommern,14.9,precipGE10mm_days
1987,Mecklenburg-Vorpommern,11.61,precipGE10mm_days
1988,Mecklenburg-Vorpommern,10.59,precipGE10mm_days
1989,Mecklenburg-Vorpommern,9.44,precipGE10mm_days
1990,Mecklenburg-Vorpommern,12.93,precipGE10mm_days
1991,Mecklenburg-Vorpommern,10.04,precipGE10mm_days
1992,Mecklenburg-Vorpommern,12.6,precipGE10mm_days
1993,Mecklenburg-Vorpommern,18.97,precipGE10mm_days
1994,Mecklenburg-Vorpommern,18.4,precipGE10mm_days
1995,Mecklenburg-Vorpommern,13.61,precipGE10mm_days
1996,Mecklenburg-Vorpommern,11.54,precipGE10mm_days
1997,Mecklenburg-Vorpommern,13.01,precipGE10mm_days
1998,Mecklenburg-Vorpommern,18.2,precipGE10mm_days
1999,Mecklenburg-Vorpommern,13.09,precipGE10mm_days
2000,Mecklenburg-Vorpommern,11.23,precipGE10mm_days
2001,Mecklenburg-Vorpommern,14.17,precipGE10mm_days
2002,Mecklenburg-Vorpommern,19.74,precipGE10mm_days
2003,Mecklenburg-Vorpommern,9.68,precipGE10mm_days
2004,Mecklenburg-Vorpommern,13.72,precipGE10mm_days
2005,Mecklenburg-Vorpommern,14.85,precipGE10mm_days
2006,Mecklenburg-Vorpommern,12.16,precipGE10mm_days
2007,Mecklenburg-Vorpommern,20.3,precipGE10mm_days
2008,Mecklenburg-Vorpommern,12.47,precipGE10mm_days
2009,Mecklenburg-Vorpommern,11.58,precipGE10mm_days
2010,Mecklenburg-Vorpommern,19.88,precipGE10mm_days
2011,Mecklenburg-Vorpommern,19.45,precipGE10mm_days
2012,Mecklenburg-Vorpommern,9.44,precipGE10mm_days
2013,Mecklenburg-Vorpommern,16.5,precipGE10mm_days
2014,Mecklenburg-Vorpommern,14.1,precipGE10mm_days
2015,Mecklenburg-Vorpommern,14.32,precipGE10mm_days
2016,Mecklenburg-Vorpommern,9.11,precipGE10mm_days
2017,Mecklenburg-Vorpommern,18.76,precipGE10mm_days
2018,Mecklenburg-Vorpommern,9.31,precipGE10mm_days
2019,Mecklenburg-Vorpommern,13.4,precipGE10mm_days
2020,Mecklenburg-Vorpommern,13.11,precipGE10mm_days
2021,Mecklenburg-Vorpommern,13.79,precipGE10mm_days
2022,Mecklenburg-Vorpommern,10.3,precipGE10mm_days
2023,Mecklenburg-Vorpommern,15.27,precipGE10mm_days
2024,Mecklenburg-Vorpommern,17.03,precipGE10mm_days
2025,Mecklenburg-Vorpommern,11.37,precipGE10mm_days
1951,Niedersachsen,20.49,precipGE10mm_days
1952,Niedersachsen,16.94,precipGE10mm_days
1953,Niedersachsen,13.21,precipGE10mm_days
1954,Niedersachsen,23.04,precipGE10mm_days
1955,Niedersachsen,17.2,precipGE10mm_days
1956,Niedersachsen,20.68,precipGE10mm_days
1957,Niedersachsen,22.14,precipGE10mm_days
1958,Niedersachsen,20.6,precipGE10mm_days
1959,Niedersachsen,7.32,precipGE10mm_days
1960,Niedersachsen,20.1,precipGE10mm_days
1961,Niedersachsen,27.53,precipGE10mm_days
1962,Niedersachsen,15.69,precipGE10mm_days
1963,Niedersachsen,14.3,precipGE10mm_days
1964,Niedersachsen,11.67,precipGE10mm_days
1965,Niedersachsen,22.43,precipGE10mm_days
1966,Niedersachsen,24.11,precipGE10mm_days
1967,Niedersachsen,19.58,precipGE10mm_days
1968,Niedersachsen,18.44,precipGE10mm_days
1969,Niedersachsen,16.63,precipGE10mm_days
1970,Niedersachsen,20.06,precipGE10mm_days
1971,Niedersachsen,11.81,precipGE10mm_days
1972,Niedersachsen,16.98,precipGE10mm_days
1973,Niedersachsen,15.15,precipGE10mm_days
1974,Niedersachsen,16.68,precipGE10mm_days
1975,Niedersachsen,14.11,precipGE10mm_days
1976,Niedersachsen,13.51,precipGE10mm_days
1977,Niedersachsen,17.42,precipGE10mm_days
1978,Niedersachsen,18.54,precipGE10mm_days
1979,Niedersachsen,17.02,precipGE10mm_days
1980,Niedersachsen,19.35,precipGE10mm_days
1981,Niedersachsen,23.31,precipGE10mm_days
1982,Niedersachsen,14.97,precipGE10mm_days
1983,Niedersachsen,18.75,precipGE10mm_days
1984,Niedersachsen,20.8,precipGE10mm_days
1985,Niedersachsen,15.12,precipGE10mm_days
1986,Niedersachsen,21.26,precipGE10mm_days
1987,Niedersachsen,20.11,precipGE10mm_days
1988,Niedersachsen,18.4,precipGE10mm_days
1989,Niedersachsen,16.63,precipGE10mm_days
1990,Niedersachsen,20,precipGE10mm_days
1991,Niedersachsen,14.85,precipGE10mm_days
1992,Niedersachsen,19.33,precipGE10mm_days
1993,Niedersachsen,28.11,precipGE10mm_days
1994,Niedersachsen,26.18,precipGE10mm_days
1995,Niedersachsen,21.52,precipGE10mm_days
1996,Niedersachsen,14.89,precipGE10mm_days
1997,Niedersachsen,18.47,precipGE10mm_days
1998,Niedersachsen,26.87,precipGE10mm_days
1999,Niedersachsen,17.17,precipGE10mm_days
2000,Niedersachsen,15.05,precipGE10mm_days
2001,Niedersachsen,24.64,precipGE10mm_days
2002,Niedersachsen,29.05,precipGE10mm_days
2003,Niedersachsen,15.67,precipGE10mm_days
2004,Niedersachsen,22.28,precipGE10mm_days
2005,Niedersachsen,17.55,precipGE10mm_days
2006,Niedersachsen,14.61,precipGE10mm_days
2007,Niedersachsen,28.69,precipGE10mm_days
2008,Niedersachsen,21.06,precipGE10mm_days
2009,Niedersachsen,15.93,precipGE10mm_days
2010,Niedersachsen,19.68,precipGE10mm_days
2011,Niedersachsen,18.06,precipGE10mm_days
2012,Niedersachsen,16.77,precipGE10mm_days
2013,Niedersachsen,17.25,precipGE10mm_days
2014,Niedersachsen,16.89,precipGE10mm_days
2015,Niedersachsen,21.37,precipGE10mm_days
2016,Niedersachsen,14.84,precipGE10mm_days
2017,Niedersachsen,23.67,precipGE10mm_days
2018,Niedersachsen,12.01,precipGE10mm_days
2019,Niedersachsen,16.53,precipGE10mm_days
2020,Niedersachsen,16.8,precipGE10mm_days
2021,Niedersachsen,19.31,precipGE10mm_days
2022,Niedersachsen,15.85,precipGE10mm_days
2023,Niedersachsen,32.06,precipGE10mm_days
2024,Niedersachsen,25.46,precipGE10mm_days
2025,Niedersachsen,14.16,precipGE10mm_days
1951,Niedersachsen/Hamburg/Bremen,20.55,precipGE10mm_days
1952,Niedersachsen/Hamburg/Bremen,16.87,precipGE10mm_days
1953,Niedersachsen/Hamburg/Bremen,13.18,precipGE10mm_days
1954,Niedersachsen/Hamburg/Bremen,23.08,precipGE10mm_days
1955,Niedersachsen/Hamburg/Bremen,17.18,precipGE10mm_days
1956,Niedersachsen/Hamburg/Bremen,20.63,precipGE10mm_days
1957,Niedersachsen/Hamburg/Bremen,22.09,precipGE10mm_days
1958,Niedersachsen/Hamburg/Bremen,20.56,precipGE10mm_days
1959,Niedersachsen/Hamburg/Bremen,7.36,precipGE10mm_days
1960,Niedersachsen/Hamburg/Bremen,20.07,precipGE10mm_days
1961,Niedersachsen/Hamburg/Bremen,27.45,precipGE10mm_days
1962,Niedersachsen/Hamburg/Bremen,15.66,precipGE10mm_days
1963,Niedersachsen/Hamburg/Bremen,14.27,precipGE10mm_days
1964,Niedersachsen/Hamburg/Bremen,11.64,precipGE10mm_days
1965,Niedersachsen/Hamburg/Bremen,22.47,precipGE10mm_days
1966,Niedersachsen/Hamburg/Bremen,24.05,precipGE10mm_days
1967,Niedersachsen/Hamburg/Bremen,19.52,precipGE10mm_days
1968,Niedersachsen/Hamburg/Bremen,18.47,precipGE10mm_days
1969,Niedersachsen/Hamburg/Bremen,16.64,precipGE10mm_days
1970,Niedersachsen/Hamburg/Bremen,20.07,precipGE10mm_days
1971,Niedersachsen/Hamburg/Bremen,11.78,precipGE10mm_days
1972,Niedersachsen/Hamburg/Bremen,16.98,precipGE10mm_days
1973,Niedersachsen/Hamburg/Bremen,15.19,precipGE10mm_days
1974,Niedersachsen/Hamburg/Bremen,16.73,precipGE10mm_days
1975,Niedersachsen/Hamburg/Bremen,14.1,precipGE10mm_days
1976,Niedersachsen/Hamburg/Bremen,13.5,precipGE10mm_days
1977,Niedersachsen/Hamburg/Bremen,17.45,precipGE10mm_days
1978,Niedersachsen/Hamburg/Bremen,18.53,precipGE10mm_days
1979,Niedersachsen/Hamburg/Bremen,17.02,precipGE10mm_days
1980,Niedersachsen/Hamburg/Bremen,19.38,precipGE10mm_days
1981,Niedersachsen/Hamburg/Bremen,23.3,precipGE10mm_days
1982,Niedersachsen/Hamburg/Bremen,14.92,precipGE10mm_days
1983,Niedersachsen/Hamburg/Bremen,18.79,precipGE10mm_days
1984,Niedersachsen/Hamburg/Bremen,20.75,precipGE10mm_days
1985,Niedersachsen/Hamburg/Bremen,15.13,precipGE10mm_days
1986,Niedersachsen/Hamburg/Bremen,21.2,precipGE10mm_days
1987,Niedersachsen/Hamburg/Bremen,20.05,precipGE10mm_days
1988,Niedersachsen/Hamburg/Bremen,18.39,precipGE10mm_days
1989,Niedersachsen/Hamburg/Bremen,16.66,precipGE10mm_days
1990,Niedersachsen/Hamburg/Bremen,20.03,precipGE10mm_days
1991,Niedersachsen/Hamburg/Bremen,14.88,precipGE10mm_days
1992,Niedersachsen/Hamburg/Bremen,19.28,precipGE10mm_days
1993,Niedersachsen/Hamburg/Bremen,28.13,precipGE10mm_days
1994,Niedersachsen/Hamburg/Bremen,26.21,precipGE10mm_days
1995,Niedersachsen/Hamburg/Bremen,21.54,precipGE10mm_days
1996,Niedersachsen/Hamburg/Bremen,14.83,precipGE10mm_days
1997,Niedersachsen/Hamburg/Bremen,18.45,precipGE10mm_days
1998,Niedersachsen/Hamburg/Bremen,26.9,precipGE10mm_days
1999,Niedersachsen/Hamburg/Bremen,17.13,precipGE10mm_days
2000,Niedersachsen/Hamburg/Bremen,15.03,precipGE10mm_days
2001,Niedersachsen/Hamburg/Bremen,24.7,precipGE10mm_days
2002,Niedersachsen/Hamburg/Bremen,29.04,precipGE10mm_days
2003,Niedersachsen/Hamburg/Bremen,15.67,precipGE10mm_days
2004,Niedersachsen/Hamburg/Bremen,22.28,precipGE10mm_days
2005,Niedersachsen/Hamburg/Bremen,17.61,precipGE10mm_days
2006,Niedersachsen/Hamburg/Bremen,14.61,precipGE10mm_days
2007,Niedersachsen/Hamburg/Bremen,28.69,precipGE10mm_days
2008,Niedersachsen/Hamburg/Bremen,21.05,precipGE10mm_days
2009,Niedersachsen/Hamburg/Bremen,15.94,precipGE10mm_days
2010,Niedersachsen/Hamburg/Bremen,19.71,precipGE10mm_days
2011,Niedersachsen/Hamburg/Bremen,18.13,precipGE10mm_days
2012,Niedersachsen/Hamburg/Bremen,16.75,precipGE10mm_days
2013,Niedersachsen/Hamburg/Bremen,17.32,precipGE10mm_days
2014,Niedersachsen/Hamburg/Bremen,16.85,precipGE10mm_days
2015,Niedersachsen/Hamburg/Bremen,21.39,precipGE10mm_days
2016,Niedersachsen/Hamburg/Bremen,14.89,precipGE10mm_days
2017,Niedersachsen/Hamburg/Bremen,23.68,precipGE10mm_days
2018,Niedersachsen/Hamburg/Bremen,12,precipGE10mm_days
2019,Niedersachsen/Hamburg/Bremen,16.53,precipGE10mm_days
2020,Niedersachsen/Hamburg/Bremen,16.78,precipGE10mm_days
2021,Niedersachsen/Hamburg/Bremen,19.33,precipGE10mm_days
2022,Niedersachsen/Hamburg/Bremen,15.87,precipGE10mm_days
2023,Niedersachsen/Hamburg/Bremen,31.97,precipGE10mm_days
2024,Niedersachsen/Hamburg/Bremen,25.48,precipGE10mm_days
2025,Niedersachsen/Hamburg/Bremen,14.16,precipGE10mm_days
1951,Nordrhein-Westfalen,25.35,precipGE10mm_days
1952,Nordrhein-Westfalen,23.55,precipGE10mm_days
1953,Nordrhein-Westfalen,16.06,precipGE10mm_days
1954,Nordrhein-Westfalen,27.95,precipGE10mm_days
1955,Nordrhein-Westfalen,21.29,precipGE10mm_days
1956,Nordrhein-Westfalen,27.22,precipGE10mm_days
1957,Nordrhein-Westfalen,28.58,precipGE10mm_days
1958,Nordrhein-Westfalen,28.44,precipGE10mm_days
1959,Nordrhein-Westfalen,11.25,precipGE10mm_days
1960,Nordrhein-Westfalen,27.87,precipGE10mm_days
1961,Nordrhein-Westfalen,33.26,precipGE10mm_days
1962,Nordrhein-Westfalen,20.91,precipGE10mm_days
1963,Nordrhein-Westfalen,18.17,precipGE10mm_days
1964,Nordrhein-Westfalen,16.55,precipGE10mm_days
1965,Nordrhein-Westfalen,32.82,precipGE10mm_days
1966,Nordrhein-Westfalen,34.38,precipGE10mm_days
1967,Nordrhein-Westfalen,24.33,precipGE10mm_days
1968,Nordrhein-Westfalen,22.62,precipGE10mm_days
1969,Nordrhein-Westfalen,21.08,precipGE10mm_days
1970,Nordrhein-Westfalen,27.15,precipGE10mm_days
1971,Nordrhein-Westfalen,16.46,precipGE10mm_days
1972,Nordrhein-Westfalen,20.85,precipGE10mm_days
1973,Nordrhein-Westfalen,17.98,precipGE10mm_days
1974,Nordrhein-Westfalen,27.88,precipGE10mm_days
1975,Nordrhein-Westfalen,18.36,precipGE10mm_days
1976,Nordrhein-Westfalen,15.14,precipGE10mm_days
1977,Nordrhein-Westfalen,22.52,precipGE10mm_days
1978,Nordrhein-Westfalen,22.57,precipGE10mm_days
1979,Nordrhein-Westfalen,23.67,precipGE10mm_days
1980,Nordrhein-Westfalen,24.05,precipGE10mm_days
1981,Nordrhein-Westfalen,30.69,precipGE10mm_days
1982,Nordrhein-Westfalen,21.9,precipGE10mm_days
1983,Nordrhein-Westfalen,22.71,precipGE10mm_days
1984,Nordrhein-Westfalen,29.72,precipGE10mm_days
1985,Nordrhein-Westfalen,20.85,precipGE10mm_days
1986,Nordrhein-Westfalen,29.27,precipGE10mm_days
1987,Nordrhein-Westfalen,28.97,precipGE10mm_days
1988,Nordrhein-Westfalen,25.57,precipGE10mm_days
1989,Nordrhein-Westfalen,22.27,precipGE10mm_days
1990,Nordrhein-Westfalen,22.13,precipGE10mm_days
1991,Nordrhein-Westfalen,21.51,precipGE10mm_days
1992,Nordrhein-Westfalen,25.86,precipGE10mm_days
1993,Nordrhein-Westfalen,33.22,precipGE10mm_days
1994,Nordrhein-Westfalen,30.47,precipGE10mm_days
1995,Nordrhein-Westfalen,24.44,precipGE10mm_days
1996,Nordrhein-Westfalen,19.65,precipGE10mm_days
1997,Nordrhein-Westfalen,22.4,precipGE10mm_days
1998,Nordrhein-Westfalen,32.35,precipGE10mm_days
1999,Nordrhein-Westfalen,26.2,precipGE10mm_days
2000,Nordrhein-Westfalen,23.46,precipGE10mm_days
2001,Nordrhein-Westfalen,28.19,precipGE10mm_days
2002,Nordrhein-Westfalen,33.73,precipGE10mm_days
2003,Nordrhein-Westfalen,22.88,precipGE10mm_days
2004,Nordrhein-Westfalen,27.18,precipGE10mm_days
2005,Nordrhein-Westfalen,23.27,precipGE10mm_days
2006,Nordrhein-Westfalen,23.13,precipGE10mm_days
2007,Nordrhein-Westfalen,34.01,precipGE10mm_days
2008,Nordrhein-Westfalen,23.7,precipGE10mm_days
2009,Nordrhein-Westfalen,24.09,precipGE10mm_days
2010,Nordrhein-Westfalen,23.72,precipGE10mm_days
2011,Nordrhein-Westfalen,21.22,precipGE10mm_days
2012,Nordrhein-Westfalen,21.86,precipGE10mm_days
2013,Nordrhein-Westfalen,18.58,precipGE10mm_days
2014,Nordrhein-Westfalen,22.58,precipGE10mm_days
2015,Nordrhein-Westfalen,22.48,precipGE10mm_days
2016,Nordrhein-Westfalen,19.72,precipGE10mm_days
2017,Nordrhein-Westfalen,23.56,precipGE10mm_days
2018,Nordrhein-Westfalen,16.51,precipGE10mm_days
2019,Nordrhein-Westfalen,20.93,precipGE10mm_days
2020,Nordrhein-Westfalen,18.19,precipGE10mm_days
2021,Nordrhein-Westfalen,20.73,precipGE10mm_days
2022,Nordrhein-Westfalen,20.81,precipGE10mm_days
2023,Nordrhein-Westfalen,38.43,precipGE10mm_days
2024,Nordrhein-Westfalen,30.14,precipGE10mm_days
2025,Nordrhein-Westfalen,19.11,precipGE10mm_days
1951,Rheinland-Pfalz,24.03,precipGE10mm_days
1952,Rheinland-Pfalz,26.07,precipGE10mm_days
1953,Rheinland-Pfalz,12.53,precipGE10mm_days
1954,Rheinland-Pfalz,20.93,precipGE10mm_days
1955,Rheinland-Pfalz,18.75,precipGE10mm_days
1956,Rheinland-Pfalz,22.13,precipGE10mm_days
1957,Rheinland-Pfalz,20.17,precipGE10mm_days
1958,Rheinland-Pfalz,26.13,precipGE10mm_days
1959,Rheinland-Pfalz,13.73,precipGE10mm_days
1960,Rheinland-Pfalz,21.39,precipGE10mm_days
1961,Rheinland-Pfalz,22.68,precipGE10mm_days
1962,Rheinland-Pfalz,16.46,precipGE10mm_days
1963,Rheinland-Pfalz,16.35,precipGE10mm_days
1964,Rheinland-Pfalz,16.55,precipGE10mm_days
1965,Rheinland-Pfalz,30.84,precipGE10mm_days
1966,Rheinland-Pfalz,29.38,precipGE10mm_days
1967,Rheinland-Pfalz,24.88,precipGE10mm_days
1968,Rheinland-Pfalz,23.84,precipGE10mm_days
1969,Rheinland-Pfalz,19.09,precipGE10mm_days
1970,Rheinland-Pfalz,22,precipGE10mm_days
1971,Rheinland-Pfalz,15.88,precipGE10mm_days
1972,Rheinland-Pfalz,17.93,precipGE10mm_days
1973,Rheinland-Pfalz,16.13,precipGE10mm_days
1974,Rheinland-Pfalz,21.06,precipGE10mm_days
1975,Rheinland-Pfalz,18.28,precipGE10mm_days
1976,Rheinland-Pfalz,14.74,precipGE10mm_days
1977,Rheinland-Pfalz,23.35,precipGE10mm_days
1978,Rheinland-Pfalz,21.49,precipGE10mm_days
1979,Rheinland-Pfalz,25.56,precipGE10mm_days
1980,Rheinland-Pfalz,25.99,precipGE10mm_days
1981,Rheinland-Pfalz,29.15,precipGE10mm_days
1982,Rheinland-Pfalz,24.27,precipGE10mm_days
1983,Rheinland-Pfalz,22.22,precipGE10mm_days
1984,Rheinland-Pfalz,28.42,precipGE10mm_days
1985,Rheinland-Pfalz,17.46,precipGE10mm_days
1986,Rheinland-Pfalz,24.87,precipGE10mm_days
1987,Rheinland-Pfalz,27.33,precipGE10mm_days
1988,Rheinland-Pfalz,24.76,precipGE10mm_days
1989,Rheinland-Pfalz,23.62,precipGE10mm_days
1990,Rheinland-Pfalz,22.04,precipGE10mm_days
1991,Rheinland-Pfalz,17.58,precipGE10mm_days
1992,Rheinland-Pfalz,22.81,precipGE10mm_days
1993,Rheinland-Pfalz,23.64,precipGE10mm_days
1994,Rheinland-Pfalz,21.35,precipGE10mm_days
1995,Rheinland-Pfalz,27.53,precipGE10mm_days
1996,Rheinland-Pfalz,16.6,precipGE10mm_days
1997,Rheinland-Pfalz,20.22,precipGE10mm_days
1998,Rheinland-Pfalz,23.4,precipGE10mm_days
1999,Rheinland-Pfalz,23.69,precipGE10mm_days
2000,Rheinland-Pfalz,27.94,precipGE10mm_days
2001,Rheinland-Pfalz,27.08,precipGE10mm_days
2002,Rheinland-Pfalz,30.21,precipGE10mm_days
2003,Rheinland-Pfalz,17.72,precipGE10mm_days
2004,Rheinland-Pfalz,20.34,precipGE10mm_days
2005,Rheinland-Pfalz,17.05,precipGE10mm_days
2006,Rheinland-Pfalz,21.67,precipGE10mm_days
2007,Rheinland-Pfalz,24.18,precipGE10mm_days
2008,Rheinland-Pfalz,20.08,precipGE10mm_days
2009,Rheinland-Pfalz,23.35,precipGE10mm_days
2010,Rheinland-Pfalz,22.68,precipGE10mm_days
2011,Rheinland-Pfalz,17.16,precipGE10mm_days
2012,Rheinland-Pfalz,21.38,precipGE10mm_days
2013,Rheinland-Pfalz,23.52,precipGE10mm_days
2014,Rheinland-Pfalz,22.43,precipGE10mm_days
2015,Rheinland-Pfalz,16.33,precipGE10mm_days
2016,Rheinland-Pfalz,21.64,precipGE10mm_days
2017,Rheinland-Pfalz,22.75,precipGE10mm_days
2018,Rheinland-Pfalz,18.24,precipGE10mm_days
2019,Rheinland-Pfalz,20,precipGE10mm_days
2020,Rheinland-Pfalz,19.51,precipGE10mm_days
2021,Rheinland-Pfalz,20.41,precipGE10mm_days
2022,Rheinland-Pfalz,21.05,precipGE10mm_days
2023,Rheinland-Pfalz,28.95,precipGE10mm_days
2024,Rheinland-Pfalz,28.6,precipGE10mm_days
2025,Rheinland-Pfalz,21.62,precipGE10mm_days
1951,Saarland,29.07,precipGE10mm_days
1952,Saarland,33.04,precipGE10mm_days
1953,Saarland,11.36,precipGE10mm_days
1954,Saarland,24.1,precipGE10mm_days
1955,Saarland,25.22,precipGE10mm_days
1956,Saarland,24.9,precipGE10mm_days
1957,Saarland,26.91,precipGE10mm_days
1958,Saarland,40.44,precipGE10mm_days
1959,Saarland,16.64,precipGE10mm_days
1960,Saarland,31.86,precipGE10mm_days
1961,Saarland,29.86,precipGE10mm_days
1962,Saarland,20.14,precipGE10mm_days
1963,Saarland,24.78,precipGE10mm_days
1964,Saarland,20.95,precipGE10mm_days
1965,Saarland,42.68,precipGE10mm_days
1966,Saarland,34.25,precipGE10mm_days
1967,Saarland,32.46,precipGE10mm_days
1968,Saarland,30.26,precipGE10mm_days
1969,Saarland,26.16,precipGE10mm_days
1970,Saarland,29.89,precipGE10mm_days
1971,Saarland,19.46,precipGE10mm_days
1972,Saarland,21.38,precipGE10mm_days
1973,Saarland,20.47,precipGE10mm_days
1974,Saarland,25.13,precipGE10mm_days
1975,Saarland,20.62,precipGE10mm_days
1976,Saarland,17.96,precipGE10mm_days
1977,Saarland,33.24,precipGE10mm_days
1978,Saarland,31.49,precipGE10mm_days
1979,Saarland,35.14,precipGE10mm_days
1980,Saarland,36.66,precipGE10mm_days
1981,Saarland,36.51,precipGE10mm_days
1982,Saarland,32.56,precipGE10mm_days
1983,Saarland,28.31,precipGE10mm_days
1984,Saarland,35.97,precipGE10mm_days
1985,Saarland,20.74,precipGE10mm_days
1986,Saarland,32.45,precipGE10mm_days
1987,Saarland,32.59,precipGE10mm_days
1988,Saarland,34.22,precipGE10mm_days
1989,Saarland,28.67,precipGE10mm_days
1990,Saarland,27.38,precipGE10mm_days
1991,Saarland,22.84,precipGE10mm_days
1992,Saarland,26.46,precipGE10mm_days
1993,Saarland,29.51,precipGE10mm_days
1994,Saarland,27.63,precipGE10mm_days
1995,Saarland,37.23,precipGE10mm_days
1996,Saarland,19.41,precipGE10mm_days
1997,Saarland,26.93,precipGE10mm_days
1998,Saarland,28.24,precipGE10mm_days
1999,Saarland,31.93,precipGE10mm_days
2000,Saarland,41.27,precipGE10mm_days
2001,Saarland,39.84,precipGE10mm_days
2002,Saarland,36.58,precipGE10mm_days
2003,Saarland,20.89,precipGE10mm_days
2004,Saarland,24.32,precipGE10mm_days
2005,Saarland,20.88,precipGE10mm_days
2006,Saarland,26.93,precipGE10mm_days
2007,Saarland,31.56,precipGE10mm_days
2008,Saarland,24.82,precipGE10mm_days
2009,Saarland,28.51,precipGE10mm_days
2010,Saarland,30.81,precipGE10mm_days
2011,Saarland,20.74,precipGE10mm_days
2012,Saarland,28.43,precipGE10mm_days
2013,Saarland,29.85,precipGE10mm_days
2014,Saarland,26.02,precipGE10mm_days
2015,Saarland,18.5,precipGE10mm_days
2016,Saarland,28.77,precipGE10mm_days
2017,Saarland,28.67,precipGE10mm_days
2018,Saarland,27.4,precipGE10mm_days
2019,Saarland,28.25,precipGE10mm_days
2020,Saarland,28.21,precipGE10mm_days
2021,Saarland,26.15,precipGE10mm_days
2022,Saarland,26.69,precipGE10mm_days
2023,Saarland,42.09,precipGE10mm_days
2024,Saarland,38.9,precipGE10mm_days
2025,Saarland,27.24,precipGE10mm_days
1951,Sachsen,14.19,precipGE10mm_days
1952,Sachsen,17.56,precipGE10mm_days
1953,Sachsen,14.11,precipGE10mm_days
1954,Sachsen,23.22,precipGE10mm_days
1955,Sachsen,19.83,precipGE10mm_days
1956,Sachsen,21.97,precipGE10mm_days
1957,Sachsen,19.29,precipGE10mm_days
1958,Sachsen,20.04,precipGE10mm_days
1959,Sachsen,13.64,precipGE10mm_days
1960,Sachsen,19.27,precipGE10mm_days
1961,Sachsen,19.04,precipGE10mm_days
1962,Sachsen,11.69,precipGE10mm_days
1963,Sachsen,11.83,precipGE10mm_days
1964,Sachsen,12.59,precipGE10mm_days
1965,Sachsen,22.22,precipGE10mm_days
1966,Sachsen,23.97,precipGE10mm_days
1967,Sachsen,21.23,precipGE10mm_days
1968,Sachsen,14.2,precipGE10mm_days
1969,Sachsen,16.38,precipGE10mm_days
1970,Sachsen,21.37,precipGE10mm_days
1971,Sachsen,14.69,precipGE10mm_days
1972,Sachsen,13.95,precipGE10mm_days
1973,Sachsen,14.53,precipGE10mm_days
1974,Sachsen,25.97,precipGE10mm_days
1975,Sachsen,13.74,precipGE10mm_days
1976,Sachsen,12.17,precipGE10mm_days
1977,Sachsen,20.14,precipGE10mm_days
1978,Sachsen,17.95,precipGE10mm_days
1979,Sachsen,18.29,precipGE10mm_days
1980,Sachsen,20.18,precipGE10mm_days
1981,Sachsen,28.33,precipGE10mm_days
1982,Sachsen,10.09,precipGE10mm_days
1983,Sachsen,16.97,precipGE10mm_days
1984,Sachsen,16.04,precipGE10mm_days
1985,Sachsen,11.04,precipGE10mm_days
1986,Sachsen,20.49,precipGE10mm_days
1987,Sachsen,23.23,precipGE10mm_days
1988,Sachsen,16.52,precipGE10mm_days
1989,Sachsen,15.34,precipGE10mm_days
1990,Sachsen,13.29,precipGE10mm_days
1991,Sachsen,11.51,precipGE10mm_days
1992,Sachsen,16.91,precipGE10mm_days
1993,Sachsen,21.45,precipGE10mm_days
1994,Sachsen,20.11,precipGE10mm_days
1995,Sachsen,23.55,precipGE10mm_days
1996,Sachsen,14.41,precipGE10mm_days
1997,Sachsen,16.98,precipGE10mm_days
1998,Sachsen,19.04,precipGE10mm_days
1999,Sachsen,15.36,precipGE10mm_days
2000,Sachsen,17.92,precipGE10mm_days
2001,Sachsen,18.58,precipGE10mm_days
2002,Sachsen,24.37,precipGE10mm_days
2003,Sachsen,11.23,precipGE10mm_days
2004,Sachsen,19.53,precipGE10mm_days
2005,Sachsen,20.71,precipGE10mm_days
2006,Sachsen,15.16,precipGE10mm_days
2007,Sachsen,22,precipGE10mm_days
2008,Sachsen,18.44,precipGE10mm_days
2009,Sachsen,19.78,precipGE10mm_days
2010,Sachsen,27.5,precipGE10mm_days
2011,Sachsen,17.39,precipGE10mm_days
2012,Sachsen,17.76,precipGE10mm_days
2013,Sachsen,20.15,precipGE10mm_days
2014,Sachsen,15.36,precipGE10mm_days
2015,Sachsen,16.1,precipGE10mm_days
2016,Sachsen,18.09,precipGE10mm_days
2017,Sachsen,19.51,precipGE10mm_days
2018,Sachsen,11.42,precipGE10mm_days
2019,Sachsen,15.01,precipGE10mm_days
2020,Sachsen,16.07,precipGE10mm_days
2021,Sachsen,19.56,precipGE10mm_days
2022,Sachsen,12.85,precipGE10mm_days
2023,Sachsen,19.37,precipGE10mm_days
2024,Sachsen,17.98,precipGE10mm_days
2025,Sachsen,13.93,precipGE10mm_days
1951,Sachsen-Anhalt,13.43,precipGE10mm_days
1952,Sachsen-Anhalt,14.05,precipGE10mm_days
1953,Sachsen-Anhalt,9.47,precipGE10mm_days
1954,Sachsen-Anhalt,16.11,precipGE10mm_days
1955,Sachsen-Anhalt,14.89,precipGE10mm_days
1956,Sachsen-Anhalt,16.71,precipGE10mm_days
1957,Sachsen-Anhalt,14.1,precipGE10mm_days
1958,Sachsen-Anhalt,14.35,precipGE10mm_days
1959,Sachsen-Anhalt,7.85,precipGE10mm_days
1960,Sachsen-Anhalt,14.2,precipGE10mm_days
1961,Sachsen-Anhalt,17.07,precipGE10mm_days
1962,Sachsen-Anhalt,8.36,precipGE10mm_days
1963,Sachsen-Anhalt,8.83,precipGE10mm_days
1964,Sachsen-Anhalt,8.34,precipGE10mm_days
1965,Sachsen-Anhalt,14.65,precipGE10mm_days
1966,Sachsen-Anhalt,16.62,precipGE10mm_days
1967,Sachsen-Anhalt,14.91,precipGE10mm_days
1968,Sachsen-Anhalt,11.45,precipGE10mm_days
1969,Sachsen-Anhalt,12.43,precipGE10mm_days
1970,Sachsen-Anhalt,15.63,precipGE10mm_days
1971,Sachsen-Anhalt,9.11,precipGE10mm_days
1972,Sachsen-Anhalt,14.94,precipGE10mm_days
1973,Sachsen-Anhalt,7.66,precipGE10mm_days
1974,Sachsen-Anhalt,12.18,precipGE10mm_days
1975,Sachsen-Anhalt,8.28,precipGE10mm_days
1976,Sachsen-Anhalt,6.75,precipGE10mm_days
1977,Sachsen-Anhalt,17.02,precipGE10mm_days
1978,Sachsen-Anhalt,10.96,precipGE10mm_days
1979,Sachsen-Anhalt,11.97,precipGE10mm_days
1980,Sachsen-Anhalt,12.86,precipGE10mm_days
1981,Sachsen-Anhalt,16.76,precipGE10mm_days
1982,Sachsen-Anhalt,6.75,precipGE10mm_days
1983,Sachsen-Anhalt,14.13,precipGE10mm_days
1984,Sachsen-Anhalt,13.65,precipGE10mm_days
1985,Sachsen-Anhalt,7.29,precipGE10mm_days
1986,Sachsen-Anhalt,16.26,precipGE10mm_days
1987,Sachsen-Anhalt,13.56,precipGE10mm_days
1988,Sachsen-Anhalt,8.9,precipGE10mm_days
1989,Sachsen-Anhalt,9.26,precipGE10mm_days
1990,Sachsen-Anhalt,10.89,precipGE10mm_days
1991,Sachsen-Anhalt,8.26,precipGE10mm_days
1992,Sachsen-Anhalt,13.88,precipGE10mm_days
1993,Sachsen-Anhalt,15.5,precipGE10mm_days
1994,Sachsen-Anhalt,18.1,precipGE10mm_days
1995,Sachsen-Anhalt,12.48,precipGE10mm_days
1996,Sachsen-Anhalt,10.92,precipGE10mm_days
1997,Sachsen-Anhalt,11.18,precipGE10mm_days
1998,Sachsen-Anhalt,12.88,precipGE10mm_days
1999,Sachsen-Anhalt,9.92,precipGE10mm_days
2000,Sachsen-Anhalt,10.69,precipGE10mm_days
2001,Sachsen-Anhalt,13.57,precipGE10mm_days
2002,Sachsen-Anhalt,19.8,precipGE10mm_days
2003,Sachsen-Anhalt,9.13,precipGE10mm_days
2004,Sachsen-Anhalt,13.81,precipGE10mm_days
2005,Sachsen-Anhalt,12.6,precipGE10mm_days
2006,Sachsen-Anhalt,8.44,precipGE10mm_days
2007,Sachsen-Anhalt,21.01,precipGE10mm_days
2008,Sachsen-Anhalt,15.16,precipGE10mm_days
2009,Sachsen-Anhalt,14.53,precipGE10mm_days
2010,Sachsen-Anhalt,20.57,precipGE10mm_days
2011,Sachsen-Anhalt,13.25,precipGE10mm_days
2012,Sachsen-Anhalt,11,precipGE10mm_days
2013,Sachsen-Anhalt,15.85,precipGE10mm_days
2014,Sachsen-Anhalt,12.91,precipGE10mm_days
2015,Sachsen-Anhalt,13.32,precipGE10mm_days
2016,Sachsen-Anhalt,9.48,precipGE10mm_days
2017,Sachsen-Anhalt,14.7,precipGE10mm_days
2018,Sachsen-Anhalt,6.6,precipGE10mm_days
2019,Sachsen-Anhalt,10.15,precipGE10mm_days
2020,Sachsen-Anhalt,10.33,precipGE10mm_days
2021,Sachsen-Anhalt,13.04,precipGE10mm_days
2022,Sachsen-Anhalt,7.42,precipGE10mm_days
2023,Sachsen-Anhalt,17.85,precipGE10mm_days
2024,Sachsen-Anhalt,14.91,precipGE10mm_days
2025,Sachsen-Anhalt,9.43,precipGE10mm_days
1951,Schleswig-Holstein,26.08,precipGE10mm_days
1952,Schleswig-Holstein,18.39,precipGE10mm_days
1953,Schleswig-Holstein,16.95,precipGE10mm_days
1954,Schleswig-Holstein,25.2,precipGE10mm_days
1955,Schleswig-Holstein,14.96,precipGE10mm_days
1956,Schleswig-Holstein,18.44,precipGE10mm_days
1957,Schleswig-Holstein,20.38,precipGE10mm_days
1958,Schleswig-Holstein,20.91,precipGE10mm_days
1959,Schleswig-Holstein,9.54,precipGE10mm_days
1960,Schleswig-Holstein,23.15,precipGE10mm_days
1961,Schleswig-Holstein,21.28,precipGE10mm_days
1962,Schleswig-Holstein,21.42,precipGE10mm_days
1963,Schleswig-Holstein,17.18,precipGE10mm_days
1964,Schleswig-Holstein,14.11,precipGE10mm_days
1965,Schleswig-Holstein,27.54,precipGE10mm_days
1966,Schleswig-Holstein,27.38,precipGE10mm_days
1967,Schleswig-Holstein,21.58,precipGE10mm_days
1968,Schleswig-Holstein,20.52,precipGE10mm_days
1969,Schleswig-Holstein,19.83,precipGE10mm_days
1970,Schleswig-Holstein,22.23,precipGE10mm_days
1971,Schleswig-Holstein,12.13,precipGE10mm_days
1972,Schleswig-Holstein,16.97,precipGE10mm_days
1973,Schleswig-Holstein,20.51,precipGE10mm_days
1974,Schleswig-Holstein,19.45,precipGE10mm_days
1975,Schleswig-Holstein,12.98,precipGE10mm_days
1976,Schleswig-Holstein,12.75,precipGE10mm_days
1977,Schleswig-Holstein,20.57,precipGE10mm_days
1978,Schleswig-Holstein,19.44,precipGE10mm_days
1979,Schleswig-Holstein,20.01,precipGE10mm_days
1980,Schleswig-Holstein,27.96,precipGE10mm_days
1981,Schleswig-Holstein,24.62,precipGE10mm_days
1982,Schleswig-Holstein,17.32,precipGE10mm_days
1983,Schleswig-Holstein,21.71,precipGE10mm_days
1984,Schleswig-Holstein,23.08,precipGE10mm_days
1985,Schleswig-Holstein,20.39,precipGE10mm_days
1986,Schleswig-Holstein,22.58,precipGE10mm_days
1987,Schleswig-Holstein,21.4,precipGE10mm_days
1988,Schleswig-Holstein,24.57,precipGE10mm_days
1989,Schleswig-Holstein,16.77,precipGE10mm_days
1990,Schleswig-Holstein,30.08,precipGE10mm_days
1991,Schleswig-Holstein,20.8,precipGE10mm_days
1992,Schleswig-Holstein,18.85,precipGE10mm_days
1993,Schleswig-Holstein,24.53,precipGE10mm_days
1994,Schleswig-Holstein,29.06,precipGE10mm_days
1995,Schleswig-Holstein,19.59,precipGE10mm_days
1996,Schleswig-Holstein,14.96,precipGE10mm_days
1997,Schleswig-Holstein,21.46,precipGE10mm_days
1998,Schleswig-Holstein,29.58,precipGE10mm_days
1999,Schleswig-Holstein,20.59,precipGE10mm_days
2000,Schleswig-Holstein,13.45,precipGE10mm_days
2001,Schleswig-Holstein,22.92,precipGE10mm_days
2002,Schleswig-Holstein,30.3,precipGE10mm_days
2003,Schleswig-Holstein,16.06,precipGE10mm_days
2004,Schleswig-Holstein,24.14,precipGE10mm_days
2005,Schleswig-Holstein,18.74,precipGE10mm_days
2006,Schleswig-Holstein,17.78,precipGE10mm_days
2007,Schleswig-Holstein,28.03,precipGE10mm_days
2008,Schleswig-Holstein,20.93,precipGE10mm_days
2009,Schleswig-Holstein,16.58,precipGE10mm_days
2010,Schleswig-Holstein,24.14,precipGE10mm_days
2011,Schleswig-Holstein,26.44,precipGE10mm_days
2012,Schleswig-Holstein,18.7,precipGE10mm_days
2013,Schleswig-Holstein,22.2,precipGE10mm_days
2014,Schleswig-Holstein,22.14,precipGE10mm_days
2015,Schleswig-Holstein,25.89,precipGE10mm_days
2016,Schleswig-Holstein,18.2,precipGE10mm_days
2017,Schleswig-Holstein,28.73,precipGE10mm_days
2018,Schleswig-Holstein,13.36,precipGE10mm_days
2019,Schleswig-Holstein,19.92,precipGE10mm_days
2020,Schleswig-Holstein,20.65,precipGE10mm_days
2021,Schleswig-Holstein,23.05,precipGE10mm_days
2022,Schleswig-Holstein,18.96,precipGE10mm_days
2023,Schleswig-Holstein,27.84,precipGE10mm_days
2024,Schleswig-Holstein,28.15,precipGE10mm_days
2025,Schleswig-Holstein,20.17,precipGE10mm_days
1951,Thueringen,17.68,precipGE10mm_days
1952,Thueringen,21.23,precipGE10mm_days
1953,Thueringen,13.67,precipGE10mm_days
1954,Thueringen,19.89,precipGE10mm_days
1955,Thueringen,19.21,precipGE10mm_days
1956,Thueringen,21.64,precipGE10mm_days
1957,Thueringen,17.84,precipGE10mm_days
1958,Thueringen,22.3,precipGE10mm_days
1959,Thueringen,11.81,precipGE10mm_days
1960,Thueringen,19.47,precipGE10mm_days
1961,Thueringen,21.49,precipGE10mm_days
1962,Thueringen,12.45,precipGE10mm_days
1963,Thueringen,15.53,precipGE10mm_days
1964,Thueringen,12.04,precipGE10mm_days
1965,Thueringen,22.11,precipGE10mm_days
1966,Thueringen,26.02,precipGE10mm_days
1967,Thueringen,18.8,precipGE10mm_days
1968,Thueringen,20.28,precipGE10mm_days
1969,Thueringen,19.03,precipGE10mm_days
1970,Thueringen,20.85,precipGE10mm_days
1971,Thueringen,13.13,precipGE10mm_days
1972,Thueringen,19.74,precipGE10mm_days
1973,Thueringen,15.17,precipGE10mm_days
1974,Thueringen,21.57,precipGE10mm_days
1975,Thueringen,14.11,precipGE10mm_days
1976,Thueringen,11.58,precipGE10mm_days
1977,Thueringen,23.43,precipGE10mm_days
1978,Thueringen,15.63,precipGE10mm_days
1979,Thueringen,17.31,precipGE10mm_days
1980,Thueringen,17.43,precipGE10mm_days
1981,Thueringen,24.95,precipGE10mm_days
1982,Thueringen,11.68,precipGE10mm_days
1983,Thueringen,17.2,precipGE10mm_days
1984,Thueringen,20.9,precipGE10mm_days
1985,Thueringen,13.85,precipGE10mm_days
1986,Thueringen,22.01,precipGE10mm_days
1987,Thueringen,22.77,precipGE10mm_days
1988,Thueringen,16.95,precipGE10mm_days
1989,Thueringen,15.66,precipGE10mm_days
1990,Thueringen,15.89,precipGE10mm_days
1991,Thueringen,10.44,precipGE10mm_days
1992,Thueringen,17.94,precipGE10mm_days
1993,Thueringen,21.57,precipGE10mm_days
1994,Thueringen,21.38,precipGE10mm_days
1995,Thueringen,22.89,precipGE10mm_days
1996,Thueringen,16.53,precipGE10mm_days
1997,Thueringen,16.46,precipGE10mm_days
1998,Thueringen,20.62,precipGE10mm_days
1999,Thueringen,18.93,precipGE10mm_days
2000,Thueringen,16.57,precipGE10mm_days
2001,Thueringen,18.39,precipGE10mm_days
2002,Thueringen,27.33,precipGE10mm_days
2003,Thueringen,13.58,precipGE10mm_days
2004,Thueringen,18.67,precipGE10mm_days
2005,Thueringen,16.79,precipGE10mm_days
2006,Thueringen,18.13,precipGE10mm_days
2007,Thueringen,25.41,precipGE10mm_days
2008,Thueringen,16.98,precipGE10mm_days
2009,Thueringen,21.11,precipGE10mm_days
2010,Thueringen,23.62,precipGE10mm_days
2011,Thueringen,15.68,precipGE10mm_days
2012,Thueringen,18.45,precipGE10mm_days
2013,Thueringen,20.46,precipGE10mm_days
2014,Thueringen,18.22,precipGE10mm_days
2015,Thueringen,13.66,precipGE10mm_days
2016,Thueringen,15.67,precipGE10mm_days
2017,Thueringen,21.66,precipGE10mm_days
2018,Thueringen,12.74,precipGE10mm_days
2019,Thueringen,16.37,precipGE10mm_days
2020,Thueringen,17.8,precipGE10mm_days
2021,Thueringen,19.7,precipGE10mm_days
2022,Thueringen,14.96,precipGE10mm_days
2023,Thueringen,23.78,precipGE10mm_days
2024,Thueringen,23.23,precipGE10mm_days
2025,Thueringen,14.09,precipGE10mm_days
1951,Thueringen/Sachsen-Anhalt,15.27,precipGE10mm_days
1952,Thueringen/Sachsen-Anhalt,17.16,precipGE10mm_days
1953,Thueringen/Sachsen-Anhalt,11.29,precipGE10mm_days
1954,Thueringen/Sachsen-Anhalt,17.75,precipGE10mm_days
1955,Thueringen/Sachsen-Anhalt,16.76,precipGE10mm_days
1956,Thueringen/Sachsen-Anhalt,18.85,precipGE10mm_days
1957,Thueringen/Sachsen-Anhalt,15.72,precipGE10mm_days
1958,Thueringen/Sachsen-Anhalt,17.8,precipGE10mm_days
1959,Thueringen/Sachsen-Anhalt,9.57,precipGE10mm_days
1960,Thueringen/Sachsen-Anhalt,16.49,precipGE10mm_days
1961,Thueringen/Sachsen-Anhalt,18.99,precipGE10mm_days
1962,Thueringen/Sachsen-Anhalt,10.13,precipGE10mm_days
1963,Thueringen/Sachsen-Anhalt,11.74,precipGE10mm_days
1964,Thueringen/Sachsen-Anhalt,9.95,precipGE10mm_days
1965,Thueringen/Sachsen-Anhalt,17.89,precipGE10mm_days
1966,Thueringen/Sachsen-Anhalt,20.7,precipGE10mm_days
1967,Thueringen/Sachsen-Anhalt,16.6,precipGE10mm_days
1968,Thueringen/Sachsen-Anhalt,15.28,precipGE10mm_days
1969,Thueringen/Sachsen-Anhalt,15.29,precipGE10mm_days
1970,Thueringen/Sachsen-Anhalt,17.89,precipGE10mm_days
1971,Thueringen/Sachsen-Anhalt,10.85,precipGE10mm_days
1972,Thueringen/Sachsen-Anhalt,17.02,precipGE10mm_days
1973,Thueringen/Sachsen-Anhalt,10.92,precipGE10mm_days
1974,Thueringen/Sachsen-Anhalt,16.25,precipGE10mm_days
1975,Thueringen/Sachsen-Anhalt,10.81,precipGE10mm_days
1976,Thueringen/Sachsen-Anhalt,8.85,precipGE10mm_days
1977,Thueringen/Sachsen-Anhalt,19.8,precipGE10mm_days
1978,Thueringen/Sachsen-Anhalt,12.99,precipGE10mm_days
1979,Thueringen/Sachsen-Anhalt,14.29,precipGE10mm_days
1980,Thueringen/Sachsen-Anhalt,14.84,precipGE10mm_days
1981,Thueringen/Sachsen-Anhalt,20.31,precipGE10mm_days
1982,Thueringen/Sachsen-Anhalt,8.89,precipGE10mm_days
1983,Thueringen/Sachsen-Anhalt,15.46,precipGE10mm_days
1984,Thueringen/Sachsen-Anhalt,16.8,precipGE10mm_days
1985,Thueringen/Sachsen-Anhalt,10.14,precipGE10mm_days
1986,Thueringen/Sachsen-Anhalt,18.75,precipGE10mm_days
1987,Thueringen/Sachsen-Anhalt,17.56,precipGE10mm_days
1988,Thueringen/Sachsen-Anhalt,12.39,precipGE10mm_days
1989,Thueringen/Sachsen-Anhalt,12.04,precipGE10mm_days
1990,Thueringen/Sachsen-Anhalt,13.06,precipGE10mm_days
1991,Thueringen/Sachsen-Anhalt,9.21,precipGE10mm_days
1992,Thueringen/Sachsen-Anhalt,15.64,precipGE10mm_days
1993,Thueringen/Sachsen-Anhalt,18.13,precipGE10mm_days
1994,Thueringen/Sachsen-Anhalt,19.52,precipGE10mm_days
1995,Thueringen/Sachsen-Anhalt,17,precipGE10mm_days
1996,Thueringen/Sachsen-Anhalt,13.35,precipGE10mm_days
1997,Thueringen/Sachsen-Anhalt,13.47,precipGE10mm_days
1998,Thueringen/Sachsen-Anhalt,16.24,precipGE10mm_days
1999,Thueringen/Sachsen-Anhalt,13.83,precipGE10mm_days
2000,Thueringen/Sachsen-Anhalt,13.24,precipGE10mm_days
2001,Thueringen/Sachsen-Anhalt,15.66,precipGE10mm_days
2002,Thueringen/Sachsen-Anhalt,23.07,precipGE10mm_days
2003,Thueringen/Sachsen-Anhalt,11.06,precipGE10mm_days
2004,Thueringen/Sachsen-Anhalt,15.92,precipGE10mm_days
2005,Thueringen/Sachsen-Anhalt,14.42,precipGE10mm_days
2006,Thueringen/Sachsen-Anhalt,12.64,precipGE10mm_days
2007,Thueringen/Sachsen-Anhalt,22.92,precipGE10mm_days
2008,Thueringen/Sachsen-Anhalt,15.95,precipGE10mm_days
2009,Thueringen/Sachsen-Anhalt,17.38,precipGE10mm_days
2010,Thueringen/Sachsen-Anhalt,21.89,precipGE10mm_days
2011,Thueringen/Sachsen-Anhalt,14.3,precipGE10mm_days
2012,Thueringen/Sachsen-Anhalt,14.23,precipGE10mm_days
2013,Thueringen/Sachsen-Anhalt,17.85,precipGE10mm_days
2014,Thueringen/Sachsen-Anhalt,15.21,precipGE10mm_days
2015,Thueringen/Sachsen-Anhalt,13.47,precipGE10mm_days
2016,Thueringen/Sachsen-Anhalt,12.17,precipGE10mm_days
2017,Thueringen/Sachsen-Anhalt,17.72,precipGE10mm_days
2018,Thueringen/Sachsen-Anhalt,9.26,precipGE10mm_days
2019,Thueringen/Sachsen-Anhalt,12.85,precipGE10mm_days
2020,Thueringen/Sachsen-Anhalt,13.57,precipGE10mm_days
2021,Thueringen/Sachsen-Anhalt,15.93,precipGE10mm_days
2022,Thueringen/Sachsen-Anhalt,10.69,precipGE10mm_days
2023,Thueringen/Sachsen-Anhalt,20.42,precipGE10mm_days
2024,Thueringen/Sachsen-Anhalt,18.52,precipGE10mm_days
2025,Thueringen/Sachsen-Anhalt,11.45,precipGE10mm_days
1951,Baden-Wuerttemberg,6.9,precipGE20mm_days
1952,Baden-Wuerttemberg,8.5,precipGE20mm_days
1953,Baden-Wuerttemberg,5.86,precipGE20mm_days
1954,Baden-Wuerttemberg,7.78,precipGE20mm_days
1955,Baden-Wuerttemberg,8.72,precipGE20mm_days
1956,Baden-Wuerttemberg,8.04,precipGE20mm_days
1957,Baden-Wuerttemberg,6.47,precipGE20mm_days
1958,Baden-Wuerttemberg,10.39,precipGE20mm_days
1959,Baden-Wuerttemberg,6.03,precipGE20mm_days
1960,Baden-Wuerttemberg,7.23,precipGE20mm_days
1961,Baden-Wuerttemberg,6.89,precipGE20mm_days
1962,Baden-Wuerttemberg,6.88,precipGE20mm_days
1963,Baden-Wuerttemberg,7.49,precipGE20mm_days
1964,Baden-Wuerttemberg,5.91,precipGE20mm_days
1965,Baden-Wuerttemberg,10.79,precipGE20mm_days
1966,Baden-Wuerttemberg,8.66,precipGE20mm_days
1967,Baden-Wuerttemberg,6.6,precipGE20mm_days
1968,Baden-Wuerttemberg,10.32,precipGE20mm_days
1969,Baden-Wuerttemberg,7.89,precipGE20mm_days
1970,Baden-Wuerttemberg,9.04,precipGE20mm_days
1971,Baden-Wuerttemberg,5.55,precipGE20mm_days
1972,Baden-Wuerttemberg,7.71,precipGE20mm_days
1973,Baden-Wuerttemberg,7.95,precipGE20mm_days
1974,Baden-Wuerttemberg,7.11,precipGE20mm_days
1975,Baden-Wuerttemberg,6.72,precipGE20mm_days
1976,Baden-Wuerttemberg,6.23,precipGE20mm_days
1977,Baden-Wuerttemberg,8.3,precipGE20mm_days
1978,Baden-Wuerttemberg,9.97,precipGE20mm_days
1979,Baden-Wuerttemberg,7.47,precipGE20mm_days
1980,Baden-Wuerttemberg,7.27,precipGE20mm_days
1981,Baden-Wuerttemberg,10.39,precipGE20mm_days
1982,Baden-Wuerttemberg,9.71,precipGE20mm_days
1983,Baden-Wuerttemberg,8.55,precipGE20mm_days
1984,Baden-Wuerttemberg,8.6,precipGE20mm_days
1985,Baden-Wuerttemberg,6.72,precipGE20mm_days
1986,Baden-Wuerttemberg,12.15,precipGE20mm_days
1987,Baden-Wuerttemberg,9.49,precipGE20mm_days
1988,Baden-Wuerttemberg,9.29,precipGE20mm_days
1989,Baden-Wuerttemberg,6.09,precipGE20mm_days
1990,Baden-Wuerttemberg,8.43,precipGE20mm_days
1991,Baden-Wuerttemberg,6.15,precipGE20mm_days
1992,Baden-Wuerttemberg,9.08,precipGE20mm_days
1993,Baden-Wuerttemberg,7.76,precipGE20mm_days
1994,Baden-Wuerttemberg,8.23,precipGE20mm_days
1995,Baden-Wuerttemberg,10.83,precipGE20mm_days
1996,Baden-Wuerttemberg,6.68,precipGE20mm_days
1997,Baden-Wuerttemberg,6.71,precipGE20mm_days
1998,Baden-Wuerttemberg,7.3,precipGE20mm_days
1999,Baden-Wuerttemberg,9.4,precipGE20mm_days
2000,Baden-Wuerttemberg,7.62,precipGE20mm_days
2001,Baden-Wuerttemberg,8.84,precipGE20mm_days
2002,Baden-Wuerttemberg,12.86,precipGE20mm_days
2003,Baden-Wuerttemberg,4.7,precipGE20mm_days
2004,Baden-Wuerttemberg,7.11,precipGE20mm_days
2005,Baden-Wuerttemberg,6.36,precipGE20mm_days
2006,Baden-Wuerttemberg,9.31,precipGE20mm_days
2007,Baden-Wuerttemberg,8.92,precipGE20mm_days
2008,Baden-Wuerttemberg,6.84,precipGE20mm_days
2009,Baden-Wuerttemberg,6.68,precipGE20mm_days
2010,Baden-Wuerttemberg,7.33,precipGE20mm_days
2011,Baden-Wuerttemberg,6.92,precipGE20mm_days
2012,Baden-Wuerttemberg,7.26,precipGE20mm_days
2013,Baden-Wuerttemberg,10.01,precipGE20mm_days
2014,Baden-Wuerttemberg,7.85,precipGE20mm_days
2015,Baden-Wuerttemberg,6.34,precipGE20mm_days
2016,Baden-Wuerttemberg,7.55,precipGE20mm_days
2017,Baden-Wuerttemberg,7.9,precipGE20mm_days
2018,Baden-Wuerttemberg,7.5,precipGE20mm_days
2019,Baden-Wuerttemberg,7.9,precipGE20mm_days
2020,Baden-Wuerttemberg,6.43,precipGE20mm_days
2021,Baden-Wuerttemberg,8.13,precipGE20mm_days
2022,Baden-Wuerttemberg,7.46,precipGE20mm_days
2023,Baden-Wuerttemberg,8.25,precipGE20mm_days
2024,Baden-Wuerttemberg,9.89,precipGE20mm_days
2025,Baden-Wuerttemberg,7.13,precipGE20mm_days
1951,Bayern,6.01,precipGE20mm_days
1952,Bayern,6.61,precipGE20mm_days
1953,Bayern,5.05,precipGE20mm_days
1954,Bayern,8.77,precipGE20mm_days
1955,Bayern,7.65,precipGE20mm_days
1956,Bayern,7.91,precipGE20mm_days
1957,Bayern,7.46,precipGE20mm_days
1958,Bayern,8.67,precipGE20mm_days
1959,Bayern,6.99,precipGE20mm_days
1960,Bayern,7.1,precipGE20mm_days
1961,Bayern,7.08,precipGE20mm_days
1962,Bayern,5.78,precipGE20mm_days
1963,Bayern,5.87,precipGE20mm_days
1964,Bayern,6.47,precipGE20mm_days
1965,Bayern,9.1,precipGE20mm_days
1966,Bayern,10.51,precipGE20mm_days
1967,Bayern,6.89,precipGE20mm_days
1968,Bayern,7.85,precipGE20mm_days
1969,Bayern,5.66,precipGE20mm_days
1970,Bayern,8.71,precipGE20mm_days
1971,Bayern,6.31,precipGE20mm_days
1972,Bayern,6.28,precipGE20mm_days
1973,Bayern,5.95,precipGE20mm_days
1974,Bayern,8.49,precipGE20mm_days
1975,Bayern,7.31,precipGE20mm_days
1976,Bayern,5.63,precipGE20mm_days
1977,Bayern,8.19,precipGE20mm_days
1978,Bayern,8.63,precipGE20mm_days
1979,Bayern,9.41,precipGE20mm_days
1980,Bayern,7.66,precipGE20mm_days
1981,Bayern,11.99,precipGE20mm_days
1982,Bayern,6.62,precipGE20mm_days
1983,Bayern,7.15,precipGE20mm_days
1984,Bayern,7.37,precipGE20mm_days
1985,Bayern,7.58,precipGE20mm_days
1986,Bayern,8.4,precipGE20mm_days
1987,Bayern,8.93,precipGE20mm_days
1988,Bayern,8.53,precipGE20mm_days
1989,Bayern,6.26,precipGE20mm_days
1990,Bayern,7.92,precipGE20mm_days
1991,Bayern,7.28,precipGE20mm_days
1992,Bayern,8.04,precipGE20mm_days
1993,Bayern,8.28,precipGE20mm_days
1994,Bayern,6.71,precipGE20mm_days
1995,Bayern,10.26,precipGE20mm_days
1996,Bayern,6.91,precipGE20mm_days
1997,Bayern,6.49,precipGE20mm_days
1998,Bayern,8.53,precipGE20mm_days
1999,Bayern,7.3,precipGE20mm_days
2000,Bayern,7.33,precipGE20mm_days
2001,Bayern,8.09,precipGE20mm_days
2002,Bayern,13.16,precipGE20mm_days
2003,Bayern,5.15,precipGE20mm_days
2004,Bayern,7.05,precipGE20mm_days
2005,Bayern,8.07,precipGE20mm_days
2006,Bayern,7.78,precipGE20mm_days
2007,Bayern,9.43,precipGE20mm_days
2008,Bayern,5.79,precipGE20mm_days
2009,Bayern,6.75,precipGE20mm_days
2010,Bayern,7.34,precipGE20mm_days
2011,Bayern,7.83,precipGE20mm_days
2012,Bayern,5.9,precipGE20mm_days
2013,Bayern,9.31,precipGE20mm_days
2014,Bayern,6.93,precipGE20mm_days
2015,Bayern,6.06,precipGE20mm_days
2016,Bayern,7.61,precipGE20mm_days
2017,Bayern,7.57,precipGE20mm_days
2018,Bayern,7.56,precipGE20mm_days
2019,Bayern,6.3,precipGE20mm_days
2020,Bayern,7.05,precipGE20mm_days
2021,Bayern,7.86,precipGE20mm_days
2022,Bayern,5.67,precipGE20mm_days
2023,Bayern,8.95,precipGE20mm_days
2024,Bayern,9.45,precipGE20mm_days
2025,Bayern,4.7,precipGE20mm_days
1951,Brandenburg,2.68,precipGE20mm_days
1952,Brandenburg,1.68,precipGE20mm_days
1953,Brandenburg,2.69,precipGE20mm_days
1954,Brandenburg,4.51,precipGE20mm_days
1955,Brandenburg,2.95,precipGE20mm_days
1956,Brandenburg,3.59,precipGE20mm_days
1957,Brandenburg,2.22,precipGE20mm_days
1958,Brandenburg,2.89,precipGE20mm_days
1959,Brandenburg,4.4,precipGE20mm_days
1960,Brandenburg,2.14,precipGE20mm_days
1961,Brandenburg,3.05,precipGE20mm_days
1962,Brandenburg,0.99,precipGE20mm_days
1963,Brandenburg,1.46,precipGE20mm_days
1964,Brandenburg,2.17,precipGE20mm_days
1965,Brandenburg,2.88,precipGE20mm_days
1966,Brandenburg,3.73,precipGE20mm_days
1967,Brandenburg,2.8,precipGE20mm_days
1968,Brandenburg,3.61,precipGE20mm_days
1969,Brandenburg,2.87,precipGE20mm_days
1970,Brandenburg,1.48,precipGE20mm_days
1971,Brandenburg,2.08,precipGE20mm_days
1972,Brandenburg,3.49,precipGE20mm_days
1973,Brandenburg,1.16,precipGE20mm_days
1974,Brandenburg,3.19,precipGE20mm_days
1975,Brandenburg,2.4,precipGE20mm_days
1976,Brandenburg,0.61,precipGE20mm_days
1977,Brandenburg,3.04,precipGE20mm_days
1978,Brandenburg,2.52,precipGE20mm_days
1979,Brandenburg,1.6,precipGE20mm_days
1980,Brandenburg,2.59,precipGE20mm_days
1981,Brandenburg,3.82,precipGE20mm_days
1982,Brandenburg,0.65,precipGE20mm_days
1983,Brandenburg,2.87,precipGE20mm_days
1984,Brandenburg,1.75,precipGE20mm_days
1985,Brandenburg,0.76,precipGE20mm_days
1986,Brandenburg,2.94,precipGE20mm_days
1987,Brandenburg,3.34,precipGE20mm_days
1988,Brandenburg,0.94,precipGE20mm_days
1989,Brandenburg,1.51,precipGE20mm_days
1990,Brandenburg,2.68,precipGE20mm_days
1991,Brandenburg,1.29,precipGE20mm_days
1992,Brandenburg,1.59,precipGE20mm_days
1993,Brandenburg,2.98,precipGE20mm_days
1994,Brandenburg,5.08,precipGE20mm_days
1995,Brandenburg,2.72,precipGE20mm_days
1996,Brandenburg,2.26,precipGE20mm_days
1997,Brandenburg,2.92,precipGE20mm_days
1998,Brandenburg,2.09,precipGE20mm_days
1999,Brandenburg,0.96,precipGE20mm_days
2000,Brandenburg,1.48,precipGE20mm_days
2001,Brandenburg,2.22,precipGE20mm_days
2002,Brandenburg,4.65,precipGE20mm_days
2003,Brandenburg,1.06,precipGE20mm_days
2004,Brandenburg,1.72,precipGE20mm_days
2005,Brandenburg,3.34,precipGE20mm_days
2006,Brandenburg,0.99,precipGE20mm_days
2007,Brandenburg,5.29,precipGE20mm_days
2008,Brandenburg,2.47,precipGE20mm_days
2009,Brandenburg,2.36,precipGE20mm_days
2010,Brandenburg,5.32,precipGE20mm_days
2011,Brandenburg,5.46,precipGE20mm_days
2012,Brandenburg,2.23,precipGE20mm_days
2013,Brandenburg,4.27,precipGE20mm_days
2014,Brandenburg,2.59,precipGE20mm_days
2015,Brandenburg,2.21,precipGE20mm_days
2016,Brandenburg,2.22,precipGE20mm_days
2017,Brandenburg,4.1,precipGE20mm_days
2018,Brandenburg,1.83,precipGE20mm_days
2019,Brandenburg,2.28,precipGE20mm_days
2020,Brandenburg,2.61,precipGE20mm_days
2021,Brandenburg,4.14,precipGE20mm_days
2022,Brandenburg,1.48,precipGE20mm_days
2023,Brandenburg,2.65,precipGE20mm_days
2024,Brandenburg,3.18,precipGE20mm_days
2025,Brandenburg,2.38,precipGE20mm_days
1951,Brandenburg/Berlin,2.69,precipGE20mm_days
1952,Brandenburg/Berlin,1.66,precipGE20mm_days
1953,Brandenburg/Berlin,2.72,precipGE20mm_days
1954,Brandenburg/Berlin,4.55,precipGE20mm_days
1955,Brandenburg/Berlin,2.93,precipGE20mm_days
1956,Brandenburg/Berlin,3.6,precipGE20mm_days
1957,Brandenburg/Berlin,2.21,precipGE20mm_days
1958,Brandenburg/Berlin,2.91,precipGE20mm_days
1959,Brandenburg/Berlin,4.44,precipGE20mm_days
1960,Brandenburg/Berlin,2.13,precipGE20mm_days
1961,Brandenburg/Berlin,3.05,precipGE20mm_days
1962,Brandenburg/Berlin,1,precipGE20mm_days
1963,Brandenburg/Berlin,1.45,precipGE20mm_days
1964,Brandenburg/Berlin,2.18,precipGE20mm_days
1965,Brandenburg/Berlin,2.88,precipGE20mm_days
1966,Brandenburg/Berlin,3.76,precipGE20mm_days
1967,Brandenburg/Berlin,2.76,precipGE20mm_days
1968,Brandenburg/Berlin,3.62,precipGE20mm_days
1969,Brandenburg/Berlin,2.85,precipGE20mm_days
1970,Brandenburg/Berlin,1.46,precipGE20mm_days
1971,Brandenburg/Berlin,2.09,precipGE20mm_days
1972,Brandenburg/Berlin,3.5,precipGE20mm_days
1973,Brandenburg/Berlin,1.17,precipGE20mm_days
1974,Brandenburg/Berlin,3.25,precipGE20mm_days
1975,Brandenburg/Berlin,2.42,precipGE20mm_days
1976,Brandenburg/Berlin,0.6,precipGE20mm_days
1977,Brandenburg/Berlin,3.01,precipGE20mm_days
1978,Brandenburg/Berlin,2.52,precipGE20mm_days
1979,Brandenburg/Berlin,1.61,precipGE20mm_days
1980,Brandenburg/Berlin,2.58,precipGE20mm_days
1981,Brandenburg/Berlin,3.8,precipGE20mm_days
1982,Brandenburg/Berlin,0.65,precipGE20mm_days
1983,Brandenburg/Berlin,2.88,precipGE20mm_days
1984,Brandenburg/Berlin,1.74,precipGE20mm_days
1985,Brandenburg/Berlin,0.77,precipGE20mm_days
1986,Brandenburg/Berlin,2.94,precipGE20mm_days
1987,Brandenburg/Berlin,3.35,precipGE20mm_days
1988,Brandenburg/Berlin,0.95,precipGE20mm_days
1989,Brandenburg/Berlin,1.5,precipGE20mm_days
1990,Brandenburg/Berlin,2.72,precipGE20mm_days
1991,Brandenburg/Berlin,1.3,precipGE20mm_days
1992,Brandenburg/Berlin,1.59,precipGE20mm_days
1993,Brandenburg/Berlin,2.95,precipGE20mm_days
1994,Brandenburg/Berlin,5.1,precipGE20mm_days
1995,Brandenburg/Berlin,2.72,precipGE20mm_days
1996,Brandenburg/Berlin,2.25,precipGE20mm_days
1997,Brandenburg/Berlin,2.91,precipGE20mm_days
1998,Brandenburg/Berlin,2.1,precipGE20mm_days
1999,Brandenburg/Berlin,0.95,precipGE20mm_days
2000,Brandenburg/Berlin,1.48,precipGE20mm_days
2001,Brandenburg/Berlin,2.22,precipGE20mm_days
2002,Brandenburg/Berlin,4.64,precipGE20mm_days
2003,Brandenburg/Berlin,1.05,precipGE20mm_days
2004,Brandenburg/Berlin,1.69,precipGE20mm_days
2005,Brandenburg/Berlin,3.36,precipGE20mm_days
2006,Brandenburg/Berlin,1,precipGE20mm_days
2007,Brandenburg/Berlin,5.34,precipGE20mm_days
2008,Brandenburg/Berlin,2.46,precipGE20mm_days
2009,Brandenburg/Berlin,2.34,precipGE20mm_days
2010,Brandenburg/Berlin,5.25,precipGE20mm_days
2011,Brandenburg/Berlin,5.46,precipGE20mm_days
2012,Brandenburg/Berlin,2.23,precipGE20mm_days
2013,Brandenburg/Berlin,4.26,precipGE20mm_days
2014,Brandenburg/Berlin,2.57,precipGE20mm_days
2015,Brandenburg/Berlin,2.18,precipGE20mm_days
2016,Brandenburg/Berlin,2.19,precipGE20mm_days
2017,Brandenburg/Berlin,4.11,precipGE20mm_days
2018,Brandenburg/Berlin,1.84,precipGE20mm_days
2019,Brandenburg/Berlin,2.29,precipGE20mm_days
2020,Brandenburg/Berlin,2.58,precipGE20mm_days
2021,Brandenburg/Berlin,4.12,precipGE20mm_days
2022,Brandenburg/Berlin,1.47,precipGE20mm_days
2023,Brandenburg/Berlin,2.65,precipGE20mm_days
2024,Brandenburg/Berlin,3.17,precipGE20mm_days
2025,Brandenburg/Berlin,2.36,precipGE20mm_days
1951,Deutschland,4.6,precipGE20mm_days
1952,Deutschland,4.38,precipGE20mm_days
1953,Deutschland,3.46,precipGE20mm_days
1954,Deutschland,6.01,precipGE20mm_days
1955,Deutschland,5.13,precipGE20mm_days
1956,Deutschland,5.54,precipGE20mm_days
1957,Deutschland,4.72,precipGE20mm_days
1958,Deutschland,5.62,precipGE20mm_days
1959,Deutschland,3.82,precipGE20mm_days
1960,Deutschland,5.62,precipGE20mm_days
1961,Deutschland,5.29,precipGE20mm_days
1962,Deutschland,3.58,precipGE20mm_days
1963,Deutschland,3.88,precipGE20mm_days
1964,Deutschland,3.55,precipGE20mm_days
1965,Deutschland,6.31,precipGE20mm_days
1966,Deutschland,6.76,precipGE20mm_days
1967,Deutschland,5.14,precipGE20mm_days
1968,Deutschland,5.7,precipGE20mm_days
1969,Deutschland,4.28,precipGE20mm_days
1970,Deutschland,5.41,precipGE20mm_days
1971,Deutschland,3.71,precipGE20mm_days
1972,Deutschland,4.9,precipGE20mm_days
1973,Deutschland,3.57,precipGE20mm_days
1974,Deutschland,4.68,precipGE20mm_days
1975,Deutschland,3.95,precipGE20mm_days
1976,Deutschland,2.94,precipGE20mm_days
1977,Deutschland,5.31,precipGE20mm_days
1978,Deutschland,5.08,precipGE20mm_days
1979,Deutschland,4.97,precipGE20mm_days
1980,Deutschland,5.09,precipGE20mm_days
1981,Deutschland,7.6,precipGE20mm_days
1982,Deutschland,4.13,precipGE20mm_days
1983,Deutschland,4.9,precipGE20mm_days
1984,Deutschland,5.97,precipGE20mm_days
1985,Deutschland,3.56,precipGE20mm_days
1986,Deutschland,6.34,precipGE20mm_days
1987,Deutschland,5.53,precipGE20mm_days
1988,Deutschland,4.63,precipGE20mm_days
1989,Deutschland,4.18,precipGE20mm_days
1990,Deutschland,5.26,precipGE20mm_days
1991,Deutschland,4.26,precipGE20mm_days
1992,Deutschland,5.24,precipGE20mm_days
1993,Deutschland,6.06,precipGE20mm_days
1994,Deutschland,6.07,precipGE20mm_days
1995,Deutschland,5.98,precipGE20mm_days
1996,Deutschland,4.28,precipGE20mm_days
1997,Deutschland,4.35,precipGE20mm_days
1998,Deutschland,5.58,precipGE20mm_days
1999,Deutschland,4.52,precipGE20mm_days
2000,Deutschland,4.37,precipGE20mm_days
2001,Deutschland,4.99,precipGE20mm_days
2002,Deutschland,8.93,precipGE20mm_days
2003,Deutschland,3.46,precipGE20mm_days
2004,Deutschland,4.76,precipGE20mm_days
2005,Deutschland,4.8,precipGE20mm_days
2006,Deutschland,4.54,precipGE20mm_days
2007,Deutschland,7.35,precipGE20mm_days
2008,Deutschland,4.71,precipGE20mm_days
2009,Deutschland,4.3,precipGE20mm_days
2010,Deutschland,5.68,precipGE20mm_days
2011,Deutschland,5.45,precipGE20mm_days
2012,Deutschland,4.01,precipGE20mm_days
2013,Deutschland,6.05,precipGE20mm_days
2014,Deutschland,5.05,precipGE20mm_days
2015,Deutschland,4.23,precipGE20mm_days
2016,Deutschland,4.44,precipGE20mm_days
2017,Deutschland,5.68,precipGE20mm_days
2018,Deutschland,4.07,precipGE20mm_days
2019,Deutschland,4.27,precipGE20mm_days
2020,Deutschland,4.48,precipGE20mm_days
2021,Deutschland,5.22,precipGE20mm_days
2022,Deutschland,3.9,precipGE20mm_days
2023,Deutschland,6.42,precipGE20mm_days
2024,Deutschland,6.81,precipGE20mm_days
2025,Deutschland,3.71,precipGE20mm_days
1951,Hessen,3.29,precipGE20mm_days
1952,Hessen,3.29,precipGE20mm_days
1953,Hessen,3.08,precipGE20mm_days
1954,Hessen,3.63,precipGE20mm_days
1955,Hessen,3.7,precipGE20mm_days
1956,Hessen,5.59,precipGE20mm_days
1957,Hessen,3.62,precipGE20mm_days
1958,Hessen,4.8,precipGE20mm_days
1959,Hessen,1.82,precipGE20mm_days
1960,Hessen,5.68,precipGE20mm_days
1961,Hessen,5.46,precipGE20mm_days
1962,Hessen,3.43,precipGE20mm_days
1963,Hessen,3.95,precipGE20mm_days
1964,Hessen,2.68,precipGE20mm_days
1965,Hessen,6.17,precipGE20mm_days
1966,Hessen,7.22,precipGE20mm_days
1967,Hessen,6.03,precipGE20mm_days
1968,Hessen,4.98,precipGE20mm_days
1969,Hessen,3.77,precipGE20mm_days
1970,Hessen,3.53,precipGE20mm_days
1971,Hessen,3.62,precipGE20mm_days
1972,Hessen,5.94,precipGE20mm_days
1973,Hessen,2.72,precipGE20mm_days
1974,Hessen,3.42,precipGE20mm_days
1975,Hessen,2.57,precipGE20mm_days
1976,Hessen,1.97,precipGE20mm_days
1977,Hessen,5.41,precipGE20mm_days
1978,Hessen,3.75,precipGE20mm_days
1979,Hessen,4.73,precipGE20mm_days
1980,Hessen,3.9,precipGE20mm_days
1981,Hessen,8.41,precipGE20mm_days
1982,Hessen,4.61,precipGE20mm_days
1983,Hessen,4.02,precipGE20mm_days
1984,Hessen,7.73,precipGE20mm_days
1985,Hessen,2.94,precipGE20mm_days
1986,Hessen,6.06,precipGE20mm_days
1987,Hessen,5.59,precipGE20mm_days
1988,Hessen,3.89,precipGE20mm_days
1989,Hessen,4.69,precipGE20mm_days
1990,Hessen,4.88,precipGE20mm_days
1991,Hessen,2.68,precipGE20mm_days
1992,Hessen,5.55,precipGE20mm_days
1993,Hessen,5.31,precipGE20mm_days
1994,Hessen,4.77,precipGE20mm_days
1995,Hessen,4.95,precipGE20mm_days
1996,Hessen,3.63,precipGE20mm_days
1997,Hessen,2.68,precipGE20mm_days
1998,Hessen,4.99,precipGE20mm_days
1999,Hessen,4.11,precipGE20mm_days
2000,Hessen,2.99,precipGE20mm_days
2001,Hessen,2.8,precipGE20mm_days
2002,Hessen,8.74,precipGE20mm_days
2003,Hessen,2.47,precipGE20mm_days
2004,Hessen,5.68,precipGE20mm_days
2005,Hessen,4.4,precipGE20mm_days
2006,Hessen,4.26,precipGE20mm_days
2007,Hessen,7.25,precipGE20mm_days
2008,Hessen,3.12,precipGE20mm_days
2009,Hessen,3.23,precipGE20mm_days
2010,Hessen,4.18,precipGE20mm_days
2011,Hessen,3.82,precipGE20mm_days
2012,Hessen,3.15,precipGE20mm_days
2013,Hessen,4.68,precipGE20mm_days
2014,Hessen,5,precipGE20mm_days
2015,Hessen,2.58,precipGE20mm_days
2016,Hessen,3.47,precipGE20mm_days
2017,Hessen,6,precipGE20mm_days
2018,Hessen,3.74,precipGE20mm_days
2019,Hessen,3.12,precipGE20mm_days
2020,Hessen,3.14,precipGE20mm_days
2021,Hessen,3.38,precipGE20mm_days
2022,Hessen,3.51,precipGE20mm_days
2023,Hessen,6.26,precipGE20mm_days
2024,Hessen,6.23,precipGE20mm_days
2025,Hessen,2.43,precipGE20mm_days
1951,Mecklenburg-Vorpommern,2.88,precipGE20mm_days
1952,Mecklenburg-Vorpommern,1.63,precipGE20mm_days
1953,Mecklenburg-Vorpommern,2.04,precipGE20mm_days
1954,Mecklenburg-Vorpommern,3.33,precipGE20mm_days
1955,Mecklenburg-Vorpommern,4.03,precipGE20mm_days
1956,Mecklenburg-Vorpommern,2.4,precipGE20mm_days
1957,Mecklenburg-Vorpommern,2.2,precipGE20mm_days
1958,Mecklenburg-Vorpommern,2.04,precipGE20mm_days
1959,Mecklenburg-Vorpommern,2.79,precipGE20mm_days
1960,Mecklenburg-Vorpommern,3.68,precipGE20mm_days
1961,Mecklenburg-Vorpommern,2.23,precipGE20mm_days
1962,Mecklenburg-Vorpommern,1.33,precipGE20mm_days
1963,Mecklenburg-Vorpommern,2.13,precipGE20mm_days
1964,Mecklenburg-Vorpommern,1.37,precipGE20mm_days
1965,Mecklenburg-Vorpommern,2.58,precipGE20mm_days
1966,Mecklenburg-Vorpommern,3.2,precipGE20mm_days
1967,Mecklenburg-Vorpommern,2.87,precipGE20mm_days
1968,Mecklenburg-Vorpommern,4.21,precipGE20mm_days
1969,Mecklenburg-Vorpommern,2.84,precipGE20mm_days
1970,Mecklenburg-Vorpommern,2.66,precipGE20mm_days
1971,Mecklenburg-Vorpommern,1.85,precipGE20mm_days
1972,Mecklenburg-Vorpommern,3.71,precipGE20mm_days
1973,Mecklenburg-Vorpommern,1.5,precipGE20mm_days
1974,Mecklenburg-Vorpommern,1.4,precipGE20mm_days
1975,Mecklenburg-Vorpommern,2.09,precipGE20mm_days
1976,Mecklenburg-Vorpommern,1.73,precipGE20mm_days
1977,Mecklenburg-Vorpommern,2.11,precipGE20mm_days
1978,Mecklenburg-Vorpommern,2.11,precipGE20mm_days
1979,Mecklenburg-Vorpommern,2.67,precipGE20mm_days
1980,Mecklenburg-Vorpommern,3.29,precipGE20mm_days
1981,Mecklenburg-Vorpommern,4.02,precipGE20mm_days
1982,Mecklenburg-Vorpommern,0.64,precipGE20mm_days
1983,Mecklenburg-Vorpommern,2.15,precipGE20mm_days
1984,Mecklenburg-Vorpommern,2.61,precipGE20mm_days
1985,Mecklenburg-Vorpommern,0.9,precipGE20mm_days
1986,Mecklenburg-Vorpommern,2.22,precipGE20mm_days
1987,Mecklenburg-Vorpommern,2.74,precipGE20mm_days
1988,Mecklenburg-Vorpommern,1.32,precipGE20mm_days
1989,Mecklenburg-Vorpommern,1.66,precipGE20mm_days
1990,Mecklenburg-Vorpommern,2.58,precipGE20mm_days
1991,Mecklenburg-Vorpommern,1.93,precipGE20mm_days
1992,Mecklenburg-Vorpommern,1.38,precipGE20mm_days
1993,Mecklenburg-Vorpommern,3.59,precipGE20mm_days
1994,Mecklenburg-Vorpommern,3.36,precipGE20mm_days
1995,Mecklenburg-Vorpommern,2.59,precipGE20mm_days
1996,Mecklenburg-Vorpommern,2.47,precipGE20mm_days
1997,Mecklenburg-Vorpommern,2.34,precipGE20mm_days
1998,Mecklenburg-Vorpommern,3.4,precipGE20mm_days
1999,Mecklenburg-Vorpommern,2.02,precipGE20mm_days
2000,Mecklenburg-Vorpommern,2.03,precipGE20mm_days
2001,Mecklenburg-Vorpommern,2.83,precipGE20mm_days
2002,Mecklenburg-Vorpommern,4.19,precipGE20mm_days
2003,Mecklenburg-Vorpommern,1.56,precipGE20mm_days
2004,Mecklenburg-Vorpommern,1.52,precipGE20mm_days
2005,Mecklenburg-Vorpommern,2.38,precipGE20mm_days
2006,Mecklenburg-Vorpommern,2.25,precipGE20mm_days
2007,Mecklenburg-Vorpommern,5.23,precipGE20mm_days
2008,Mecklenburg-Vorpommern,2.56,precipGE20mm_days
2009,Mecklenburg-Vorpommern,1.56,precipGE20mm_days
2010,Mecklenburg-Vorpommern,4.29,precipGE20mm_days
2011,Mecklenburg-Vorpommern,5.97,precipGE20mm_days
2012,Mecklenburg-Vorpommern,1.52,precipGE20mm_days
2013,Mecklenburg-Vorpommern,3.1,precipGE20mm_days
2014,Mecklenburg-Vorpommern,3.29,precipGE20mm_days
2015,Mecklenburg-Vorpommern,1.61,precipGE20mm_days
2016,Mecklenburg-Vorpommern,1.41,precipGE20mm_days
2017,Mecklenburg-Vorpommern,5.1,precipGE20mm_days
2018,Mecklenburg-Vorpommern,1.97,precipGE20mm_days
2019,Mecklenburg-Vorpommern,2.52,precipGE20mm_days
2020,Mecklenburg-Vorpommern,2.32,precipGE20mm_days
2021,Mecklenburg-Vorpommern,4.2,precipGE20mm_days
2022,Mecklenburg-Vorpommern,2.43,precipGE20mm_days
2023,Mecklenburg-Vorpommern,2.58,precipGE20mm_days
2024,Mecklenburg-Vorpommern,3.93,precipGE20mm_days
2025,Mecklenburg-Vorpommern,2.19,precipGE20mm_days
1951,Niedersachsen,4.45,precipGE20mm_days
1952,Niedersachsen,2.55,precipGE20mm_days
1953,Niedersachsen,2.22,precipGE20mm_days
1954,Niedersachsen,5.29,precipGE20mm_days
1955,Niedersachsen,4.19,precipGE20mm_days
1956,Niedersachsen,4.33,precipGE20mm_days
1957,Niedersachsen,4.28,precipGE20mm_days
1958,Niedersachsen,3.65,precipGE20mm_days
1959,Niedersachsen,1.12,precipGE20mm_days
1960,Niedersachsen,5.77,precipGE20mm_days
1961,Niedersachsen,5.74,precipGE20mm_days
1962,Niedersachsen,2.85,precipGE20mm_days
1963,Niedersachsen,2.85,precipGE20mm_days
1964,Niedersachsen,2.06,precipGE20mm_days
1965,Niedersachsen,4.32,precipGE20mm_days
1966,Niedersachsen,4.78,precipGE20mm_days
1967,Niedersachsen,4.28,precipGE20mm_days
1968,Niedersachsen,4.42,precipGE20mm_days
1969,Niedersachsen,3.17,precipGE20mm_days
1970,Niedersachsen,4.39,precipGE20mm_days
1971,Niedersachsen,2.66,precipGE20mm_days
1972,Niedersachsen,3.6,precipGE20mm_days
1973,Niedersachsen,1.92,precipGE20mm_days
1974,Niedersachsen,2.31,precipGE20mm_days
1975,Niedersachsen,2.4,precipGE20mm_days
1976,Niedersachsen,1.93,precipGE20mm_days
1977,Niedersachsen,3.57,precipGE20mm_days
1978,Niedersachsen,2.83,precipGE20mm_days
1979,Niedersachsen,2.31,precipGE20mm_days
1980,Niedersachsen,3.25,precipGE20mm_days
1981,Niedersachsen,5.23,precipGE20mm_days
1982,Niedersachsen,2.29,precipGE20mm_days
1983,Niedersachsen,3.46,precipGE20mm_days
1984,Niedersachsen,4.34,precipGE20mm_days
1985,Niedersachsen,1.67,precipGE20mm_days
1986,Niedersachsen,4.28,precipGE20mm_days
1987,Niedersachsen,2.87,precipGE20mm_days
1988,Niedersachsen,2.55,precipGE20mm_days
1989,Niedersachsen,3.65,precipGE20mm_days
1990,Niedersachsen,3.75,precipGE20mm_days
1991,Niedersachsen,3.67,precipGE20mm_days
1992,Niedersachsen,4.16,precipGE20mm_days
1993,Niedersachsen,6,precipGE20mm_days
1994,Niedersachsen,6.39,precipGE20mm_days
1995,Niedersachsen,3.46,precipGE20mm_days
1996,Niedersachsen,2.81,precipGE20mm_days
1997,Niedersachsen,3.4,precipGE20mm_days
1998,Niedersachsen,4.59,precipGE20mm_days
1999,Niedersachsen,2.2,precipGE20mm_days
2000,Niedersachsen,2.78,precipGE20mm_days
2001,Niedersachsen,4.38,precipGE20mm_days
2002,Niedersachsen,6.91,precipGE20mm_days
2003,Niedersachsen,3.34,precipGE20mm_days
2004,Niedersachsen,3.4,precipGE20mm_days
2005,Niedersachsen,3.18,precipGE20mm_days
2006,Niedersachsen,2.52,precipGE20mm_days
2007,Niedersachsen,6.24,precipGE20mm_days
2008,Niedersachsen,5.82,precipGE20mm_days
2009,Niedersachsen,3.08,precipGE20mm_days
2010,Niedersachsen,3.88,precipGE20mm_days
2011,Niedersachsen,3.91,precipGE20mm_days
2012,Niedersachsen,2.47,precipGE20mm_days
2013,Niedersachsen,4.07,precipGE20mm_days
2014,Niedersachsen,3.26,precipGE20mm_days
2015,Niedersachsen,4.05,precipGE20mm_days
2016,Niedersachsen,2.96,precipGE20mm_days
2017,Niedersachsen,4.71,precipGE20mm_days
2018,Niedersachsen,1.73,precipGE20mm_days
2019,Niedersachsen,3.31,precipGE20mm_days
2020,Niedersachsen,3.17,precipGE20mm_days
2021,Niedersachsen,3.12,precipGE20mm_days
2022,Niedersachsen,2.36,precipGE20mm_days
2023,Niedersachsen,6.92,precipGE20mm_days
2024,Niedersachsen,5.94,precipGE20mm_days
2025,Niedersachsen,2.34,precipGE20mm_days
1951,Niedersachsen/Hamburg/Bremen,4.47,precipGE20mm_days
1952,Niedersachsen/Hamburg/Bremen,2.53,precipGE20mm_days
1953,Niedersachsen/Hamburg/Bremen,2.21,precipGE20mm_days
1954,Niedersachsen/Hamburg/Bremen,5.3,precipGE20mm_days
1955,Niedersachsen/Hamburg/Bremen,4.22,precipGE20mm_days
1956,Niedersachsen/Hamburg/Bremen,4.28,precipGE20mm_days
1957,Niedersachsen/Hamburg/Bremen,4.25,precipGE20mm_days
1958,Niedersachsen/Hamburg/Bremen,3.65,precipGE20mm_days
1959,Niedersachsen/Hamburg/Bremen,1.12,precipGE20mm_days
1960,Niedersachsen/Hamburg/Bremen,5.76,precipGE20mm_days
1961,Niedersachsen/Hamburg/Bremen,5.71,precipGE20mm_days
1962,Niedersachsen/Hamburg/Bremen,2.84,precipGE20mm_days
1963,Niedersachsen/Hamburg/Bremen,2.86,precipGE20mm_days
1964,Niedersachsen/Hamburg/Bremen,2.04,precipGE20mm_days
1965,Niedersachsen/Hamburg/Bremen,4.34,precipGE20mm_days
1966,Niedersachsen/Hamburg/Bremen,4.75,precipGE20mm_days
1967,Niedersachsen/Hamburg/Bremen,4.28,precipGE20mm_days
1968,Niedersachsen/Hamburg/Bremen,4.43,precipGE20mm_days
1969,Niedersachsen/Hamburg/Bremen,3.16,precipGE20mm_days
1970,Niedersachsen/Hamburg/Bremen,4.4,precipGE20mm_days
1971,Niedersachsen/Hamburg/Bremen,2.67,precipGE20mm_days
1972,Niedersachsen/Hamburg/Bremen,3.58,precipGE20mm_days
1973,Niedersachsen/Hamburg/Bremen,1.91,precipGE20mm_days
1974,Niedersachsen/Hamburg/Bremen,2.31,precipGE20mm_days
1975,Niedersachsen/Hamburg/Bremen,2.39,precipGE20mm_days
1976,Niedersachsen/Hamburg/Bremen,1.94,precipGE20mm_days
1977,Niedersachsen/Hamburg/Bremen,3.56,precipGE20mm_days
1978,Niedersachsen/Hamburg/Bremen,2.85,precipGE20mm_days
1979,Niedersachsen/Hamburg/Bremen,2.29,precipGE20mm_days
1980,Niedersachsen/Hamburg/Bremen,3.25,precipGE20mm_days
1981,Niedersachsen/Hamburg/Bremen,5.21,precipGE20mm_days
1982,Niedersachsen/Hamburg/Bremen,2.27,precipGE20mm_days
1983,Niedersachsen/Hamburg/Bremen,3.44,precipGE20mm_days
1984,Niedersachsen/Hamburg/Bremen,4.32,precipGE20mm_days
1985,Niedersachsen/Hamburg/Bremen,1.67,precipGE20mm_days
1986,Niedersachsen/Hamburg/Bremen,4.26,precipGE20mm_days
1987,Niedersachsen/Hamburg/Bremen,2.85,precipGE20mm_days
1988,Niedersachsen/Hamburg/Bremen,2.53,precipGE20mm_days
1989,Niedersachsen/Hamburg/Bremen,3.66,precipGE20mm_days
1990,Niedersachsen/Hamburg/Bremen,3.77,precipGE20mm_days
1991,Niedersachsen/Hamburg/Bremen,3.68,precipGE20mm_days
1992,Niedersachsen/Hamburg/Bremen,4.15,precipGE20mm_days
1993,Niedersachsen/Hamburg/Bremen,6.01,precipGE20mm_days
1994,Niedersachsen/Hamburg/Bremen,6.35,precipGE20mm_days
1995,Niedersachsen/Hamburg/Bremen,3.46,precipGE20mm_days
1996,Niedersachsen/Hamburg/Bremen,2.79,precipGE20mm_days
1997,Niedersachsen/Hamburg/Bremen,3.39,precipGE20mm_days
1998,Niedersachsen/Hamburg/Bremen,4.59,precipGE20mm_days
1999,Niedersachsen/Hamburg/Bremen,2.19,precipGE20mm_days
2000,Niedersachsen/Hamburg/Bremen,2.76,precipGE20mm_days
2001,Niedersachsen/Hamburg/Bremen,4.41,precipGE20mm_days
2002,Niedersachsen/Hamburg/Bremen,6.93,precipGE20mm_days
2003,Niedersachsen/Hamburg/Bremen,3.31,precipGE20mm_days
2004,Niedersachsen/Hamburg/Bremen,3.41,precipGE20mm_days
2005,Niedersachsen/Hamburg/Bremen,3.19,precipGE20mm_days
2006,Niedersachsen/Hamburg/Bremen,2.52,precipGE20mm_days
2007,Niedersachsen/Hamburg/Bremen,6.24,precipGE20mm_days
2008,Niedersachsen/Hamburg/Bremen,5.83,precipGE20mm_days
2009,Niedersachsen/Hamburg/Bremen,3.08,precipGE20mm_days
2010,Niedersachsen/Hamburg/Bremen,3.88,precipGE20mm_days
2011,Niedersachsen/Hamburg/Bremen,3.92,precipGE20mm_days
2012,Niedersachsen/Hamburg/Bremen,2.46,precipGE20mm_days
2013,Niedersachsen/Hamburg/Bremen,4.08,precipGE20mm_days
2014,Niedersachsen/Hamburg/Bremen,3.26,precipGE20mm_days
2015,Niedersachsen/Hamburg/Bremen,4.06,precipGE20mm_days
2016,Niedersachsen/Hamburg/Bremen,2.96,precipGE20mm_days
2017,Niedersachsen/Hamburg/Bremen,4.72,precipGE20mm_days
2018,Niedersachsen/Hamburg/Bremen,1.74,precipGE20mm_days
2019,Niedersachsen/Hamburg/Bremen,3.3,precipGE20mm_days
2020,Niedersachsen/Hamburg/Bremen,3.16,precipGE20mm_days
2021,Niedersachsen/Hamburg/Bremen,3.11,precipGE20mm_days
2022,Niedersachsen/Hamburg/Bremen,2.38,precipGE20mm_days
2023,Niedersachsen/Hamburg/Bremen,6.91,precipGE20mm_days
2024,Niedersachsen/Hamburg/Bremen,5.96,precipGE20mm_days
2025,Niedersachsen/Hamburg/Bremen,2.36,precipGE20mm_days
1951,Nordrhein-Westfalen,4.84,precipGE20mm_days
1952,Nordrhein-Westfalen,5.11,precipGE20mm_days
1953,Nordrhein-Westfalen,3.77,precipGE20mm_days
1954,Nordrhein-Westfalen,7.08,precipGE20mm_days
1955,Nordrhein-Westfalen,3.57,precipGE20mm_days
1956,Nordrhein-Westfalen,6.77,precipGE20mm_days
1957,Nordrhein-Westfalen,5.48,precipGE20mm_days
1958,Nordrhein-Westfalen,5.92,precipGE20mm_days
1959,Nordrhein-Westfalen,2.04,precipGE20mm_days
1960,Nordrhein-Westfalen,7.83,precipGE20mm_days
1961,Nordrhein-Westfalen,6.29,precipGE20mm_days
1962,Nordrhein-Westfalen,3.9,precipGE20mm_days
1963,Nordrhein-Westfalen,3.38,precipGE20mm_days
1964,Nordrhein-Westfalen,3.37,precipGE20mm_days
1965,Nordrhein-Westfalen,7.06,precipGE20mm_days
1966,Nordrhein-Westfalen,8.67,precipGE20mm_days
1967,Nordrhein-Westfalen,5.05,precipGE20mm_days
1968,Nordrhein-Westfalen,5.52,precipGE20mm_days
1969,Nordrhein-Westfalen,4.22,precipGE20mm_days
1970,Nordrhein-Westfalen,5.82,precipGE20mm_days
1971,Nordrhein-Westfalen,3.06,precipGE20mm_days
1972,Nordrhein-Westfalen,4.5,precipGE20mm_days
1973,Nordrhein-Westfalen,2.76,precipGE20mm_days
1974,Nordrhein-Westfalen,5,precipGE20mm_days
1975,Nordrhein-Westfalen,2.64,precipGE20mm_days
1976,Nordrhein-Westfalen,2.65,precipGE20mm_days
1977,Nordrhein-Westfalen,3.91,precipGE20mm_days
1978,Nordrhein-Westfalen,4.65,precipGE20mm_days
1979,Nordrhein-Westfalen,5.38,precipGE20mm_days
1980,Nordrhein-Westfalen,5.69,precipGE20mm_days
1981,Nordrhein-Westfalen,7.77,precipGE20mm_days
1982,Nordrhein-Westfalen,4.58,precipGE20mm_days
1983,Nordrhein-Westfalen,4.55,precipGE20mm_days
1984,Nordrhein-Westfalen,9.87,precipGE20mm_days
1985,Nordrhein-Westfalen,3.33,precipGE20mm_days
1986,Nordrhein-Westfalen,7.87,precipGE20mm_days
1987,Nordrhein-Westfalen,5.83,precipGE20mm_days
1988,Nordrhein-Westfalen,5.26,precipGE20mm_days
1989,Nordrhein-Westfalen,4.25,precipGE20mm_days
1990,Nordrhein-Westfalen,5.79,precipGE20mm_days
1991,Nordrhein-Westfalen,5.56,precipGE20mm_days
1992,Nordrhein-Westfalen,6.19,precipGE20mm_days
1993,Nordrhein-Westfalen,8.66,precipGE20mm_days
1994,Nordrhein-Westfalen,7.74,precipGE20mm_days
1995,Nordrhein-Westfalen,4.82,precipGE20mm_days
1996,Nordrhein-Westfalen,5.13,precipGE20mm_days
1997,Nordrhein-Westfalen,4.34,precipGE20mm_days
1998,Nordrhein-Westfalen,7.64,precipGE20mm_days
1999,Nordrhein-Westfalen,4.86,precipGE20mm_days
2000,Nordrhein-Westfalen,4.92,precipGE20mm_days
2001,Nordrhein-Westfalen,4.71,precipGE20mm_days
2002,Nordrhein-Westfalen,10.41,precipGE20mm_days
2003,Nordrhein-Westfalen,5.09,precipGE20mm_days
2004,Nordrhein-Westfalen,6.4,precipGE20mm_days
2005,Nordrhein-Westfalen,5.74,precipGE20mm_days
2006,Nordrhein-Westfalen,3.87,precipGE20mm_days
2007,Nordrhein-Westfalen,9.6,precipGE20mm_days
2008,Nordrhein-Westfalen,5.34,precipGE20mm_days
2009,Nordrhein-Westfalen,4.45,precipGE20mm_days
2010,Nordrhein-Westfalen,5.14,precipGE20mm_days
2011,Nordrhein-Westfalen,3.92,precipGE20mm_days
2012,Nordrhein-Westfalen,4.25,precipGE20mm_days
2013,Nordrhein-Westfalen,3.98,precipGE20mm_days
2014,Nordrhein-Westfalen,5.45,precipGE20mm_days
2015,Nordrhein-Westfalen,5.52,precipGE20mm_days
2016,Nordrhein-Westfalen,3.73,precipGE20mm_days
2017,Nordrhein-Westfalen,4.78,precipGE20mm_days
2018,Nordrhein-Westfalen,3.18,precipGE20mm_days
2019,Nordrhein-Westfalen,4.09,precipGE20mm_days
2020,Nordrhein-Westfalen,3.53,precipGE20mm_days
2021,Nordrhein-Westfalen,4.42,precipGE20mm_days
2022,Nordrhein-Westfalen,3.51,precipGE20mm_days
2023,Nordrhein-Westfalen,9.26,precipGE20mm_days
2024,Nordrhein-Westfalen,7.17,precipGE20mm_days
2025,Nordrhein-Westfalen,3.36,precipGE20mm_days
1951,Rheinland-Pfalz,4.06,precipGE20mm_days
1952,Rheinland-Pfalz,5.54,precipGE20mm_days
1953,Rheinland-Pfalz,2.48,precipGE20mm_days
1954,Rheinland-Pfalz,3.26,precipGE20mm_days
1955,Rheinland-Pfalz,3.81,precipGE20mm_days
1956,Rheinland-Pfalz,4.19,precipGE20mm_days
1957,Rheinland-Pfalz,3.77,precipGE20mm_days
1958,Rheinland-Pfalz,4.42,precipGE20mm_days
1959,Rheinland-Pfalz,2.46,precipGE20mm_days
1960,Rheinland-Pfalz,4.36,precipGE20mm_days
1961,Rheinland-Pfalz,4.81,precipGE20mm_days
1962,Rheinland-Pfalz,3.81,precipGE20mm_days
1963,Rheinland-Pfalz,3.72,precipGE20mm_days
1964,Rheinland-Pfalz,3.08,precipGE20mm_days
1965,Rheinland-Pfalz,5.94,precipGE20mm_days
1966,Rheinland-Pfalz,6.18,precipGE20mm_days
1967,Rheinland-Pfalz,6.5,precipGE20mm_days
1968,Rheinland-Pfalz,5.99,precipGE20mm_days
1969,Rheinland-Pfalz,3.34,precipGE20mm_days
1970,Rheinland-Pfalz,4.82,precipGE20mm_days
1971,Rheinland-Pfalz,3.14,precipGE20mm_days
1972,Rheinland-Pfalz,4.77,precipGE20mm_days
1973,Rheinland-Pfalz,2.48,precipGE20mm_days
1974,Rheinland-Pfalz,3.26,precipGE20mm_days
1975,Rheinland-Pfalz,3.56,precipGE20mm_days
1976,Rheinland-Pfalz,2.57,precipGE20mm_days
1977,Rheinland-Pfalz,4.31,precipGE20mm_days
1978,Rheinland-Pfalz,4.64,precipGE20mm_days
1979,Rheinland-Pfalz,5.94,precipGE20mm_days
1980,Rheinland-Pfalz,4.99,precipGE20mm_days
1981,Rheinland-Pfalz,8.43,precipGE20mm_days
1982,Rheinland-Pfalz,5.87,precipGE20mm_days
1983,Rheinland-Pfalz,4.45,precipGE20mm_days
1984,Rheinland-Pfalz,7.89,precipGE20mm_days
1985,Rheinland-Pfalz,2.48,precipGE20mm_days
1986,Rheinland-Pfalz,6.91,precipGE20mm_days
1987,Rheinland-Pfalz,5.1,precipGE20mm_days
1988,Rheinland-Pfalz,4.22,precipGE20mm_days
1989,Rheinland-Pfalz,4.54,precipGE20mm_days
1990,Rheinland-Pfalz,5.93,precipGE20mm_days
1991,Rheinland-Pfalz,3.46,precipGE20mm_days
1992,Rheinland-Pfalz,4.54,precipGE20mm_days
1993,Rheinland-Pfalz,6.11,precipGE20mm_days
1994,Rheinland-Pfalz,4.17,precipGE20mm_days
1995,Rheinland-Pfalz,5.71,precipGE20mm_days
1996,Rheinland-Pfalz,3.6,precipGE20mm_days
1997,Rheinland-Pfalz,3.88,precipGE20mm_days
1998,Rheinland-Pfalz,4.57,precipGE20mm_days
1999,Rheinland-Pfalz,5.21,precipGE20mm_days
2000,Rheinland-Pfalz,5.88,precipGE20mm_days
2001,Rheinland-Pfalz,4.36,precipGE20mm_days
2002,Rheinland-Pfalz,8.28,precipGE20mm_days
2003,Rheinland-Pfalz,3.83,precipGE20mm_days
2004,Rheinland-Pfalz,4.62,precipGE20mm_days
2005,Rheinland-Pfalz,3.28,precipGE20mm_days
2006,Rheinland-Pfalz,4.8,precipGE20mm_days
2007,Rheinland-Pfalz,5.08,precipGE20mm_days
2008,Rheinland-Pfalz,3.93,precipGE20mm_days
2009,Rheinland-Pfalz,3.97,precipGE20mm_days
2010,Rheinland-Pfalz,4.1,precipGE20mm_days
2011,Rheinland-Pfalz,4.06,precipGE20mm_days
2012,Rheinland-Pfalz,3.31,precipGE20mm_days
2013,Rheinland-Pfalz,4.9,precipGE20mm_days
2014,Rheinland-Pfalz,5.02,precipGE20mm_days
2015,Rheinland-Pfalz,3.36,precipGE20mm_days
2016,Rheinland-Pfalz,4.36,precipGE20mm_days
2017,Rheinland-Pfalz,4.38,precipGE20mm_days
2018,Rheinland-Pfalz,5.07,precipGE20mm_days
2019,Rheinland-Pfalz,3.22,precipGE20mm_days
2020,Rheinland-Pfalz,3.78,precipGE20mm_days
2021,Rheinland-Pfalz,3.48,precipGE20mm_days
2022,Rheinland-Pfalz,4.4,precipGE20mm_days
2023,Rheinland-Pfalz,6.22,precipGE20mm_days
2024,Rheinland-Pfalz,7.68,precipGE20mm_days
2025,Rheinland-Pfalz,3.94,precipGE20mm_days
1951,Saarland,4.83,precipGE20mm_days
1952,Saarland,6.76,precipGE20mm_days
1953,Saarland,2.13,precipGE20mm_days
1954,Saarland,4.16,precipGE20mm_days
1955,Saarland,5.02,precipGE20mm_days
1956,Saarland,5.64,precipGE20mm_days
1957,Saarland,6.41,precipGE20mm_days
1958,Saarland,8.93,precipGE20mm_days
1959,Saarland,3.64,precipGE20mm_days
1960,Saarland,6.45,precipGE20mm_days
1961,Saarland,7.89,precipGE20mm_days
1962,Saarland,6.63,precipGE20mm_days
1963,Saarland,6.73,precipGE20mm_days
1964,Saarland,4.87,precipGE20mm_days
1965,Saarland,10.22,precipGE20mm_days
1966,Saarland,6.55,precipGE20mm_days
1967,Saarland,9.67,precipGE20mm_days
1968,Saarland,7.95,precipGE20mm_days
1969,Saarland,5.34,precipGE20mm_days
1970,Saarland,7.69,precipGE20mm_days
1971,Saarland,4.16,precipGE20mm_days
1972,Saarland,3.83,precipGE20mm_days
1973,Saarland,3.94,precipGE20mm_days
1974,Saarland,4.72,precipGE20mm_days
1975,Saarland,4.98,precipGE20mm_days
1976,Saarland,2.91,precipGE20mm_days
1977,Saarland,5.46,precipGE20mm_days
1978,Saarland,9.04,precipGE20mm_days
1979,Saarland,8.7,precipGE20mm_days
1980,Saarland,7.83,precipGE20mm_days
1981,Saarland,10.4,precipGE20mm_days
1982,Saarland,9.47,precipGE20mm_days
1983,Saarland,8.66,precipGE20mm_days
1984,Saarland,9.58,precipGE20mm_days
1985,Saarland,2.87,precipGE20mm_days
1986,Saarland,11.41,precipGE20mm_days
1987,Saarland,7.52,precipGE20mm_days
1988,Saarland,6.1,precipGE20mm_days
1989,Saarland,4.89,precipGE20mm_days
1990,Saarland,8.29,precipGE20mm_days
1991,Saarland,4.59,precipGE20mm_days
1992,Saarland,5.01,precipGE20mm_days
1993,Saarland,8.26,precipGE20mm_days
1994,Saarland,5.38,precipGE20mm_days
1995,Saarland,9.9,precipGE20mm_days
1996,Saarland,5.77,precipGE20mm_days
1997,Saarland,6.71,precipGE20mm_days
1998,Saarland,7.63,precipGE20mm_days
1999,Saarland,8.17,precipGE20mm_days
2000,Saarland,7.74,precipGE20mm_days
2001,Saarland,6.28,precipGE20mm_days
2002,Saarland,11.65,precipGE20mm_days
2003,Saarland,5.49,precipGE20mm_days
2004,Saarland,6.08,precipGE20mm_days
2005,Saarland,3.31,precipGE20mm_days
2006,Saarland,6.63,precipGE20mm_days
2007,Saarland,8.01,precipGE20mm_days
2008,Saarland,6.63,precipGE20mm_days
2009,Saarland,5.59,precipGE20mm_days
2010,Saarland,5.47,precipGE20mm_days
2011,Saarland,5.32,precipGE20mm_days
2012,Saarland,5.65,precipGE20mm_days
2013,Saarland,7.21,precipGE20mm_days
2014,Saarland,5.8,precipGE20mm_days
2015,Saarland,3.21,precipGE20mm_days
2016,Saarland,6.24,precipGE20mm_days
2017,Saarland,7.4,precipGE20mm_days
2018,Saarland,8.82,precipGE20mm_days
2019,Saarland,5.06,precipGE20mm_days
2020,Saarland,6.53,precipGE20mm_days
2021,Saarland,5.21,precipGE20mm_days
2022,Saarland,8.38,precipGE20mm_days
2023,Saarland,9.31,precipGE20mm_days
2024,Saarland,13.51,precipGE20mm_days
2025,Saarland,5.69,precipGE20mm_days
1951,Sachsen,3.67,precipGE20mm_days
1952,Sachsen,3.45,precipGE20mm_days
1953,Sachsen,2.64,precipGE20mm_days
1954,Sachsen,8.16,precipGE20mm_days
1955,Sachsen,4.28,precipGE20mm_days
1956,Sachsen,5.7,precipGE20mm_days
1957,Sachsen,4.71,precipGE20mm_days
1958,Sachsen,5.35,precipGE20mm_days
1959,Sachsen,5.11,precipGE20mm_days
1960,Sachsen,4.89,precipGE20mm_days
1961,Sachsen,3.67,precipGE20mm_days
1962,Sachsen,1.18,precipGE20mm_days
1963,Sachsen,2.39,precipGE20mm_days
1964,Sachsen,2.85,precipGE20mm_days
1965,Sachsen,5.09,precipGE20mm_days
1966,Sachsen,5.42,precipGE20mm_days
1967,Sachsen,4.83,precipGE20mm_days
1968,Sachsen,3.17,precipGE20mm_days
1969,Sachsen,3.46,precipGE20mm_days
1970,Sachsen,4.33,precipGE20mm_days
1971,Sachsen,3.19,precipGE20mm_days
1972,Sachsen,3.8,precipGE20mm_days
1973,Sachsen,3.59,precipGE20mm_days
1974,Sachsen,6.43,precipGE20mm_days
1975,Sachsen,3.54,precipGE20mm_days
1976,Sachsen,1.21,precipGE20mm_days
1977,Sachsen,6.25,precipGE20mm_days
1978,Sachsen,4.99,precipGE20mm_days
1979,Sachsen,3.69,precipGE20mm_days
1980,Sachsen,5.55,precipGE20mm_days
1981,Sachsen,7.32,precipGE20mm_days
1982,Sachsen,2.04,precipGE20mm_days
1983,Sachsen,4.79,precipGE20mm_days
1984,Sachsen,3.6,precipGE20mm_days
1985,Sachsen,2,precipGE20mm_days
1986,Sachsen,5.33,precipGE20mm_days
1987,Sachsen,4.9,precipGE20mm_days
1988,Sachsen,2.69,precipGE20mm_days
1989,Sachsen,3.1,precipGE20mm_days
1990,Sachsen,2.99,precipGE20mm_days
1991,Sachsen,3.3,precipGE20mm_days
1992,Sachsen,3.67,precipGE20mm_days
1993,Sachsen,4.08,precipGE20mm_days
1994,Sachsen,6.42,precipGE20mm_days
1995,Sachsen,6.65,precipGE20mm_days
1996,Sachsen,3.84,precipGE20mm_days
1997,Sachsen,3.49,precipGE20mm_days
1998,Sachsen,4.36,precipGE20mm_days
1999,Sachsen,3.3,precipGE20mm_days
2000,Sachsen,3.97,precipGE20mm_days
2001,Sachsen,3.27,precipGE20mm_days
2002,Sachsen,7.25,precipGE20mm_days
2003,Sachsen,1.75,precipGE20mm_days
2004,Sachsen,4.15,precipGE20mm_days
2005,Sachsen,3.94,precipGE20mm_days
2006,Sachsen,3.05,precipGE20mm_days
2007,Sachsen,5.51,precipGE20mm_days
2008,Sachsen,4.59,precipGE20mm_days
2009,Sachsen,4.06,precipGE20mm_days
2010,Sachsen,8.7,precipGE20mm_days
2011,Sachsen,5.18,precipGE20mm_days
2012,Sachsen,4.27,precipGE20mm_days
2013,Sachsen,7.89,precipGE20mm_days
2014,Sachsen,3.99,precipGE20mm_days
2015,Sachsen,3.49,precipGE20mm_days
2016,Sachsen,4.33,precipGE20mm_days
2017,Sachsen,3.61,precipGE20mm_days
2018,Sachsen,2.59,precipGE20mm_days
2019,Sachsen,3.06,precipGE20mm_days
2020,Sachsen,5.61,precipGE20mm_days
2021,Sachsen,5.77,precipGE20mm_days
2022,Sachsen,3.21,precipGE20mm_days
2023,Sachsen,3.45,precipGE20mm_days
2024,Sachsen,4.59,precipGE20mm_days
2025,Sachsen,2.96,precipGE20mm_days
1951,Sachsen-Anhalt,3.24,precipGE20mm_days
1952,Sachsen-Anhalt,2.65,precipGE20mm_days
1953,Sachsen-Anhalt,2.32,precipGE20mm_days
1954,Sachsen-Anhalt,4.05,precipGE20mm_days
1955,Sachsen-Anhalt,4.72,precipGE20mm_days
1956,Sachsen-Anhalt,4.46,precipGE20mm_days
1957,Sachsen-Anhalt,2.85,precipGE20mm_days
1958,Sachsen-Anhalt,3.52,precipGE20mm_days
1959,Sachsen-Anhalt,2.72,precipGE20mm_days
1960,Sachsen-Anhalt,3.14,precipGE20mm_days
1961,Sachsen-Anhalt,3.95,precipGE20mm_days
1962,Sachsen-Anhalt,1.29,precipGE20mm_days
1963,Sachsen-Anhalt,1.83,precipGE20mm_days
1964,Sachsen-Anhalt,2.26,precipGE20mm_days
1965,Sachsen-Anhalt,3.69,precipGE20mm_days
1966,Sachsen-Anhalt,3.93,precipGE20mm_days
1967,Sachsen-Anhalt,3.25,precipGE20mm_days
1968,Sachsen-Anhalt,2.95,precipGE20mm_days
1969,Sachsen-Anhalt,2.38,precipGE20mm_days
1970,Sachsen-Anhalt,3.69,precipGE20mm_days
1971,Sachsen-Anhalt,2.47,precipGE20mm_days
1972,Sachsen-Anhalt,3.87,precipGE20mm_days
1973,Sachsen-Anhalt,1.07,precipGE20mm_days
1974,Sachsen-Anhalt,2.25,precipGE20mm_days
1975,Sachsen-Anhalt,1.9,precipGE20mm_days
1976,Sachsen-Anhalt,0.68,precipGE20mm_days
1977,Sachsen-Anhalt,4.65,precipGE20mm_days
1978,Sachsen-Anhalt,1.76,precipGE20mm_days
1979,Sachsen-Anhalt,1.6,precipGE20mm_days
1980,Sachsen-Anhalt,2.72,precipGE20mm_days
1981,Sachsen-Anhalt,3.86,precipGE20mm_days
1982,Sachsen-Anhalt,0.54,precipGE20mm_days
1983,Sachsen-Anhalt,3.35,precipGE20mm_days
1984,Sachsen-Anhalt,2.82,precipGE20mm_days
1985,Sachsen-Anhalt,1.18,precipGE20mm_days
1986,Sachsen-Anhalt,3.26,precipGE20mm_days
1987,Sachsen-Anhalt,2.59,precipGE20mm_days
1988,Sachsen-Anhalt,1.26,precipGE20mm_days
1989,Sachsen-Anhalt,1.55,precipGE20mm_days
1990,Sachsen-Anhalt,2.64,precipGE20mm_days
1991,Sachsen-Anhalt,1.38,precipGE20mm_days
1992,Sachsen-Anhalt,2.89,precipGE20mm_days
1993,Sachsen-Anhalt,3.39,precipGE20mm_days
1994,Sachsen-Anhalt,5.6,precipGE20mm_days
1995,Sachsen-Anhalt,2.04,precipGE20mm_days
1996,Sachsen-Anhalt,1.99,precipGE20mm_days
1997,Sachsen-Anhalt,2.6,precipGE20mm_days
1998,Sachsen-Anhalt,2.31,precipGE20mm_days
1999,Sachsen-Anhalt,1.53,precipGE20mm_days
2000,Sachsen-Anhalt,1.63,precipGE20mm_days
2001,Sachsen-Anhalt,2.31,precipGE20mm_days
2002,Sachsen-Anhalt,5.88,precipGE20mm_days
2003,Sachsen-Anhalt,1.92,precipGE20mm_days
2004,Sachsen-Anhalt,1.93,precipGE20mm_days
2005,Sachsen-Anhalt,2.26,precipGE20mm_days
2006,Sachsen-Anhalt,1.18,precipGE20mm_days
2007,Sachsen-Anhalt,6.88,precipGE20mm_days
2008,Sachsen-Anhalt,2.79,precipGE20mm_days
2009,Sachsen-Anhalt,2.18,precipGE20mm_days
2010,Sachsen-Anhalt,5.45,precipGE20mm_days
2011,Sachsen-Anhalt,4.03,precipGE20mm_days
2012,Sachsen-Anhalt,1.99,precipGE20mm_days
2013,Sachsen-Anhalt,4.39,precipGE20mm_days
2014,Sachsen-Anhalt,3.97,precipGE20mm_days
2015,Sachsen-Anhalt,3.26,precipGE20mm_days
2016,Sachsen-Anhalt,2.46,precipGE20mm_days
2017,Sachsen-Anhalt,3.95,precipGE20mm_days
2018,Sachsen-Anhalt,1.39,precipGE20mm_days
2019,Sachsen-Anhalt,2.54,precipGE20mm_days
2020,Sachsen-Anhalt,3.05,precipGE20mm_days
2021,Sachsen-Anhalt,4.32,precipGE20mm_days
2022,Sachsen-Anhalt,1.05,precipGE20mm_days
2023,Sachsen-Anhalt,3.8,precipGE20mm_days
2024,Sachsen-Anhalt,3.79,precipGE20mm_days
2025,Sachsen-Anhalt,1.74,precipGE20mm_days
1951,Schleswig-Holstein,5.18,precipGE20mm_days
1952,Schleswig-Holstein,2.42,precipGE20mm_days
1953,Schleswig-Holstein,2.82,precipGE20mm_days
1954,Schleswig-Holstein,5.82,precipGE20mm_days
1955,Schleswig-Holstein,3.96,precipGE20mm_days
1956,Schleswig-Holstein,2.34,precipGE20mm_days
1957,Schleswig-Holstein,3.67,precipGE20mm_days
1958,Schleswig-Holstein,2.82,precipGE20mm_days
1959,Schleswig-Holstein,1.69,precipGE20mm_days
1960,Schleswig-Holstein,6.05,precipGE20mm_days
1961,Schleswig-Holstein,3.2,precipGE20mm_days
1962,Schleswig-Holstein,2.84,precipGE20mm_days
1963,Schleswig-Holstein,3.14,precipGE20mm_days
1964,Schleswig-Holstein,1.64,precipGE20mm_days
1965,Schleswig-Holstein,7.06,precipGE20mm_days
1966,Schleswig-Holstein,4.84,precipGE20mm_days
1967,Schleswig-Holstein,4.63,precipGE20mm_days
1968,Schleswig-Holstein,4.63,precipGE20mm_days
1969,Schleswig-Holstein,3.78,precipGE20mm_days
1970,Schleswig-Holstein,4.49,precipGE20mm_days
1971,Schleswig-Holstein,2.33,precipGE20mm_days
1972,Schleswig-Holstein,2.87,precipGE20mm_days
1973,Schleswig-Holstein,4.09,precipGE20mm_days
1974,Schleswig-Holstein,2.45,precipGE20mm_days
1975,Schleswig-Holstein,2.31,precipGE20mm_days
1976,Schleswig-Holstein,1.76,precipGE20mm_days
1977,Schleswig-Holstein,3.01,precipGE20mm_days
1978,Schleswig-Holstein,2.66,precipGE20mm_days
1979,Schleswig-Holstein,2.53,precipGE20mm_days
1980,Schleswig-Holstein,5.6,precipGE20mm_days
1981,Schleswig-Holstein,4.42,precipGE20mm_days
1982,Schleswig-Holstein,2.43,precipGE20mm_days
1983,Schleswig-Holstein,3.37,precipGE20mm_days
1984,Schleswig-Holstein,5.38,precipGE20mm_days
1985,Schleswig-Holstein,2.5,precipGE20mm_days
1986,Schleswig-Holstein,4.86,precipGE20mm_days
1987,Schleswig-Holstein,2.3,precipGE20mm_days
1988,Schleswig-Holstein,2.98,precipGE20mm_days
1989,Schleswig-Holstein,5.18,precipGE20mm_days
1990,Schleswig-Holstein,6.04,precipGE20mm_days
1991,Schleswig-Holstein,4.84,precipGE20mm_days
1992,Schleswig-Holstein,3.97,precipGE20mm_days
1993,Schleswig-Holstein,4.31,precipGE20mm_days
1994,Schleswig-Holstein,5.29,precipGE20mm_days
1995,Schleswig-Holstein,3.25,precipGE20mm_days
1996,Schleswig-Holstein,1.7,precipGE20mm_days
1997,Schleswig-Holstein,4.7,precipGE20mm_days
1998,Schleswig-Holstein,6.12,precipGE20mm_days
1999,Schleswig-Holstein,3.25,precipGE20mm_days
2000,Schleswig-Holstein,1.7,precipGE20mm_days
2001,Schleswig-Holstein,4.28,precipGE20mm_days
2002,Schleswig-Holstein,6.76,precipGE20mm_days
2003,Schleswig-Holstein,2.76,precipGE20mm_days
2004,Schleswig-Holstein,3.97,precipGE20mm_days
2005,Schleswig-Holstein,4.01,precipGE20mm_days
2006,Schleswig-Holstein,3.21,precipGE20mm_days
2007,Schleswig-Holstein,5.45,precipGE20mm_days
2008,Schleswig-Holstein,5.26,precipGE20mm_days
2009,Schleswig-Holstein,3.91,precipGE20mm_days
2010,Schleswig-Holstein,5.41,precipGE20mm_days
2011,Schleswig-Holstein,6.78,precipGE20mm_days
2012,Schleswig-Holstein,3.51,precipGE20mm_days
2013,Schleswig-Holstein,3.57,precipGE20mm_days
2014,Schleswig-Holstein,5.47,precipGE20mm_days
2015,Schleswig-Holstein,3.85,precipGE20mm_days
2016,Schleswig-Holstein,2.96,precipGE20mm_days
2017,Schleswig-Holstein,6.86,precipGE20mm_days
2018,Schleswig-Holstein,1.61,precipGE20mm_days
2019,Schleswig-Holstein,3.88,precipGE20mm_days
2020,Schleswig-Holstein,3.5,precipGE20mm_days
2021,Schleswig-Holstein,3.56,precipGE20mm_days
2022,Schleswig-Holstein,4.69,precipGE20mm_days
2023,Schleswig-Holstein,4.9,precipGE20mm_days
2024,Schleswig-Holstein,7.24,precipGE20mm_days
2025,Schleswig-Holstein,6.14,precipGE20mm_days
1951,Thueringen,3.82,precipGE20mm_days
1952,Thueringen,3.29,precipGE20mm_days
1953,Thueringen,2.67,precipGE20mm_days
1954,Thueringen,3.59,precipGE20mm_days
1955,Thueringen,3.89,precipGE20mm_days
1956,Thueringen,4.83,precipGE20mm_days
1957,Thueringen,2.75,precipGE20mm_days
1958,Thueringen,4.8,precipGE20mm_days
1959,Thueringen,3.31,precipGE20mm_days
1960,Thueringen,4.73,precipGE20mm_days
1961,Thueringen,4.66,precipGE20mm_days
1962,Thueringen,1.99,precipGE20mm_days
1963,Thueringen,3.1,precipGE20mm_days
1964,Thueringen,1.98,precipGE20mm_days
1965,Thueringen,4.28,precipGE20mm_days
1966,Thueringen,5.98,precipGE20mm_days
1967,Thueringen,4.42,precipGE20mm_days
1968,Thueringen,3.84,precipGE20mm_days
1969,Thueringen,3.9,precipGE20mm_days
1970,Thueringen,3.43,precipGE20mm_days
1971,Thueringen,2.72,precipGE20mm_days
1972,Thueringen,5.18,precipGE20mm_days
1973,Thueringen,2.62,precipGE20mm_days
1974,Thueringen,3.07,precipGE20mm_days
1975,Thueringen,2.88,precipGE20mm_days
1976,Thueringen,1.33,precipGE20mm_days
1977,Thueringen,6.2,precipGE20mm_days
1978,Thueringen,3.54,precipGE20mm_days
1979,Thueringen,3.4,precipGE20mm_days
1980,Thueringen,3.76,precipGE20mm_days
1981,Thueringen,6.96,precipGE20mm_days
1982,Thueringen,1.97,precipGE20mm_days
1983,Thueringen,4.36,precipGE20mm_days
1984,Thueringen,5.65,precipGE20mm_days
1985,Thueringen,2.22,precipGE20mm_days
1986,Thueringen,5.1,precipGE20mm_days
1987,Thueringen,4.98,precipGE20mm_days
1988,Thueringen,3.08,precipGE20mm_days
1989,Thueringen,3.31,precipGE20mm_days
1990,Thueringen,2.92,precipGE20mm_days
1991,Thueringen,1.94,precipGE20mm_days
1992,Thueringen,4.62,precipGE20mm_days
1993,Thueringen,4.64,precipGE20mm_days
1994,Thueringen,4.88,precipGE20mm_days
1995,Thueringen,5.35,precipGE20mm_days
1996,Thueringen,3.8,precipGE20mm_days
1997,Thueringen,3.39,precipGE20mm_days
1998,Thueringen,3.97,precipGE20mm_days
1999,Thueringen,3.6,precipGE20mm_days
2000,Thueringen,2.6,precipGE20mm_days
2001,Thueringen,2.95,precipGE20mm_days
2002,Thueringen,7.85,precipGE20mm_days
2003,Thueringen,2.77,precipGE20mm_days
2004,Thueringen,4.44,precipGE20mm_days
2005,Thueringen,3.59,precipGE20mm_days
2006,Thueringen,4,precipGE20mm_days
2007,Thueringen,7.52,precipGE20mm_days
2008,Thueringen,2.79,precipGE20mm_days
2009,Thueringen,4.11,precipGE20mm_days
2010,Thueringen,5.01,precipGE20mm_days
2011,Thueringen,3.53,precipGE20mm_days
2012,Thueringen,4.02,precipGE20mm_days
2013,Thueringen,6.1,precipGE20mm_days
2014,Thueringen,4.42,precipGE20mm_days
2015,Thueringen,2.71,precipGE20mm_days
2016,Thueringen,3.37,precipGE20mm_days
2017,Thueringen,5.26,precipGE20mm_days
2018,Thueringen,3.04,precipGE20mm_days
2019,Thueringen,3.46,precipGE20mm_days
2020,Thueringen,5.32,precipGE20mm_days
2021,Thueringen,5.4,precipGE20mm_days
2022,Thueringen,3.04,precipGE20mm_days
2023,Thueringen,4.7,precipGE20mm_days
2024,Thueringen,5.7,precipGE20mm_days
2025,Thueringen,3.3,precipGE20mm_days
1951,Thueringen/Sachsen-Anhalt,3.49,precipGE20mm_days
1952,Thueringen/Sachsen-Anhalt,2.93,precipGE20mm_days
1953,Thueringen/Sachsen-Anhalt,2.47,precipGE20mm_days
1954,Thueringen/Sachsen-Anhalt,3.85,precipGE20mm_days
1955,Thueringen/Sachsen-Anhalt,4.36,precipGE20mm_days
1956,Thueringen/Sachsen-Anhalt,4.62,precipGE20mm_days
1957,Thueringen/Sachsen-Anhalt,2.81,precipGE20mm_days
1958,Thueringen/Sachsen-Anhalt,4.08,precipGE20mm_days
1959,Thueringen/Sachsen-Anhalt,2.98,precipGE20mm_days
1960,Thueringen/Sachsen-Anhalt,3.83,precipGE20mm_days
1961,Thueringen/Sachsen-Anhalt,4.26,precipGE20mm_days
1962,Thueringen/Sachsen-Anhalt,1.59,precipGE20mm_days
1963,Thueringen/Sachsen-Anhalt,2.38,precipGE20mm_days
1964,Thueringen/Sachsen-Anhalt,2.14,precipGE20mm_days
1965,Thueringen/Sachsen-Anhalt,3.95,precipGE20mm_days
1966,Thueringen/Sachsen-Anhalt,4.82,precipGE20mm_days
1967,Thueringen/Sachsen-Anhalt,3.76,precipGE20mm_days
1968,Thueringen/Sachsen-Anhalt,3.34,precipGE20mm_days
1969,Thueringen/Sachsen-Anhalt,3.04,precipGE20mm_days
1970,Thueringen/Sachsen-Anhalt,3.58,precipGE20mm_days
1971,Thueringen/Sachsen-Anhalt,2.58,precipGE20mm_days
1972,Thueringen/Sachsen-Anhalt,4.44,precipGE20mm_days
1973,Thueringen/Sachsen-Anhalt,1.74,precipGE20mm_days
1974,Thueringen/Sachsen-Anhalt,2.61,precipGE20mm_days
1975,Thueringen/Sachsen-Anhalt,2.33,precipGE20mm_days
1976,Thueringen/Sachsen-Anhalt,0.96,precipGE20mm_days
1977,Thueringen/Sachsen-Anhalt,5.32,precipGE20mm_days
1978,Thueringen/Sachsen-Anhalt,2.53,precipGE20mm_days
1979,Thueringen/Sachsen-Anhalt,2.38,precipGE20mm_days
1980,Thueringen/Sachsen-Anhalt,3.17,precipGE20mm_days
1981,Thueringen/Sachsen-Anhalt,5.2,precipGE20mm_days
1982,Thueringen/Sachsen-Anhalt,1.16,precipGE20mm_days
1983,Thueringen/Sachsen-Anhalt,3.79,precipGE20mm_days
1984,Thueringen/Sachsen-Anhalt,4.05,precipGE20mm_days
1985,Thueringen/Sachsen-Anhalt,1.63,precipGE20mm_days
1986,Thueringen/Sachsen-Anhalt,4.06,precipGE20mm_days
1987,Thueringen/Sachsen-Anhalt,3.63,precipGE20mm_days
1988,Thueringen/Sachsen-Anhalt,2.05,precipGE20mm_days
1989,Thueringen/Sachsen-Anhalt,2.31,precipGE20mm_days
1990,Thueringen/Sachsen-Anhalt,2.76,precipGE20mm_days
1991,Thueringen/Sachsen-Anhalt,1.62,precipGE20mm_days
1992,Thueringen/Sachsen-Anhalt,3.64,precipGE20mm_days
1993,Thueringen/Sachsen-Anhalt,3.93,precipGE20mm_days
1994,Thueringen/Sachsen-Anhalt,5.29,precipGE20mm_days
1995,Thueringen/Sachsen-Anhalt,3.48,precipGE20mm_days
1996,Thueringen/Sachsen-Anhalt,2.78,precipGE20mm_days
1997,Thueringen/Sachsen-Anhalt,2.94,precipGE20mm_days
1998,Thueringen/Sachsen-Anhalt,3.03,precipGE20mm_days
1999,Thueringen/Sachsen-Anhalt,2.43,precipGE20mm_days
2000,Thueringen/Sachsen-Anhalt,2.05,precipGE20mm_days
2001,Thueringen/Sachsen-Anhalt,2.59,precipGE20mm_days
2002,Thueringen/Sachsen-Anhalt,6.73,precipGE20mm_days
2003,Thueringen/Sachsen-Anhalt,2.29,precipGE20mm_days
2004,Thueringen/Sachsen-Anhalt,3.02,precipGE20mm_days
2005,Thueringen/Sachsen-Anhalt,2.84,precipGE20mm_days
2006,Thueringen/Sachsen-Anhalt,2.4,precipGE20mm_days
2007,Thueringen/Sachsen-Anhalt,7.16,precipGE20mm_days
2008,Thueringen/Sachsen-Anhalt,2.79,precipGE20mm_days
2009,Thueringen/Sachsen-Anhalt,3.02,precipGE20mm_days
2010,Thueringen/Sachsen-Anhalt,5.26,precipGE20mm_days
2011,Thueringen/Sachsen-Anhalt,3.81,precipGE20mm_days
2012,Thueringen/Sachsen-Anhalt,2.87,precipGE20mm_days
2013,Thueringen/Sachsen-Anhalt,5.13,precipGE20mm_days
2014,Thueringen/Sachsen-Anhalt,4.17,precipGE20mm_days
2015,Thueringen/Sachsen-Anhalt,3.02,precipGE20mm_days
2016,Thueringen/Sachsen-Anhalt,2.85,precipGE20mm_days
2017,Thueringen/Sachsen-Anhalt,4.52,precipGE20mm_days
2018,Thueringen/Sachsen-Anhalt,2.11,precipGE20mm_days
2019,Thueringen/Sachsen-Anhalt,2.94,precipGE20mm_days
2020,Thueringen/Sachsen-Anhalt,4.03,precipGE20mm_days
2021,Thueringen/Sachsen-Anhalt,4.79,precipGE20mm_days
2022,Thueringen/Sachsen-Anhalt,1.91,precipGE20mm_days
2023,Thueringen/Sachsen-Anhalt,4.19,precipGE20mm_days
2024,Thueringen/Sachsen-Anhalt,4.62,precipGE20mm_days
2025,Thueringen/Sachsen-Anhalt,2.42,precipGE20mm_days
1951,Baden-Wuerttemberg,32.33,summer_days
1952,Baden-Wuerttemberg,43.11,summer_days
1953,Baden-Wuerttemberg,34.13,summer_days
1954,Baden-Wuerttemberg,19.54,summer_days
1955,Baden-Wuerttemberg,20.98,summer_days
1956,Baden-Wuerttemberg,16.71,summer_days
1957,Baden-Wuerttemberg,25.75,summer_days
1958,Baden-Wuerttemberg,33.52,summer_days
1959,Baden-Wuerttemberg,44.14,summer_days
1960,Baden-Wuerttemberg,19.52,summer_days
1961,Baden-Wuerttemberg,34.95,summer_days
1962,Baden-Wuerttemberg,33.97,summer_days
1963,Baden-Wuerttemberg,25.98,summer_days
1964,Baden-Wuerttemberg,45.74,summer_days
1965,Baden-Wuerttemberg,18.4,summer_days
1966,Baden-Wuerttemberg,26.1,summer_days
1967,Baden-Wuerttemberg,35.46,summer_days
1968,Baden-Wuerttemberg,20.77,summer_days
1969,Baden-Wuerttemberg,33.5,summer_days
1970,Baden-Wuerttemberg,31.18,summer_days
1971,Baden-Wuerttemberg,36.42,summer_days
1972,Baden-Wuerttemberg,20.7,summer_days
1973,Baden-Wuerttemberg,38.48,summer_days
1974,Baden-Wuerttemberg,21.5,summer_days
1975,Baden-Wuerttemberg,33.8,summer_days
1976,Baden-Wuerttemberg,43.47,summer_days
1977,Baden-Wuerttemberg,19.27,summer_days
1978,Baden-Wuerttemberg,18.04,summer_days
1979,Baden-Wuerttemberg,29.1,summer_days
1980,Baden-Wuerttemberg,19.38,summer_days
1981,Baden-Wuerttemberg,28.88,summer_days
1982,Baden-Wuerttemberg,39.95,summer_days
1983,Baden-Wuerttemberg,50.42,summer_days
1984,Baden-Wuerttemberg,21.67,summer_days
1985,Baden-Wuerttemberg,34.42,summer_days
1986,Baden-Wuerttemberg,37.93,summer_days
1987,Baden-Wuerttemberg,29.73,summer_days
1988,Baden-Wuerttemberg,29.14,summer_days
1989,Baden-Wuerttemberg,37.91,summer_days
1990,Baden-Wuerttemberg,35.93,summer_days
1991,Baden-Wuerttemberg,43.72,summer_days
1992,Baden-Wuerttemberg,44.15,summer_days
1993,Baden-Wuerttemberg,34.6,summer_days
1994,Baden-Wuerttemberg,47.07,summer_days
1995,Baden-Wuerttemberg,39.16,summer_days
1996,Baden-Wuerttemberg,26.52,summer_days
1997,Baden-Wuerttemberg,40.5,summer_days
1998,Baden-Wuerttemberg,35.19,summer_days
1999,Baden-Wuerttemberg,38.36,summer_days
2000,Baden-Wuerttemberg,41.16,summer_days
2001,Baden-Wuerttemberg,41.51,summer_days
2002,Baden-Wuerttemberg,36.12,summer_days
2003,Baden-Wuerttemberg,79.66,summer_days
2004,Baden-Wuerttemberg,39.24,summer_days
2005,Baden-Wuerttemberg,43.52,summer_days
2006,Baden-Wuerttemberg,51.09,summer_days
2007,Baden-Wuerttemberg,40.29,summer_days
2008,Baden-Wuerttemberg,38.31,summer_days
2009,Baden-Wuerttemberg,40.87,summer_days
2010,Baden-Wuerttemberg,37.22,summer_days
2011,Baden-Wuerttemberg,48.11,summer_days
2012,Baden-Wuerttemberg,45.89,summer_days
2013,Baden-Wuerttemberg,43.92,summer_days
2014,Baden-Wuerttemberg,34.94,summer_days
2015,Baden-Wuerttemberg,52.9,summer_days
2016,Baden-Wuerttemberg,50.9,summer_days
2017,Baden-Wuerttemberg,54.22,summer_days
2018,Baden-Wuerttemberg,79.71,summer_days
2019,Baden-Wuerttemberg,55.4,summer_days
2020,Baden-Wuerttemberg,55,summer_days
2021,Baden-Wuerttemberg,38.14,summer_days
2022,Baden-Wuerttemberg,72.61,summer_days
2023,Baden-Wuerttemberg,70.53,summer_days
2024,Baden-Wuerttemberg,56.78,summer_days
2025,Baden-Wuerttemberg,51.89,summer_days
1951,Bayern,33.02,summer_days
1952,Bayern,39.09,summer_days
1953,Bayern,37.02,summer_days
1954,Bayern,18.89,summer_days
1955,Bayern,17.56,summer_days
1956,Bayern,17.51,summer_days
1957,Bayern,25.09,summer_days
1958,Bayern,30.34,summer_days
1959,Bayern,36.47,summer_days
1960,Bayern,20.27,summer_days
1961,Bayern,32.77,summer_days
1962,Bayern,30.47,summer_days
1963,Bayern,25.17,summer_days
1964,Bayern,42.19,summer_days
1965,Bayern,17.42,summer_days
1966,Bayern,23.96,summer_days
1967,Bayern,31.76,summer_days
1968,Bayern,22.34,summer_days
1969,Bayern,31.99,summer_days
1970,Bayern,30.43,summer_days
1971,Bayern,33.88,summer_days
1972,Bayern,23.53,summer_days
1973,Bayern,35.57,summer_days
1974,Bayern,19.68,summer_days
1975,Bayern,35.63,summer_days
1976,Bayern,38.49,summer_days
1977,Bayern,20,summer_days
1978,Bayern,16.94,summer_days
1979,Bayern,28.24,summer_days
1980,Bayern,18.32,summer_days
1981,Bayern,29.06,summer_days
1982,Bayern,40.68,summer_days
1983,Bayern,50.23,summer_days
1984,Bayern,17.38,summer_days
1985,Bayern,30.81,summer_days
1986,Bayern,38.22,summer_days
1987,Bayern,27.49,summer_days
1988,Bayern,27.76,summer_days
1989,Bayern,30.4,summer_days
1990,Bayern,33.1,summer_days
1991,Bayern,34.68,summer_days
1992,Bayern,42.99,summer_days
1993,Bayern,34.39,summer_days
1994,Bayern,47.83,summer_days
1995,Bayern,39.22,summer_days
1996,Bayern,25.89,summer_days
1997,Bayern,40.02,summer_days
1998,Bayern,36.16,summer_days
1999,Bayern,36.88,summer_days
2000,Bayern,39.72,summer_days
2001,Bayern,39.41,summer_days
2002,Bayern,37.86,summer_days
2003,Bayern,75.87,summer_days
2004,Bayern,36.01,summer_days
2005,Bayern,39.99,summer_days
2006,Bayern,47.49,summer_days
2007,Bayern,39.1,summer_days
2008,Bayern,41.45,summer_days
2009,Bayern,38.2,summer_days
2010,Bayern,35.78,summer_days
2011,Bayern,42.96,summer_days
2012,Bayern,46.36,summer_days
2013,Bayern,41.47,summer_days
2014,Bayern,34.22,summer_days
2015,Bayern,53.8,summer_days
2016,Bayern,48.83,summer_days
2017,Bayern,51.63,summer_days
2018,Bayern,75.36,summer_days
2019,Bayern,55.45,summer_days
2020,Bayern,46.21,summer_days
2021,Bayern,38.87,summer_days
2022,Bayern,64.37,summer_days
2023,Bayern,62.14,summer_days
2024,Bayern,58.01,summer_days
2025,Bayern,50.14,summer_days
1951,Brandenburg,37.31,summer_days
1952,Brandenburg,34.49,summer_days
1953,Brandenburg,43.75,summer_days
1954,Brandenburg,21.48,summer_days
1955,Brandenburg,32.5,summer_days
1956,Brandenburg,18.32,summer_days
1957,Brandenburg,31.27,summer_days
1958,Brandenburg,22.89,summer_days
1959,Brandenburg,41.84,summer_days
1960,Brandenburg,21.62,summer_days
1961,Brandenburg,30.19,summer_days
1962,Brandenburg,18.48,summer_days
1963,Brandenburg,40.1,summer_days
1964,Brandenburg,42.84,summer_days
1965,Brandenburg,18.47,summer_days
1966,Brandenburg,35.01,summer_days
1967,Brandenburg,34.49,summer_days
1968,Brandenburg,41.89,summer_days
1969,Brandenburg,45.73,summer_days
1970,Brandenburg,43.35,summer_days
1971,Brandenburg,45.85,summer_days
1972,Brandenburg,31.17,summer_days
1973,Brandenburg,42.18,summer_days
1974,Brandenburg,18.15,summer_days
1975,Brandenburg,52.45,summer_days
1976,Brandenburg,43.02,summer_days
1977,Brandenburg,20.17,summer_days
1978,Brandenburg,25.71,summer_days
1979,Brandenburg,32.04,summer_days
1980,Brandenburg,17.71,summer_days
1981,Brandenburg,29.95,summer_days
1982,Brandenburg,53.87,summer_days
1983,Brandenburg,54.07,summer_days
1984,Brandenburg,21.91,summer_days
1985,Brandenburg,30.42,summer_days
1986,Brandenburg,39.53,summer_days
1987,Brandenburg,17.24,summer_days
1988,Brandenburg,31.2,summer_days
1989,Brandenburg,47.22,summer_days
1990,Brandenburg,33.78,summer_days
1991,Brandenburg,38.48,summer_days
1992,Brandenburg,63.68,summer_days
1993,Brandenburg,35.81,summer_days
1994,Brandenburg,42.62,summer_days
1995,Brandenburg,53.59,summer_days
1996,Brandenburg,28.01,summer_days
1997,Brandenburg,55.18,summer_days
1998,Brandenburg,28.83,summer_days
1999,Brandenburg,50.74,summer_days
2000,Brandenburg,41.02,summer_days
2001,Brandenburg,35.73,summer_days
2002,Brandenburg,51.14,summer_days
2003,Brandenburg,63.25,summer_days
2004,Brandenburg,32.43,summer_days
2005,Brandenburg,44.67,summer_days
2006,Brandenburg,61.92,summer_days
2007,Brandenburg,43.17,summer_days
2008,Brandenburg,40.64,summer_days
2009,Brandenburg,45.59,summer_days
2010,Brandenburg,43.97,summer_days
2011,Brandenburg,43.44,summer_days
2012,Brandenburg,39.7,summer_days
2013,Brandenburg,45.73,summer_days
2014,Brandenburg,45.45,summer_days
2015,Brandenburg,50.2,summer_days
2016,Brandenburg,58.96,summer_days
2017,Brandenburg,40.11,summer_days
2018,Brandenburg,86.06,summer_days
2019,Brandenburg,66.24,summer_days
2020,Brandenburg,52.99,summer_days
2021,Brandenburg,50.55,summer_days
2022,Brandenburg,61.36,summer_days
2023,Brandenburg,66.7,summer_days
2024,Brandenburg,68.58,summer_days
2025,Brandenburg,47.67,summer_days
1951,Brandenburg/Berlin,37.41,summer_days
1952,Brandenburg/Berlin,34.57,summer_days
1953,Brandenburg/Berlin,43.81,summer_days
1954,Brandenburg/Berlin,21.48,summer_days
1955,Brandenburg/Berlin,32.59,summer_days
1956,Brandenburg/Berlin,18.37,summer_days
1957,Brandenburg/Berlin,31.33,summer_days
1958,Brandenburg/Berlin,22.89,summer_days
1959,Brandenburg/Berlin,41.86,summer_days
1960,Brandenburg/Berlin,21.67,summer_days
1961,Brandenburg/Berlin,30.27,summer_days
1962,Brandenburg/Berlin,18.49,summer_days
1963,Brandenburg/Berlin,40.18,summer_days
1964,Brandenburg/Berlin,42.83,summer_days
1965,Brandenburg/Berlin,18.5,summer_days
1966,Brandenburg/Berlin,35.06,summer_days
1967,Brandenburg/Berlin,34.49,summer_days
1968,Brandenburg/Berlin,41.94,summer_days
1969,Brandenburg/Berlin,45.7,summer_days
1970,Brandenburg/Berlin,43.4,summer_days
1971,Brandenburg/Berlin,45.88,summer_days
1972,Brandenburg/Berlin,31.17,summer_days
1973,Brandenburg/Berlin,42.18,summer_days
1974,Brandenburg/Berlin,18.19,summer_days
1975,Brandenburg/Berlin,52.41,summer_days
1976,Brandenburg/Berlin,43.03,summer_days
1977,Brandenburg/Berlin,20.17,summer_days
1978,Brandenburg/Berlin,25.78,summer_days
1979,Brandenburg/Berlin,32.08,summer_days
1980,Brandenburg/Berlin,17.78,summer_days
1981,Brandenburg/Berlin,30.03,summer_days
1982,Brandenburg/Berlin,53.99,summer_days
1983,Brandenburg/Berlin,54.11,summer_days
1984,Brandenburg/Berlin,22.04,summer_days
1985,Brandenburg/Berlin,30.53,summer_days
1986,Brandenburg/Berlin,39.61,summer_days
1987,Brandenburg/Berlin,17.25,summer_days
1988,Brandenburg/Berlin,31.23,summer_days
1989,Brandenburg/Berlin,47.28,summer_days
1990,Brandenburg/Berlin,33.82,summer_days
1991,Brandenburg/Berlin,38.54,summer_days
1992,Brandenburg/Berlin,63.71,summer_days
1993,Brandenburg/Berlin,35.81,summer_days
1994,Brandenburg/Berlin,42.6,summer_days
1995,Brandenburg/Berlin,53.62,summer_days
1996,Brandenburg/Berlin,28.02,summer_days
1997,Brandenburg/Berlin,55.31,summer_days
1998,Brandenburg/Berlin,28.82,summer_days
1999,Brandenburg/Berlin,50.84,summer_days
2000,Brandenburg/Berlin,41.07,summer_days
2001,Brandenburg/Berlin,35.76,summer_days
2002,Brandenburg/Berlin,51.27,summer_days
2003,Brandenburg/Berlin,63.32,summer_days
2004,Brandenburg/Berlin,32.5,summer_days
2005,Brandenburg/Berlin,44.76,summer_days
2006,Brandenburg/Berlin,62.02,summer_days
2007,Brandenburg/Berlin,43.21,summer_days
2008,Brandenburg/Berlin,40.73,summer_days
2009,Brandenburg/Berlin,45.65,summer_days
2010,Brandenburg/Berlin,44.02,summer_days
2011,Brandenburg/Berlin,43.49,summer_days
2012,Brandenburg/Berlin,39.65,summer_days
2013,Brandenburg/Berlin,45.77,summer_days
2014,Brandenburg/Berlin,45.52,summer_days
2015,Brandenburg/Berlin,50.23,summer_days
2016,Brandenburg/Berlin,59.07,summer_days
2017,Brandenburg/Berlin,40.15,summer_days
2018,Brandenburg/Berlin,86.06,summer_days
2019,Brandenburg/Berlin,66.31,summer_days
2020,Brandenburg/Berlin,53.04,summer_days
2021,Brandenburg/Berlin,50.6,summer_days
2022,Brandenburg/Berlin,61.5,summer_days
2023,Brandenburg/Berlin,66.73,summer_days
2024,Brandenburg/Berlin,68.7,summer_days
2025,Brandenburg/Berlin,47.71,summer_days
1951,Deutschland,27.53,summer_days
1952,Deutschland,30.7,summer_days
1953,Deutschland,32.96,summer_days
1954,Deutschland,17.18,summer_days
1955,Deutschland,21.4,summer_days
1956,Deutschland,13.5,summer_days
1957,Deutschland,23.67,summer_days
1958,Deutschland,23.68,summer_days
1959,Deutschland,41.17,summer_days
1960,Deutschland,16.43,summer_days
1961,Deutschland,26.75,summer_days
1962,Deutschland,19.34,summer_days
1963,Deutschland,24.59,summer_days
1964,Deutschland,38.45,summer_days
1965,Deutschland,13.46,summer_days
1966,Deutschland,25.16,summer_days
1967,Deutschland,27.3,summer_days
1968,Deutschland,24.31,summer_days
1969,Deutschland,34.26,summer_days
1970,Deutschland,28.98,summer_days
1971,Deutschland,33.11,summer_days
1972,Deutschland,21.23,summer_days
1973,Deutschland,35.75,summer_days
1974,Deutschland,16.37,summer_days
1975,Deutschland,38.25,summer_days
1976,Deutschland,40.8,summer_days
1977,Deutschland,16.28,summer_days
1978,Deutschland,18.11,summer_days
1979,Deutschland,24.04,summer_days
1980,Deutschland,16.18,summer_days
1981,Deutschland,23.59,summer_days
1982,Deutschland,40.9,summer_days
1983,Deutschland,47.3,summer_days
1984,Deutschland,17.97,summer_days
1985,Deutschland,24.59,summer_days
1986,Deutschland,32.94,summer_days
1987,Deutschland,19.34,summer_days
1988,Deutschland,23.83,summer_days
1989,Deutschland,36.04,summer_days
1990,Deutschland,31.03,summer_days
1991,Deutschland,32.93,summer_days
1992,Deutschland,44.33,summer_days
1993,Deutschland,28.53,summer_days
1994,Deutschland,41.13,summer_days
1995,Deutschland,43.41,summer_days
1996,Deutschland,24.42,summer_days
1997,Deutschland,39.84,summer_days
1998,Deutschland,27.12,summer_days
1999,Deutschland,39.89,summer_days
2000,Deutschland,32.13,summer_days
2001,Deutschland,34.47,summer_days
2002,Deutschland,35.49,summer_days
2003,Deutschland,62.07,summer_days
2004,Deutschland,31.06,summer_days
2005,Deutschland,39.25,summer_days
2006,Deutschland,50.73,summer_days
2007,Deutschland,33.87,summer_days
2008,Deutschland,34.02,summer_days
2009,Deutschland,36.36,summer_days
2010,Deutschland,35.22,summer_days
2011,Deutschland,38.37,summer_days
2012,Deutschland,36.8,summer_days
2013,Deutschland,37.83,summer_days
2014,Deutschland,34.15,summer_days
2015,Deutschland,43.3,summer_days
2016,Deutschland,45.41,summer_days
2017,Deutschland,39.01,summer_days
2018,Deutschland,74.72,summer_days
2019,Deutschland,52.29,summer_days
2020,Deutschland,45.37,summer_days
2021,Deutschland,37.06,summer_days
2022,Deutschland,58.89,summer_days
2023,Deutschland,56.53,summer_days
2024,Deutschland,51.95,summer_days
2025,Deutschland,43.08,summer_days
1951,Hessen,26.58,summer_days
1952,Hessen,32.6,summer_days
1953,Hessen,32.87,summer_days
1954,Hessen,17.23,summer_days
1955,Hessen,20.23,summer_days
1956,Hessen,11.4,summer_days
1957,Hessen,23.92,summer_days
1958,Hessen,23.82,summer_days
1959,Hessen,49.85,summer_days
1960,Hessen,15.14,summer_days
1961,Hessen,25.42,summer_days
1962,Hessen,20.24,summer_days
1963,Hessen,23.73,summer_days
1964,Hessen,44.24,summer_days
1965,Hessen,13.18,summer_days
1966,Hessen,25.58,summer_days
1967,Hessen,29.04,summer_days
1968,Hessen,19.65,summer_days
1969,Hessen,34.59,summer_days
1970,Hessen,26.51,summer_days
1971,Hessen,33.23,summer_days
1972,Hessen,17.94,summer_days
1973,Hessen,40.4,summer_days
1974,Hessen,17.55,summer_days
1975,Hessen,38.64,summer_days
1976,Hessen,47.5,summer_days
1977,Hessen,17.07,summer_days
1978,Hessen,16.88,summer_days
1979,Hessen,21.49,summer_days
1980,Hessen,16.24,summer_days
1981,Hessen,20.6,summer_days
1982,Hessen,43.99,summer_days
1983,Hessen,49.15,summer_days
1984,Hessen,18.46,summer_days
1985,Hessen,20.81,summer_days
1986,Hessen,33.39,summer_days
1987,Hessen,18.73,summer_days
1988,Hessen,25.81,summer_days
1989,Hessen,37.17,summer_days
1990,Hessen,33.89,summer_days
1991,Hessen,36.54,summer_days
1992,Hessen,41.55,summer_days
1993,Hessen,32.11,summer_days
1994,Hessen,42.63,summer_days
1995,Hessen,45.58,summer_days
1996,Hessen,23.92,summer_days
1997,Hessen,38.84,summer_days
1998,Hessen,28.16,summer_days
1999,Hessen,41.96,summer_days
2000,Hessen,32.46,summer_days
2001,Hessen,38.89,summer_days
2002,Hessen,32.07,summer_days
2003,Hessen,66.1,summer_days
2004,Hessen,33.9,summer_days
2005,Hessen,43.56,summer_days
2006,Hessen,50.41,summer_days
2007,Hessen,33.34,summer_days
2008,Hessen,34.46,summer_days
2009,Hessen,34.35,summer_days
2010,Hessen,36.59,summer_days
2011,Hessen,42.37,summer_days
2012,Hessen,36.57,summer_days
2013,Hessen,40.05,summer_days
2014,Hessen,33,summer_days
2015,Hessen,46.1,summer_days
2016,Hessen,45.05,summer_days
2017,Hessen,41.47,summer_days
2018,Hessen,79.81,summer_days
2019,Hessen,52.92,summer_days
2020,Hessen,49.99,summer_days
2021,Hessen,35.45,summer_days
2022,Hessen,67.35,summer_days
2023,Hessen,59.23,summer_days
2024,Hessen,51.13,summer_days
2025,Hessen,46.58,summer_days
1951,Mecklenburg-Vorpommern,18.79,summer_days
1952,Mecklenburg-Vorpommern,15.08,summer_days
1953,Mecklenburg-Vorpommern,27.8,summer_days
1954,Mecklenburg-Vorpommern,9.95,summer_days
1955,Mecklenburg-Vorpommern,18.3,summer_days
1956,Mecklenburg-Vorpommern,7.66,summer_days
1957,Mecklenburg-Vorpommern,18.14,summer_days
1958,Mecklenburg-Vorpommern,11.16,summer_days
1959,Mecklenburg-Vorpommern,27.59,summer_days
1960,Mecklenburg-Vorpommern,9.71,summer_days
1961,Mecklenburg-Vorpommern,15.12,summer_days
1962,Mecklenburg-Vorpommern,4.48,summer_days
1963,Mecklenburg-Vorpommern,20.57,summer_days
1964,Mecklenburg-Vorpommern,24.66,summer_days
1965,Mecklenburg-Vorpommern,6.91,summer_days
1966,Mecklenburg-Vorpommern,20.3,summer_days
1967,Mecklenburg-Vorpommern,16.53,summer_days
1968,Mecklenburg-Vorpommern,22.11,summer_days
1969,Mecklenburg-Vorpommern,30.41,summer_days
1970,Mecklenburg-Vorpommern,21.66,summer_days
1971,Mecklenburg-Vorpommern,29.21,summer_days
1972,Mecklenburg-Vorpommern,19.07,summer_days
1973,Mecklenburg-Vorpommern,25.29,summer_days
1974,Mecklenburg-Vorpommern,9.23,summer_days
1975,Mecklenburg-Vorpommern,35.71,summer_days
1976,Mecklenburg-Vorpommern,26.58,summer_days
1977,Mecklenburg-Vorpommern,9.47,summer_days
1978,Mecklenburg-Vorpommern,17.29,summer_days
1979,Mecklenburg-Vorpommern,17.57,summer_days
1980,Mecklenburg-Vorpommern,7.85,summer_days
1981,Mecklenburg-Vorpommern,16.02,summer_days
1982,Mecklenburg-Vorpommern,31.47,summer_days
1983,Mecklenburg-Vorpommern,34.29,summer_days
1984,Mecklenburg-Vorpommern,13.23,summer_days
1985,Mecklenburg-Vorpommern,15.63,summer_days
1986,Mecklenburg-Vorpommern,22.37,summer_days
1987,Mecklenburg-Vorpommern,10.09,summer_days
1988,Mecklenburg-Vorpommern,16.69,summer_days
1989,Mecklenburg-Vorpommern,30.98,summer_days
1990,Mecklenburg-Vorpommern,20.57,summer_days
1991,Mecklenburg-Vorpommern,20.52,summer_days
1992,Mecklenburg-Vorpommern,36.28,summer_days
1993,Mecklenburg-Vorpommern,15.63,summer_days
1994,Mecklenburg-Vorpommern,31.07,summer_days
1995,Mecklenburg-Vorpommern,33.83,summer_days
1996,Mecklenburg-Vorpommern,20.18,summer_days
1997,Mecklenburg-Vorpommern,33.95,summer_days
1998,Mecklenburg-Vorpommern,13.5,summer_days
1999,Mecklenburg-Vorpommern,34.19,summer_days
2000,Mecklenburg-Vorpommern,19.1,summer_days
2001,Mecklenburg-Vorpommern,23.63,summer_days
2002,Mecklenburg-Vorpommern,34.95,summer_days
2003,Mecklenburg-Vorpommern,41.49,summer_days
2004,Mecklenburg-Vorpommern,18.04,summer_days
2005,Mecklenburg-Vorpommern,29.72,summer_days
2006,Mecklenburg-Vorpommern,44.07,summer_days
2007,Mecklenburg-Vorpommern,23.03,summer_days
2008,Mecklenburg-Vorpommern,23.72,summer_days
2009,Mecklenburg-Vorpommern,31.18,summer_days
2010,Mecklenburg-Vorpommern,30.32,summer_days
2011,Mecklenburg-Vorpommern,23.37,summer_days
2012,Mecklenburg-Vorpommern,22.45,summer_days
2013,Mecklenburg-Vorpommern,26.36,summer_days
2014,Mecklenburg-Vorpommern,30.87,summer_days
2015,Mecklenburg-Vorpommern,29.4,summer_days
2016,Mecklenburg-Vorpommern,35.9,summer_days
2017,Mecklenburg-Vorpommern,19.16,summer_days
2018,Mecklenburg-Vorpommern,58.58,summer_days
2019,Mecklenburg-Vorpommern,41.89,summer_days
2020,Mecklenburg-Vorpommern,33.31,summer_days
2021,Mecklenburg-Vorpommern,34.35,summer_days
2022,Mecklenburg-Vorpommern,38.69,summer_days
2023,Mecklenburg-Vorpommern,41.29,summer_days
2024,Mecklenburg-Vorpommern,39.78,summer_days
2025,Mecklenburg-Vorpommern,28.18,summer_days
1951,Niedersachsen,20.05,summer_days
1952,Niedersachsen,19.93,summer_days
1953,Niedersachsen,27.07,summer_days
1954,Niedersachsen,14.07,summer_days
1955,Niedersachsen,20.74,summer_days
1956,Niedersachsen,9.14,summer_days
1957,Niedersachsen,19.15,summer_days
1958,Niedersachsen,17.91,summer_days
1959,Niedersachsen,43.96,summer_days
1960,Niedersachsen,12.07,summer_days
1961,Niedersachsen,18.67,summer_days
1962,Niedersachsen,6.64,summer_days
1963,Niedersachsen,17.98,summer_days
1964,Niedersachsen,30.21,summer_days
1965,Niedersachsen,7.67,summer_days
1966,Niedersachsen,22.62,summer_days
1967,Niedersachsen,17.57,summer_days
1968,Niedersachsen,23.47,summer_days
1969,Niedersachsen,31.67,summer_days
1970,Niedersachsen,25.12,summer_days
1971,Niedersachsen,26.7,summer_days
1972,Niedersachsen,17.53,summer_days
1973,Niedersachsen,29.85,summer_days
1974,Niedersachsen,10.92,summer_days
1975,Niedersachsen,37.45,summer_days
1976,Niedersachsen,39.4,summer_days
1977,Niedersachsen,12.23,summer_days
1978,Niedersachsen,17.77,summer_days
1979,Niedersachsen,17.75,summer_days
1980,Niedersachsen,14.36,summer_days
1981,Niedersachsen,18.96,summer_days
1982,Niedersachsen,35.26,summer_days
1983,Niedersachsen,42.94,summer_days
1984,Niedersachsen,15.84,summer_days
1985,Niedersachsen,16.4,summer_days
1986,Niedersachsen,26.16,summer_days
1987,Niedersachsen,12.25,summer_days
1988,Niedersachsen,16.09,summer_days
1989,Niedersachsen,34.1,summer_days
1990,Niedersachsen,25.98,summer_days
1991,Niedersachsen,24.98,summer_days
1992,Niedersachsen,41.26,summer_days
1993,Niedersachsen,19.48,summer_days
1994,Niedersachsen,34.22,summer_days
1995,Niedersachsen,43.62,summer_days
1996,Niedersachsen,21.27,summer_days
1997,Niedersachsen,35.34,summer_days
1998,Niedersachsen,18.33,summer_days
1999,Niedersachsen,39.94,summer_days
2000,Niedersachsen,21.16,summer_days
2001,Niedersachsen,28.04,summer_days
2002,Niedersachsen,29.58,summer_days
2003,Niedersachsen,47.95,summer_days
2004,Niedersachsen,25.7,summer_days
2005,Niedersachsen,33.17,summer_days
2006,Niedersachsen,51.21,summer_days
2007,Niedersachsen,25.94,summer_days
2008,Niedersachsen,27.66,summer_days
2009,Niedersachsen,32.65,summer_days
2010,Niedersachsen,31.32,summer_days
2011,Niedersachsen,30.49,summer_days
2012,Niedersachsen,29.31,summer_days
2013,Niedersachsen,31.16,summer_days
2014,Niedersachsen,32.73,summer_days
2015,Niedersachsen,30.8,summer_days
2016,Niedersachsen,38.52,summer_days
2017,Niedersachsen,24.6,summer_days
2018,Niedersachsen,70.34,summer_days
2019,Niedersachsen,43.51,summer_days
2020,Niedersachsen,36.3,summer_days
2021,Niedersachsen,33.1,summer_days
2022,Niedersachsen,48.07,summer_days
2023,Niedersachsen,45.35,summer_days
2024,Niedersachsen,43.13,summer_days
2025,Niedersachsen,33.18,summer_days
1951,Niedersachsen/Hamburg/Bremen,20,summer_days
1952,Niedersachsen/Hamburg/Bremen,19.87,summer_days
1953,Niedersachsen/Hamburg/Bremen,27.06,summer_days
1954,Niedersachsen/Hamburg/Bremen,14.02,summer_days
1955,Niedersachsen/Hamburg/Bremen,20.75,summer_days
1956,Niedersachsen/Hamburg/Bremen,9.16,summer_days
1957,Niedersachsen/Hamburg/Bremen,19.13,summer_days
1958,Niedersachsen/Hamburg/Bremen,17.83,summer_days
1959,Niedersachsen/Hamburg/Bremen,43.86,summer_days
1960,Niedersachsen/Hamburg/Bremen,12.06,summer_days
1961,Niedersachsen/Hamburg/Bremen,18.63,summer_days
1962,Niedersachsen/Hamburg/Bremen,6.6,summer_days
1963,Niedersachsen/Hamburg/Bremen,17.98,summer_days
1964,Niedersachsen/Hamburg/Bremen,30.09,summer_days
1965,Niedersachsen/Hamburg/Bremen,7.62,summer_days
1966,Niedersachsen/Hamburg/Bremen,22.58,summer_days
1967,Niedersachsen/Hamburg/Bremen,17.48,summer_days
1968,Niedersachsen/Hamburg/Bremen,23.47,summer_days
1969,Niedersachsen/Hamburg/Bremen,31.78,summer_days
1970,Niedersachsen/Hamburg/Bremen,25.12,summer_days
1971,Niedersachsen/Hamburg/Bremen,26.69,summer_days
1972,Niedersachsen/Hamburg/Bremen,17.53,summer_days
1973,Niedersachsen/Hamburg/Bremen,29.85,summer_days
1974,Niedersachsen/Hamburg/Bremen,10.87,summer_days
1975,Niedersachsen/Hamburg/Bremen,37.46,summer_days
1976,Niedersachsen/Hamburg/Bremen,39.43,summer_days
1977,Niedersachsen/Hamburg/Bremen,12.24,summer_days
1978,Niedersachsen/Hamburg/Bremen,17.76,summer_days
1979,Niedersachsen/Hamburg/Bremen,17.72,summer_days
1980,Niedersachsen/Hamburg/Bremen,14.33,summer_days
1981,Niedersachsen/Hamburg/Bremen,18.92,summer_days
1982,Niedersachsen/Hamburg/Bremen,35.15,summer_days
1983,Niedersachsen/Hamburg/Bremen,42.91,summer_days
1984,Niedersachsen/Hamburg/Bremen,15.83,summer_days
1985,Niedersachsen/Hamburg/Bremen,16.37,summer_days
1986,Niedersachsen/Hamburg/Bremen,26.11,summer_days
1987,Niedersachsen/Hamburg/Bremen,12.19,summer_days
1988,Niedersachsen/Hamburg/Bremen,15.98,summer_days
1989,Niedersachsen/Hamburg/Bremen,34.02,summer_days
1990,Niedersachsen/Hamburg/Bremen,25.89,summer_days
1991,Niedersachsen/Hamburg/Bremen,24.91,summer_days
1992,Niedersachsen/Hamburg/Bremen,41.22,summer_days
1993,Niedersachsen/Hamburg/Bremen,19.43,summer_days
1994,Niedersachsen/Hamburg/Bremen,34.2,summer_days
1995,Niedersachsen/Hamburg/Bremen,43.59,summer_days
1996,Niedersachsen/Hamburg/Bremen,21.27,summer_days
1997,Niedersachsen/Hamburg/Bremen,35.38,summer_days
1998,Niedersachsen/Hamburg/Bremen,18.25,summer_days
1999,Niedersachsen/Hamburg/Bremen,39.94,summer_days
2000,Niedersachsen/Hamburg/Bremen,21.09,summer_days
2001,Niedersachsen/Hamburg/Bremen,28,summer_days
2002,Niedersachsen/Hamburg/Bremen,29.64,summer_days
2003,Niedersachsen/Hamburg/Bremen,47.92,summer_days
2004,Niedersachsen/Hamburg/Bremen,25.64,summer_days
2005,Niedersachsen/Hamburg/Bremen,33.12,summer_days
2006,Niedersachsen/Hamburg/Bremen,51.14,summer_days
2007,Niedersachsen/Hamburg/Bremen,25.87,summer_days
2008,Niedersachsen/Hamburg/Bremen,27.66,summer_days
2009,Niedersachsen/Hamburg/Bremen,32.51,summer_days
2010,Niedersachsen/Hamburg/Bremen,31.26,summer_days
2011,Niedersachsen/Hamburg/Bremen,30.37,summer_days
2012,Niedersachsen/Hamburg/Bremen,29.21,summer_days
2013,Niedersachsen/Hamburg/Bremen,31.1,summer_days
2014,Niedersachsen/Hamburg/Bremen,32.76,summer_days
2015,Niedersachsen/Hamburg/Bremen,30.67,summer_days
2016,Niedersachsen/Hamburg/Bremen,38.43,summer_days
2017,Niedersachsen/Hamburg/Bremen,24.46,summer_days
2018,Niedersachsen/Hamburg/Bremen,70.27,summer_days
2019,Niedersachsen/Hamburg/Bremen,43.39,summer_days
2020,Niedersachsen/Hamburg/Bremen,36.26,summer_days
2021,Niedersachsen/Hamburg/Bremen,33.09,summer_days
2022,Niedersachsen/Hamburg/Bremen,47.91,summer_days
2023,Niedersachsen/Hamburg/Bremen,45.25,summer_days
2024,Niedersachsen/Hamburg/Bremen,43.05,summer_days
2025,Niedersachsen/Hamburg/Bremen,32.98,summer_days
1951,Nordrhein-Westfalen,22.99,summer_days
1952,Nordrhein-Westfalen,24.63,summer_days
1953,Nordrhein-Westfalen,26.95,summer_days
1954,Nordrhein-Westfalen,16.3,summer_days
1955,Nordrhein-Westfalen,21.86,summer_days
1956,Nordrhein-Westfalen,9.45,summer_days
1957,Nordrhein-Westfalen,20.86,summer_days
1958,Nordrhein-Westfalen,23.78,summer_days
1959,Nordrhein-Westfalen,50.57,summer_days
1960,Nordrhein-Westfalen,13.55,summer_days
1961,Nordrhein-Westfalen,23.64,summer_days
1962,Nordrhein-Westfalen,10.33,summer_days
1963,Nordrhein-Westfalen,17.38,summer_days
1964,Nordrhein-Westfalen,37.47,summer_days
1965,Nordrhein-Westfalen,9.14,summer_days
1966,Nordrhein-Westfalen,24.2,summer_days
1967,Nordrhein-Westfalen,24.52,summer_days
1968,Nordrhein-Westfalen,20.01,summer_days
1969,Nordrhein-Westfalen,33.38,summer_days
1970,Nordrhein-Westfalen,26.23,summer_days
1971,Nordrhein-Westfalen,27.7,summer_days
1972,Nordrhein-Westfalen,16.31,summer_days
1973,Nordrhein-Westfalen,36.61,summer_days
1974,Nordrhein-Westfalen,13.49,summer_days
1975,Nordrhein-Westfalen,35.68,summer_days
1976,Nordrhein-Westfalen,45.21,summer_days
1977,Nordrhein-Westfalen,13.25,summer_days
1978,Nordrhein-Westfalen,16.34,summer_days
1979,Nordrhein-Westfalen,19.28,summer_days
1980,Nordrhein-Westfalen,17.4,summer_days
1981,Nordrhein-Westfalen,19.91,summer_days
1982,Nordrhein-Westfalen,39.44,summer_days
1983,Nordrhein-Westfalen,47.16,summer_days
1984,Nordrhein-Westfalen,17.59,summer_days
1985,Nordrhein-Westfalen,19.52,summer_days
1986,Nordrhein-Westfalen,30.91,summer_days
1987,Nordrhein-Westfalen,17.13,summer_days
1988,Nordrhein-Westfalen,18.58,summer_days
1989,Nordrhein-Westfalen,40.11,summer_days
1990,Nordrhein-Westfalen,32.73,summer_days
1991,Nordrhein-Westfalen,28.47,summer_days
1992,Nordrhein-Westfalen,41.1,summer_days
1993,Nordrhein-Westfalen,23.46,summer_days
1994,Nordrhein-Westfalen,38.28,summer_days
1995,Nordrhein-Westfalen,47.64,summer_days
1996,Nordrhein-Westfalen,21.16,summer_days
1997,Nordrhein-Westfalen,33.28,summer_days
1998,Nordrhein-Westfalen,22.54,summer_days
1999,Nordrhein-Westfalen,42.63,summer_days
2000,Nordrhein-Westfalen,25.94,summer_days
2001,Nordrhein-Westfalen,35.05,summer_days
2002,Nordrhein-Westfalen,26.93,summer_days
2003,Nordrhein-Westfalen,53.26,summer_days
2004,Nordrhein-Westfalen,29.94,summer_days
2005,Nordrhein-Westfalen,39.47,summer_days
2006,Nordrhein-Westfalen,52.06,summer_days
2007,Nordrhein-Westfalen,27.72,summer_days
2008,Nordrhein-Westfalen,27.11,summer_days
2009,Nordrhein-Westfalen,34.04,summer_days
2010,Nordrhein-Westfalen,34.74,summer_days
2011,Nordrhein-Westfalen,34.55,summer_days
2012,Nordrhein-Westfalen,31.07,summer_days
2013,Nordrhein-Westfalen,35.34,summer_days
2014,Nordrhein-Westfalen,29.76,summer_days
2015,Nordrhein-Westfalen,35.6,summer_days
2016,Nordrhein-Westfalen,38.41,summer_days
2017,Nordrhein-Westfalen,34.19,summer_days
2018,Nordrhein-Westfalen,75.85,summer_days
2019,Nordrhein-Westfalen,48.71,summer_days
2020,Nordrhein-Westfalen,41.89,summer_days
2021,Nordrhein-Westfalen,30.99,summer_days
2022,Nordrhein-Westfalen,55.69,summer_days
2023,Nordrhein-Westfalen,47.57,summer_days
2024,Nordrhein-Westfalen,42.69,summer_days
2025,Nordrhein-Westfalen,41.12,summer_days
1951,Rheinland-Pfalz,26.34,summer_days
1952,Rheinland-Pfalz,33.9,summer_days
1953,Rheinland-Pfalz,30.68,summer_days
1954,Rheinland-Pfalz,19.19,summer_days
1955,Rheinland-Pfalz,24.32,summer_days
1956,Rheinland-Pfalz,11.96,summer_days
1957,Rheinland-Pfalz,23.99,summer_days
1958,Rheinland-Pfalz,25.93,summer_days
1959,Rheinland-Pfalz,51.18,summer_days
1960,Rheinland-Pfalz,14.73,summer_days
1961,Rheinland-Pfalz,28.14,summer_days
1962,Rheinland-Pfalz,23.72,summer_days
1963,Rheinland-Pfalz,22.46,summer_days
1964,Rheinland-Pfalz,44.09,summer_days
1965,Rheinland-Pfalz,12.77,summer_days
1966,Rheinland-Pfalz,24.75,summer_days
1967,Rheinland-Pfalz,30.75,summer_days
1968,Rheinland-Pfalz,16.77,summer_days
1969,Rheinland-Pfalz,35.55,summer_days
1970,Rheinland-Pfalz,27.14,summer_days
1971,Rheinland-Pfalz,33.37,summer_days
1972,Rheinland-Pfalz,17.63,summer_days
1973,Rheinland-Pfalz,43.45,summer_days
1974,Rheinland-Pfalz,21.51,summer_days
1975,Rheinland-Pfalz,37.47,summer_days
1976,Rheinland-Pfalz,54.21,summer_days
1977,Rheinland-Pfalz,18.23,summer_days
1978,Rheinland-Pfalz,16.11,summer_days
1979,Rheinland-Pfalz,23.23,summer_days
1980,Rheinland-Pfalz,16.32,summer_days
1981,Rheinland-Pfalz,22.14,summer_days
1982,Rheinland-Pfalz,44.5,summer_days
1983,Rheinland-Pfalz,51.35,summer_days
1984,Rheinland-Pfalz,20.9,summer_days
1985,Rheinland-Pfalz,24.53,summer_days
1986,Rheinland-Pfalz,35,summer_days
1987,Rheinland-Pfalz,21.68,summer_days
1988,Rheinland-Pfalz,24.6,summer_days
1989,Rheinland-Pfalz,40.58,summer_days
1990,Rheinland-Pfalz,35.71,summer_days
1991,Rheinland-Pfalz,42.39,summer_days
1992,Rheinland-Pfalz,41.62,summer_days
1993,Rheinland-Pfalz,33.5,summer_days
1994,Rheinland-Pfalz,43.76,summer_days
1995,Rheinland-Pfalz,47,summer_days
1996,Rheinland-Pfalz,28.71,summer_days
1997,Rheinland-Pfalz,41.03,summer_days
1998,Rheinland-Pfalz,30.15,summer_days
1999,Rheinland-Pfalz,42.6,summer_days
2000,Rheinland-Pfalz,32.15,summer_days
2001,Rheinland-Pfalz,40.29,summer_days
2002,Rheinland-Pfalz,31.45,summer_days
2003,Rheinland-Pfalz,69.55,summer_days
2004,Rheinland-Pfalz,35.69,summer_days
2005,Rheinland-Pfalz,44.89,summer_days
2006,Rheinland-Pfalz,50.4,summer_days
2007,Rheinland-Pfalz,35.39,summer_days
2008,Rheinland-Pfalz,34.3,summer_days
2009,Rheinland-Pfalz,37.23,summer_days
2010,Rheinland-Pfalz,37.77,summer_days
2011,Rheinland-Pfalz,41.64,summer_days
2012,Rheinland-Pfalz,36.98,summer_days
2013,Rheinland-Pfalz,39.53,summer_days
2014,Rheinland-Pfalz,31.31,summer_days
2015,Rheinland-Pfalz,46.6,summer_days
2016,Rheinland-Pfalz,44.03,summer_days
2017,Rheinland-Pfalz,43.77,summer_days
2018,Rheinland-Pfalz,77.46,summer_days
2019,Rheinland-Pfalz,54.01,summer_days
2020,Rheinland-Pfalz,55.44,summer_days
2021,Rheinland-Pfalz,32.72,summer_days
2022,Rheinland-Pfalz,70.14,summer_days
2023,Rheinland-Pfalz,60.94,summer_days
2024,Rheinland-Pfalz,48.13,summer_days
2025,Rheinland-Pfalz,49.79,summer_days
1951,Saarland,26.2,summer_days
1952,Saarland,33.49,summer_days
1953,Saarland,30.2,summer_days
1954,Saarland,21.27,summer_days
1955,Saarland,24.48,summer_days
1956,Saarland,13.21,summer_days
1957,Saarland,25.25,summer_days
1958,Saarland,22.56,summer_days
1959,Saarland,48.18,summer_days
1960,Saarland,14.12,summer_days
1961,Saarland,30.68,summer_days
1962,Saarland,26.4,summer_days
1963,Saarland,21.62,summer_days
1964,Saarland,44.26,summer_days
1965,Saarland,12.27,summer_days
1966,Saarland,25.32,summer_days
1967,Saarland,30.8,summer_days
1968,Saarland,15.43,summer_days
1969,Saarland,38.78,summer_days
1970,Saarland,27.85,summer_days
1971,Saarland,33.77,summer_days
1972,Saarland,17.76,summer_days
1973,Saarland,45.2,summer_days
1974,Saarland,24.98,summer_days
1975,Saarland,37.47,summer_days
1976,Saarland,56.67,summer_days
1977,Saarland,17.92,summer_days
1978,Saarland,13.53,summer_days
1979,Saarland,23.09,summer_days
1980,Saarland,15.27,summer_days
1981,Saarland,22.82,summer_days
1982,Saarland,43.3,summer_days
1983,Saarland,54.24,summer_days
1984,Saarland,22.41,summer_days
1985,Saarland,27.71,summer_days
1986,Saarland,35.66,summer_days
1987,Saarland,24.6,summer_days
1988,Saarland,24.17,summer_days
1989,Saarland,44.09,summer_days
1990,Saarland,37.72,summer_days
1991,Saarland,47.32,summer_days
1992,Saarland,41.38,summer_days
1993,Saarland,35.2,summer_days
1994,Saarland,46.32,summer_days
1995,Saarland,49.5,summer_days
1996,Saarland,33.84,summer_days
1997,Saarland,44.91,summer_days
1998,Saarland,30.02,summer_days
1999,Saarland,43.47,summer_days
2000,Saarland,32.65,summer_days
2001,Saarland,39.74,summer_days
2002,Saarland,32.03,summer_days
2003,Saarland,77.34,summer_days
2004,Saarland,37.13,summer_days
2005,Saarland,49.33,summer_days
2006,Saarland,52.29,summer_days
2007,Saarland,34.92,summer_days
2008,Saarland,32.34,summer_days
2009,Saarland,37.03,summer_days
2010,Saarland,39.53,summer_days
2011,Saarland,39.98,summer_days
2012,Saarland,37.69,summer_days
2013,Saarland,42.12,summer_days
2014,Saarland,34.22,summer_days
2015,Saarland,52.3,summer_days
2016,Saarland,46.71,summer_days
2017,Saarland,47.57,summer_days
2018,Saarland,83.43,summer_days
2019,Saarland,58.76,summer_days
2020,Saarland,62.76,summer_days
2021,Saarland,38.47,summer_days
2022,Saarland,80.36,summer_days
2023,Saarland,69.27,summer_days
2024,Saarland,49.23,summer_days
2025,Saarland,57.5,summer_days
1951,Sachsen,34.23,summer_days
1952,Sachsen,35.86,summer_days
1953,Sachsen,39.05,summer_days
1954,Sachsen,20.66,summer_days
1955,Sachsen,23.44,summer_days
1956,Sachsen,18.36,summer_days
1957,Sachsen,27.84,summer_days
1958,Sachsen,25.86,summer_days
1959,Sachsen,36.2,summer_days
1960,Sachsen,19.87,summer_days
1961,Sachsen,32.1,summer_days
1962,Sachsen,26.03,summer_days
1963,Sachsen,34.78,summer_days
1964,Sachsen,45.18,summer_days
1965,Sachsen,18.64,summer_days
1966,Sachsen,30.58,summer_days
1967,Sachsen,34.75,summer_days
1968,Sachsen,32.98,summer_days
1969,Sachsen,38.52,summer_days
1970,Sachsen,33.38,summer_days
1971,Sachsen,39.73,summer_days
1972,Sachsen,28.17,summer_days
1973,Sachsen,40.22,summer_days
1974,Sachsen,19.16,summer_days
1975,Sachsen,43.22,summer_days
1976,Sachsen,35.84,summer_days
1977,Sachsen,18.42,summer_days
1978,Sachsen,19.46,summer_days
1979,Sachsen,29.9,summer_days
1980,Sachsen,15.65,summer_days
1981,Sachsen,25.63,summer_days
1982,Sachsen,45.14,summer_days
1983,Sachsen,48.75,summer_days
1984,Sachsen,18.3,summer_days
1985,Sachsen,29,summer_days
1986,Sachsen,34.73,summer_days
1987,Sachsen,18.48,summer_days
1988,Sachsen,29.43,summer_days
1989,Sachsen,36.31,summer_days
1990,Sachsen,33.95,summer_days
1991,Sachsen,34.84,summer_days
1992,Sachsen,52.88,summer_days
1993,Sachsen,32.9,summer_days
1994,Sachsen,41.74,summer_days
1995,Sachsen,47.29,summer_days
1996,Sachsen,24.47,summer_days
1997,Sachsen,40.09,summer_days
1998,Sachsen,30.16,summer_days
1999,Sachsen,38.22,summer_days
2000,Sachsen,38.66,summer_days
2001,Sachsen,32.47,summer_days
2002,Sachsen,41.61,summer_days
2003,Sachsen,61.46,summer_days
2004,Sachsen,30.33,summer_days
2005,Sachsen,39.43,summer_days
2006,Sachsen,50.38,summer_days
2007,Sachsen,41.43,summer_days
2008,Sachsen,36.82,summer_days
2009,Sachsen,36.46,summer_days
2010,Sachsen,35.68,summer_days
2011,Sachsen,41.93,summer_days
2012,Sachsen,41.44,summer_days
2013,Sachsen,38.73,summer_days
2014,Sachsen,36.78,summer_days
2015,Sachsen,48.1,summer_days
2016,Sachsen,49.48,summer_days
2017,Sachsen,43.65,summer_days
2018,Sachsen,76.53,summer_days
2019,Sachsen,59.52,summer_days
2020,Sachsen,48.87,summer_days
2021,Sachsen,41.11,summer_days
2022,Sachsen,57.26,summer_days
2023,Sachsen,62.85,summer_days
2024,Sachsen,61.89,summer_days
2025,Sachsen,44.55,summer_days
1951,Sachsen-Anhalt,31.02,summer_days
1952,Sachsen-Anhalt,32.37,summer_days
1953,Sachsen-Anhalt,37.96,summer_days
1954,Sachsen-Anhalt,19.83,summer_days
1955,Sachsen-Anhalt,24.76,summer_days
1956,Sachsen-Anhalt,15.24,summer_days
1957,Sachsen-Anhalt,28.89,summer_days
1958,Sachsen-Anhalt,22.8,summer_days
1959,Sachsen-Anhalt,44.48,summer_days
1960,Sachsen-Anhalt,20.95,summer_days
1961,Sachsen-Anhalt,29.97,summer_days
1962,Sachsen-Anhalt,18.58,summer_days
1963,Sachsen-Anhalt,34.16,summer_days
1964,Sachsen-Anhalt,42.57,summer_days
1965,Sachsen-Anhalt,16.68,summer_days
1966,Sachsen-Anhalt,31.31,summer_days
1967,Sachsen-Anhalt,29.54,summer_days
1968,Sachsen-Anhalt,35.41,summer_days
1969,Sachsen-Anhalt,40.67,summer_days
1970,Sachsen-Anhalt,34.16,summer_days
1971,Sachsen-Anhalt,39.72,summer_days
1972,Sachsen-Anhalt,26.78,summer_days
1973,Sachsen-Anhalt,40.72,summer_days
1974,Sachsen-Anhalt,18.11,summer_days
1975,Sachsen-Anhalt,47.01,summer_days
1976,Sachsen-Anhalt,43.85,summer_days
1977,Sachsen-Anhalt,17.49,summer_days
1978,Sachsen-Anhalt,22.21,summer_days
1979,Sachsen-Anhalt,28.02,summer_days
1980,Sachsen-Anhalt,18.57,summer_days
1981,Sachsen-Anhalt,25.66,summer_days
1982,Sachsen-Anhalt,49.57,summer_days
1983,Sachsen-Anhalt,51.95,summer_days
1984,Sachsen-Anhalt,21.2,summer_days
1985,Sachsen-Anhalt,27.84,summer_days
1986,Sachsen-Anhalt,36.89,summer_days
1987,Sachsen-Anhalt,17.63,summer_days
1988,Sachsen-Anhalt,29.69,summer_days
1989,Sachsen-Anhalt,45.07,summer_days
1990,Sachsen-Anhalt,34.25,summer_days
1991,Sachsen-Anhalt,37.17,summer_days
1992,Sachsen-Anhalt,56.18,summer_days
1993,Sachsen-Anhalt,32.94,summer_days
1994,Sachsen-Anhalt,43.57,summer_days
1995,Sachsen-Anhalt,53.02,summer_days
1996,Sachsen-Anhalt,28.3,summer_days
1997,Sachsen-Anhalt,51.44,summer_days
1998,Sachsen-Anhalt,29.63,summer_days
1999,Sachsen-Anhalt,48.07,summer_days
2000,Sachsen-Anhalt,37,summer_days
2001,Sachsen-Anhalt,34.96,summer_days
2002,Sachsen-Anhalt,42.1,summer_days
2003,Sachsen-Anhalt,62.39,summer_days
2004,Sachsen-Anhalt,32.3,summer_days
2005,Sachsen-Anhalt,45.66,summer_days
2006,Sachsen-Anhalt,60.41,summer_days
2007,Sachsen-Anhalt,40.83,summer_days
2008,Sachsen-Anhalt,38.11,summer_days
2009,Sachsen-Anhalt,44.18,summer_days
2010,Sachsen-Anhalt,40.58,summer_days
2011,Sachsen-Anhalt,46,summer_days
2012,Sachsen-Anhalt,41.41,summer_days
2013,Sachsen-Anhalt,44.4,summer_days
2014,Sachsen-Anhalt,38.55,summer_days
2015,Sachsen-Anhalt,46.7,summer_days
2016,Sachsen-Anhalt,57.58,summer_days
2017,Sachsen-Anhalt,41.51,summer_days
2018,Sachsen-Anhalt,87.6,summer_days
2019,Sachsen-Anhalt,63.42,summer_days
2020,Sachsen-Anhalt,52.06,summer_days
2021,Sachsen-Anhalt,46.67,summer_days
2022,Sachsen-Anhalt,66.23,summer_days
2023,Sachsen-Anhalt,64.52,summer_days
2024,Sachsen-Anhalt,63.08,summer_days
2025,Sachsen-Anhalt,48.63,summer_days
1951,Schleswig-Holstein,10.48,summer_days
1952,Schleswig-Holstein,9.71,summer_days
1953,Schleswig-Holstein,19.28,summer_days
1954,Schleswig-Holstein,7.79,summer_days
1955,Schleswig-Holstein,18.28,summer_days
1956,Schleswig-Holstein,6.4,summer_days
1957,Schleswig-Holstein,12.61,summer_days
1958,Schleswig-Holstein,7.14,summer_days
1959,Schleswig-Holstein,26.03,summer_days
1960,Schleswig-Holstein,6.57,summer_days
1961,Schleswig-Holstein,12.32,summer_days
1962,Schleswig-Holstein,2.55,summer_days
1963,Schleswig-Holstein,11.4,summer_days
1964,Schleswig-Holstein,13.51,summer_days
1965,Schleswig-Holstein,2.49,summer_days
1966,Schleswig-Holstein,13.01,summer_days
1967,Schleswig-Holstein,8.28,summer_days
1968,Schleswig-Holstein,17.14,summer_days
1969,Schleswig-Holstein,26.45,summer_days
1970,Schleswig-Holstein,16.58,summer_days
1971,Schleswig-Holstein,17.47,summer_days
1972,Schleswig-Holstein,13.64,summer_days
1973,Schleswig-Holstein,21.69,summer_days
1974,Schleswig-Holstein,6.07,summer_days
1975,Schleswig-Holstein,30.23,summer_days
1976,Schleswig-Holstein,32.81,summer_days
1977,Schleswig-Holstein,7.19,summer_days
1978,Schleswig-Holstein,15.23,summer_days
1979,Schleswig-Holstein,11.98,summer_days
1980,Schleswig-Holstein,9.18,summer_days
1981,Schleswig-Holstein,11.73,summer_days
1982,Schleswig-Holstein,26.3,summer_days
1983,Schleswig-Holstein,32.61,summer_days
1984,Schleswig-Holstein,11.32,summer_days
1985,Schleswig-Holstein,10.36,summer_days
1986,Schleswig-Holstein,17.63,summer_days
1987,Schleswig-Holstein,6.86,summer_days
1988,Schleswig-Holstein,6.81,summer_days
1989,Schleswig-Holstein,24.1,summer_days
1990,Schleswig-Holstein,14.95,summer_days
1991,Schleswig-Holstein,15.81,summer_days
1992,Schleswig-Holstein,26.39,summer_days
1993,Schleswig-Holstein,8.95,summer_days
1994,Schleswig-Holstein,27.87,summer_days
1995,Schleswig-Holstein,32.79,summer_days
1996,Schleswig-Holstein,18.93,summer_days
1997,Schleswig-Holstein,31.6,summer_days
1998,Schleswig-Holstein,9.06,summer_days
1999,Schleswig-Holstein,27.81,summer_days
2000,Schleswig-Holstein,13.18,summer_days
2001,Schleswig-Holstein,18.76,summer_days
2002,Schleswig-Holstein,26.95,summer_days
2003,Schleswig-Holstein,35.88,summer_days
2004,Schleswig-Holstein,16.56,summer_days
2005,Schleswig-Holstein,25.19,summer_days
2006,Schleswig-Holstein,38.78,summer_days
2007,Schleswig-Holstein,14.17,summer_days
2008,Schleswig-Holstein,17.32,summer_days
2009,Schleswig-Holstein,18.01,summer_days
2010,Schleswig-Holstein,20.51,summer_days
2011,Schleswig-Holstein,15.3,summer_days
2012,Schleswig-Holstein,13.8,summer_days
2013,Schleswig-Holstein,21.74,summer_days
2014,Schleswig-Holstein,29.11,summer_days
2015,Schleswig-Holstein,17.1,summer_days
2016,Schleswig-Holstein,25.14,summer_days
2017,Schleswig-Holstein,10.55,summer_days
2018,Schleswig-Holstein,46.27,summer_days
2019,Schleswig-Holstein,25.93,summer_days
2020,Schleswig-Holstein,26.41,summer_days
2021,Schleswig-Holstein,22.56,summer_days
2022,Schleswig-Holstein,30.24,summer_days
2023,Schleswig-Holstein,26.6,summer_days
2024,Schleswig-Holstein,25.05,summer_days
2025,Schleswig-Holstein,16.15,summer_days
1951,Thueringen,25.93,summer_days
1952,Thueringen,31.75,summer_days
1953,Thueringen,33.02,summer_days
1954,Thueringen,16.4,summer_days
1955,Thueringen,17.07,summer_days
1956,Thueringen,13.28,summer_days
1957,Thueringen,24,summer_days
1958,Thueringen,21.09,summer_days
1959,Thueringen,36.84,summer_days
1960,Thueringen,15.49,summer_days
1961,Thueringen,25.89,summer_days
1962,Thueringen,19.57,summer_days
1963,Thueringen,23.15,summer_days
1964,Thueringen,40.06,summer_days
1965,Thueringen,13.39,summer_days
1966,Thueringen,23.89,summer_days
1967,Thueringen,26.56,summer_days
1968,Thueringen,21.8,summer_days
1969,Thueringen,30.66,summer_days
1970,Thueringen,24.32,summer_days
1971,Thueringen,32.72,summer_days
1972,Thueringen,19.57,summer_days
1973,Thueringen,33.99,summer_days
1974,Thueringen,14.92,summer_days
1975,Thueringen,35.7,summer_days
1976,Thueringen,37.63,summer_days
1977,Thueringen,15.11,summer_days
1978,Thueringen,15.5,summer_days
1979,Thueringen,21.54,summer_days
1980,Thueringen,15.85,summer_days
1981,Thueringen,20.38,summer_days
1982,Thueringen,42.31,summer_days
1983,Thueringen,44.77,summer_days
1984,Thueringen,15.55,summer_days
1985,Thueringen,21.3,summer_days
1986,Thueringen,30.05,summer_days
1987,Thueringen,15.88,summer_days
1988,Thueringen,24.51,summer_days
1989,Thueringen,31.13,summer_days
1990,Thueringen,30,summer_days
1991,Thueringen,31.76,summer_days
1992,Thueringen,41.35,summer_days
1993,Thueringen,28.21,summer_days
1994,Thueringen,39.75,summer_days
1995,Thueringen,41.51,summer_days
1996,Thueringen,22.74,summer_days
1997,Thueringen,35.6,summer_days
1998,Thueringen,27.17,summer_days
1999,Thueringen,34.49,summer_days
2000,Thueringen,30.47,summer_days
2001,Thueringen,31.44,summer_days
2002,Thueringen,32.91,summer_days
2003,Thueringen,58.97,summer_days
2004,Thueringen,28.48,summer_days
2005,Thueringen,38.43,summer_days
2006,Thueringen,48.35,summer_days
2007,Thueringen,31.43,summer_days
2008,Thueringen,34.6,summer_days
2009,Thueringen,33.53,summer_days
2010,Thueringen,32.54,summer_days
2011,Thueringen,39.28,summer_days
2012,Thueringen,35.36,summer_days
2013,Thueringen,35.5,summer_days
2014,Thueringen,29.97,summer_days
2015,Thueringen,44,summer_days
2016,Thueringen,42.71,summer_days
2017,Thueringen,38.22,summer_days
2018,Thueringen,70.86,summer_days
2019,Thueringen,52.95,summer_days
2020,Thueringen,41.99,summer_days
2021,Thueringen,33.87,summer_days
2022,Thueringen,59.45,summer_days
2023,Thueringen,56.04,summer_days
2024,Thueringen,53.07,summer_days
2025,Thueringen,41.44,summer_days
1951,Thueringen/Sachsen-Anhalt,28.81,summer_days
1952,Thueringen/Sachsen-Anhalt,32.1,summer_days
1953,Thueringen/Sachsen-Anhalt,35.82,summer_days
1954,Thueringen/Sachsen-Anhalt,18.34,summer_days
1955,Thueringen/Sachsen-Anhalt,21.42,summer_days
1956,Thueringen/Sachsen-Anhalt,14.39,summer_days
1957,Thueringen/Sachsen-Anhalt,26.77,summer_days
1958,Thueringen/Sachsen-Anhalt,22.06,summer_days
1959,Thueringen/Sachsen-Anhalt,41.17,summer_days
1960,Thueringen/Sachsen-Anhalt,18.58,summer_days
1961,Thueringen/Sachsen-Anhalt,28.2,summer_days
1962,Thueringen/Sachsen-Anhalt,19.01,summer_days
1963,Thueringen/Sachsen-Anhalt,29.38,summer_days
1964,Thueringen/Sachsen-Anhalt,41.48,summer_days
1965,Thueringen/Sachsen-Anhalt,15.25,summer_days
1966,Thueringen/Sachsen-Anhalt,28.09,summer_days
1967,Thueringen/Sachsen-Anhalt,28.25,summer_days
1968,Thueringen/Sachsen-Anhalt,29.51,summer_days
1969,Thueringen/Sachsen-Anhalt,36.33,summer_days
1970,Thueringen/Sachsen-Anhalt,29.89,summer_days
1971,Thueringen/Sachsen-Anhalt,36.68,summer_days
1972,Thueringen/Sachsen-Anhalt,23.65,summer_days
1973,Thueringen/Sachsen-Anhalt,37.8,summer_days
1974,Thueringen/Sachsen-Anhalt,16.73,summer_days
1975,Thueringen/Sachsen-Anhalt,42.1,summer_days
1976,Thueringen/Sachsen-Anhalt,41.15,summer_days
1977,Thueringen/Sachsen-Anhalt,16.46,summer_days
1978,Thueringen/Sachsen-Anhalt,19.3,summer_days
1979,Thueringen/Sachsen-Anhalt,25.21,summer_days
1980,Thueringen/Sachsen-Anhalt,17.39,summer_days
1981,Thueringen/Sachsen-Anhalt,23.37,summer_days
1982,Thueringen/Sachsen-Anhalt,46.42,summer_days
1983,Thueringen/Sachsen-Anhalt,48.84,summer_days
1984,Thueringen/Sachsen-Anhalt,18.75,summer_days
1985,Thueringen/Sachsen-Anhalt,25,summer_days
1986,Thueringen/Sachsen-Anhalt,33.92,summer_days
1987,Thueringen/Sachsen-Anhalt,16.87,summer_days
1988,Thueringen/Sachsen-Anhalt,27.44,summer_days
1989,Thueringen/Sachsen-Anhalt,39.02,summer_days
1990,Thueringen/Sachsen-Anhalt,32.41,summer_days
1991,Thueringen/Sachsen-Anhalt,34.82,summer_days
1992,Thueringen/Sachsen-Anhalt,49.75,summer_days
1993,Thueringen/Sachsen-Anhalt,30.89,summer_days
1994,Thueringen/Sachsen-Anhalt,41.91,summer_days
1995,Thueringen/Sachsen-Anhalt,48.03,summer_days
1996,Thueringen/Sachsen-Anhalt,25.89,summer_days
1997,Thueringen/Sachsen-Anhalt,44.57,summer_days
1998,Thueringen/Sachsen-Anhalt,28.56,summer_days
1999,Thueringen/Sachsen-Anhalt,42.18,summer_days
2000,Thueringen/Sachsen-Anhalt,34.17,summer_days
2001,Thueringen/Sachsen-Anhalt,33.43,summer_days
2002,Thueringen/Sachsen-Anhalt,38.11,summer_days
2003,Thueringen/Sachsen-Anhalt,60.91,summer_days
2004,Thueringen/Sachsen-Anhalt,30.64,summer_days
2005,Thueringen/Sachsen-Anhalt,42.52,summer_days
2006,Thueringen/Sachsen-Anhalt,55.18,summer_days
2007,Thueringen/Sachsen-Anhalt,36.75,summer_days
2008,Thueringen/Sachsen-Anhalt,36.59,summer_days
2009,Thueringen/Sachsen-Anhalt,39.56,summer_days
2010,Thueringen/Sachsen-Anhalt,37.09,summer_days
2011,Thueringen/Sachsen-Anhalt,43.08,summer_days
2012,Thueringen/Sachsen-Anhalt,38.79,summer_days
2013,Thueringen/Sachsen-Anhalt,40.54,summer_days
2014,Thueringen/Sachsen-Anhalt,34.83,summer_days
2015,Thueringen/Sachsen-Anhalt,45.53,summer_days
2016,Thueringen/Sachsen-Anhalt,51.13,summer_days
2017,Thueringen/Sachsen-Anhalt,40.08,summer_days
2018,Thueringen/Sachsen-Anhalt,80.34,summer_days
2019,Thueringen/Sachsen-Anhalt,58.88,summer_days
2020,Thueringen/Sachsen-Anhalt,47.69,summer_days
2021,Thueringen/Sachsen-Anhalt,41.12,summer_days
2022,Thueringen/Sachsen-Anhalt,63.29,summer_days
2023,Thueringen/Sachsen-Anhalt,60.84,summer_days
2024,Thueringen/Sachsen-Anhalt,58.74,summer_days
2025,Thueringen/Sachsen-Anhalt,45.51,summer_days
1881,Baden-Wuerttemberg,3,trocken_monate
1882,Baden-Wuerttemberg,3,trocken_monate
1883,Baden-Wuerttemberg,3,trocken_monate
1884,Baden-Wuerttemberg,3,trocken_monate
1885,Baden-Wuerttemberg,2,trocken_monate
1886,Baden-Wuerttemberg,1,trocken_monate
1887,Baden-Wuerttemberg,3,trocken_monate
1888,Baden-Wuerttemberg,3,trocken_monate
1889,Baden-Wuerttemberg,2,trocken_monate
1890,Baden-Wuerttemberg,4,trocken_monate
1891,Baden-Wuerttemberg,3,trocken_monate
1892,Baden-Wuerttemberg,2,trocken_monate
1893,Baden-Wuerttemberg,4,trocken_monate
1894,Baden-Wuerttemberg,3,trocken_monate
1895,Baden-Wuerttemberg,2,trocken_monate
1896,Baden-Wuerttemberg,3,trocken_monate
1897,Baden-Wuerttemberg,4,trocken_monate
1898,Baden-Wuerttemberg,3,trocken_monate
1899,Baden-Wuerttemberg,4,trocken_monate
1900,Baden-Wuerttemberg,1,trocken_monate
1901,Baden-Wuerttemberg,3,trocken_monate
1902,Baden-Wuerttemberg,2,trocken_monate
1903,Baden-Wuerttemberg,3,trocken_monate
1904,Baden-Wuerttemberg,2,trocken_monate
1905,Baden-Wuerttemberg,2,trocken_monate
1906,Baden-Wuerttemberg,3,trocken_monate
1907,Baden-Wuerttemberg,3,trocken_monate
1908,Baden-Wuerttemberg,4,trocken_monate
1909,Baden-Wuerttemberg,2,trocken_monate
1910,Baden-Wuerttemberg,2,trocken_monate
1911,Baden-Wuerttemberg,4,trocken_monate
1912,Baden-Wuerttemberg,1,trocken_monate
1913,Baden-Wuerttemberg,2,trocken_monate
1914,Baden-Wuerttemberg,3,trocken_monate
1915,Baden-Wuerttemberg,2,trocken_monate
1916,Baden-Wuerttemberg,0,trocken_monate
1917,Baden-Wuerttemberg,2,trocken_monate
1918,Baden-Wuerttemberg,3,trocken_monate
1919,Baden-Wuerttemberg,2,trocken_monate
1920,Baden-Wuerttemberg,4,trocken_monate
1921,Baden-Wuerttemberg,6,trocken_monate
1922,Baden-Wuerttemberg,0,trocken_monate
1923,Baden-Wuerttemberg,2,trocken_monate
1924,Baden-Wuerttemberg,3,trocken_monate
1925,Baden-Wuerttemberg,2,trocken_monate
1926,Baden-Wuerttemberg,3,trocken_monate
1927,Baden-Wuerttemberg,2,trocken_monate
1928,Baden-Wuerttemberg,3,trocken_monate
1929,Baden-Wuerttemberg,5,trocken_monate
1930,Baden-Wuerttemberg,3,trocken_monate
1931,Baden-Wuerttemberg,1,trocken_monate
1932,Baden-Wuerttemberg,2,trocken_monate
1933,Baden-Wuerttemberg,3,trocken_monate
1934,Baden-Wuerttemberg,3,trocken_monate
1935,Baden-Wuerttemberg,3,trocken_monate
1936,Baden-Wuerttemberg,2,trocken_monate
1937,Baden-Wuerttemberg,3,trocken_monate
1938,Baden-Wuerttemberg,3,trocken_monate
1939,Baden-Wuerttemberg,1,trocken_monate
1940,Baden-Wuerttemberg,2,trocken_monate
1941,Baden-Wuerttemberg,2,trocken_monate
1942,Baden-Wuerttemberg,1,trocken_monate
1943,Baden-Wuerttemberg,4,trocken_monate
1944,Baden-Wuerttemberg,1,trocken_monate
1945,Baden-Wuerttemberg,1,trocken_monate
1946,Baden-Wuerttemberg,4,trocken_monate
1947,Baden-Wuerttemberg,4,trocken_monate
1948,Baden-Wuerttemberg,5,trocken_monate
1949,Baden-Wuerttemberg,5,trocken_monate
1950,Baden-Wuerttemberg,3,trocken_monate
1951,Baden-Wuerttemberg,3,trocken_monate
1952,Baden-Wuerttemberg,1,trocken_monate
1953,Baden-Wuerttemberg,6,trocken_monate
1954,Baden-Wuerttemberg,3,trocken_monate
1955,Baden-Wuerttemberg,4,trocken_monate
1956,Baden-Wuerttemberg,2,trocken_monate
1957,Baden-Wuerttemberg,4,trocken_monate
1958,Baden-Wuerttemberg,1,trocken_monate
1959,Baden-Wuerttemberg,3,trocken_monate
1960,Baden-Wuerttemberg,2,trocken_monate
1961,Baden-Wuerttemberg,2,trocken_monate
1962,Baden-Wuerttemberg,2,trocken_monate
1963,Baden-Wuerttemberg,3,trocken_monate
1964,Baden-Wuerttemberg,3,trocken_monate
1965,Baden-Wuerttemberg,1,trocken_monate
1966,Baden-Wuerttemberg,0,trocken_monate
1967,Baden-Wuerttemberg,1,trocken_monate
1968,Baden-Wuerttemberg,1,trocken_monate
1969,Baden-Wuerttemberg,2,trocken_monate
1970,Baden-Wuerttemberg,1,trocken_monate
1971,Baden-Wuerttemberg,6,trocken_monate
1972,Baden-Wuerttemberg,6,trocken_monate
1973,Baden-Wuerttemberg,2,trocken_monate
1974,Baden-Wuerttemberg,1,trocken_monate
1975,Baden-Wuerttemberg,3,trocken_monate
1976,Baden-Wuerttemberg,4,trocken_monate
1977,Baden-Wuerttemberg,1,trocken_monate
1978,Baden-Wuerttemberg,2,trocken_monate
1979,Baden-Wuerttemberg,1,trocken_monate
1980,Baden-Wuerttemberg,0,trocken_monate
1981,Baden-Wuerttemberg,1,trocken_monate
1982,Baden-Wuerttemberg,2,trocken_monate
1983,Baden-Wuerttemberg,1,trocken_monate
1984,Baden-Wuerttemberg,2,trocken_monate
1985,Baden-Wuerttemberg,2,trocken_monate
1986,Baden-Wuerttemberg,1,trocken_monate
1987,Baden-Wuerttemberg,0,trocken_monate
1988,Baden-Wuerttemberg,0,trocken_monate
1989,Baden-Wuerttemberg,5,trocken_monate
1990,Baden-Wuerttemberg,2,trocken_monate
1991,Baden-Wuerttemberg,4,trocken_monate
1992,Baden-Wuerttemberg,2,trocken_monate
1993,Baden-Wuerttemberg,3,trocken_monate
1994,Baden-Wuerttemberg,0,trocken_monate
1995,Baden-Wuerttemberg,1,trocken_monate
1996,Baden-Wuerttemberg,3,trocken_monate
1997,Baden-Wuerttemberg,3,trocken_monate
1998,Baden-Wuerttemberg,1,trocken_monate
1999,Baden-Wuerttemberg,0,trocken_monate
2000,Baden-Wuerttemberg,1,trocken_monate
2001,Baden-Wuerttemberg,0,trocken_monate
2002,Baden-Wuerttemberg,1,trocken_monate
2003,Baden-Wuerttemberg,5,trocken_monate
2004,Baden-Wuerttemberg,4,trocken_monate
2005,Baden-Wuerttemberg,1,trocken_monate
2006,Baden-Wuerttemberg,2,trocken_monate
2007,Baden-Wuerttemberg,2,trocken_monate
2008,Baden-Wuerttemberg,1,trocken_monate
2009,Baden-Wuerttemberg,3,trocken_monate
2010,Baden-Wuerttemberg,2,trocken_monate
2011,Baden-Wuerttemberg,4,trocken_monate
2012,Baden-Wuerttemberg,2,trocken_monate
2013,Baden-Wuerttemberg,0,trocken_monate
2014,Baden-Wuerttemberg,1,trocken_monate
2015,Baden-Wuerttemberg,4,trocken_monate
2016,Baden-Wuerttemberg,2,trocken_monate
2017,Baden-Wuerttemberg,1,trocken_monate
2018,Baden-Wuerttemberg,4,trocken_monate
2019,Baden-Wuerttemberg,1,trocken_monate
2020,Baden-Wuerttemberg,4,trocken_monate
2021,Baden-Wuerttemberg,3,trocken_monate
2022,Baden-Wuerttemberg,2,trocken_monate
2023,Baden-Wuerttemberg,3,trocken_monate
2024,Baden-Wuerttemberg,0,trocken_monate
2025,Baden-Wuerttemberg,3,trocken_monate
2026,Baden-Wuerttemberg,2,trocken_monate
1881,Bayern,4,trocken_monate
1882,Bayern,3,trocken_monate
1883,Bayern,3,trocken_monate
1884,Bayern,5,trocken_monate
1885,Bayern,3,trocken_monate
1886,Bayern,2,trocken_monate
1887,Bayern,4,trocken_monate
1888,Bayern,2,trocken_monate
1889,Bayern,2,trocken_monate
1890,Bayern,3,trocken_monate
1891,Bayern,2,trocken_monate
1892,Bayern,2,trocken_monate
1893,Bayern,4,trocken_monate
1894,Bayern,2,trocken_monate
1895,Bayern,2,trocken_monate
1896,Bayern,3,trocken_monate
1897,Bayern,4,trocken_monate
1898,Bayern,3,trocken_monate
1899,Bayern,4,trocken_monate
1900,Bayern,2,trocken_monate
1901,Bayern,3,trocken_monate
1902,Bayern,3,trocken_monate
1903,Bayern,3,trocken_monate
1904,Bayern,3,trocken_monate
1905,Bayern,1,trocken_monate
1906,Bayern,4,trocken_monate
1907,Bayern,3,trocken_monate
1908,Bayern,5,trocken_monate
1909,Bayern,2,trocken_monate
1910,Bayern,2,trocken_monate
1911,Bayern,3,trocken_monate
1912,Bayern,0,trocken_monate
1913,Bayern,2,trocken_monate
1914,Bayern,2,trocken_monate
1915,Bayern,1,trocken_monate
1916,Bayern,0,trocken_monate
1917,Bayern,2,trocken_monate
1918,Bayern,4,trocken_monate
1919,Bayern,1,trocken_monate
1920,Bayern,4,trocken_monate
1921,Bayern,4,trocken_monate
1922,Bayern,0,trocken_monate
1923,Bayern,1,trocken_monate
1924,Bayern,5,trocken_monate
1925,Bayern,2,trocken_monate
1926,Bayern,3,trocken_monate
1927,Bayern,3,trocken_monate
1928,Bayern,3,trocken_monate
1929,Bayern,5,trocken_monate
1930,Bayern,4,trocken_monate
1931,Bayern,1,trocken_monate
1932,Bayern,3,trocken_monate
1933,Bayern,3,trocken_monate
1934,Bayern,5,trocken_monate
1935,Bayern,2,trocken_monate
1936,Bayern,1,trocken_monate
1937,Bayern,1,trocken_monate
1938,Bayern,3,trocken_monate
1939,Bayern,2,trocken_monate
1940,Bayern,2,trocken_monate
1941,Bayern,1,trocken_monate
1942,Bayern,2,trocken_monate
1943,Bayern,4,trocken_monate
1944,Bayern,0,trocken_monate
1945,Bayern,1,trocken_monate
1946,Bayern,4,trocken_monate
1947,Bayern,4,trocken_monate
1948,Bayern,5,trocken_monate
1949,Bayern,3,trocken_monate
1950,Bayern,2,trocken_monate
1951,Bayern,2,trocken_monate
1952,Bayern,1,trocken_monate
1953,Bayern,6,trocken_monate
1954,Bayern,3,trocken_monate
1955,Bayern,3,trocken_monate
1956,Bayern,2,trocken_monate
1957,Bayern,2,trocken_monate
1958,Bayern,1,trocken_monate
1959,Bayern,4,trocken_monate
1960,Bayern,0,trocken_monate
1961,Bayern,3,trocken_monate
1962,Bayern,2,trocken_monate
1963,Bayern,4,trocken_monate
1964,Bayern,3,trocken_monate
1965,Bayern,1,trocken_monate
1966,Bayern,0,trocken_monate
1967,Bayern,1,trocken_monate
1968,Bayern,2,trocken_monate
1969,Bayern,2,trocken_monate
1970,Bayern,1,trocken_monate
1971,Bayern,5,trocken_monate
1972,Bayern,5,trocken_monate
1973,Bayern,3,trocken_monate
1974,Bayern,2,trocken_monate
1975,Bayern,2,trocken_monate
1976,Bayern,3,trocken_monate
1977,Bayern,1,trocken_monate
1978,Bayern,2,trocken_monate
1979,Bayern,1,trocken_monate
1980,Bayern,0,trocken_monate
1981,Bayern,2,trocken_monate
1982,Bayern,3,trocken_monate
1983,Bayern,2,trocken_monate
1984,Bayern,3,trocken_monate
1985,Bayern,1,trocken_monate
1986,Bayern,2,trocken_monate
1987,Bayern,1,trocken_monate
1988,Bayern,0,trocken_monate
1989,Bayern,2,trocken_monate
1990,Bayern,3,trocken_monate
1991,Bayern,4,trocken_monate
1992,Bayern,2,trocken_monate
1993,Bayern,3,trocken_monate
1994,Bayern,1,trocken_monate
1995,Bayern,1,trocken_monate
1996,Bayern,4,trocken_monate
1997,Bayern,4,trocken_monate
1998,Bayern,1,trocken_monate
1999,Bayern,1,trocken_monate
2000,Bayern,1,trocken_monate
2001,Bayern,0,trocken_monate
2002,Bayern,1,trocken_monate
2003,Bayern,5,trocken_monate
2004,Bayern,0,trocken_monate
2005,Bayern,1,trocken_monate
2006,Bayern,2,trocken_monate
2007,Bayern,2,trocken_monate
2008,Bayern,1,trocken_monate
2009,Bayern,1,trocken_monate
2010,Bayern,2,trocken_monate
2011,Bayern,4,trocken_monate
2012,Bayern,2,trocken_monate
2013,Bayern,3,trocken_monate
2014,Bayern,4,trocken_monate
2015,Bayern,2,trocken_monate
2016,Bayern,1,trocken_monate
2017,Bayern,1,trocken_monate
2018,Bayern,4,trocken_monate
2019,Bayern,2,trocken_monate
2020,Bayern,3,trocken_monate
2021,Bayern,3,trocken_monate
2022,Bayern,1,trocken_monate
2023,Bayern,3,trocken_monate
2024,Bayern,0,trocken_monate
2025,Bayern,4,trocken_monate
2026,Bayern,2,trocken_monate
1881,Brandenburg,5,trocken_monate
1882,Brandenburg,2,trocken_monate
1883,Brandenburg,3,trocken_monate
1884,Brandenburg,1,trocken_monate
1885,Brandenburg,1,trocken_monate
1886,Brandenburg,1,trocken_monate
1887,Brandenburg,2,trocken_monate
1888,Brandenburg,2,trocken_monate
1889,Brandenburg,3,trocken_monate
1890,Brandenburg,4,trocken_monate
1891,Brandenburg,2,trocken_monate
1892,Brandenburg,4,trocken_monate
1893,Brandenburg,2,trocken_monate
1894,Brandenburg,2,trocken_monate
1895,Brandenburg,1,trocken_monate
1896,Brandenburg,3,trocken_monate
1897,Brandenburg,4,trocken_monate
1898,Brandenburg,1,trocken_monate
1899,Brandenburg,4,trocken_monate
1900,Brandenburg,0,trocken_monate
1901,Brandenburg,1,trocken_monate
1902,Brandenburg,2,trocken_monate
1903,Brandenburg,2,trocken_monate
1904,Brandenburg,4,trocken_monate
1905,Brandenburg,0,trocken_monate
1906,Brandenburg,3,trocken_monate
1907,Brandenburg,3,trocken_monate
1908,Brandenburg,5,trocken_monate
1909,Brandenburg,2,trocken_monate
1910,Brandenburg,3,trocken_monate
1911,Brandenburg,2,trocken_monate
1912,Brandenburg,0,trocken_monate
1913,Brandenburg,3,trocken_monate
1914,Brandenburg,3,trocken_monate
1915,Brandenburg,2,trocken_monate
1916,Brandenburg,2,trocken_monate
1917,Brandenburg,4,trocken_monate
1918,Brandenburg,3,trocken_monate
1919,Brandenburg,4,trocken_monate
1920,Brandenburg,3,trocken_monate
1921,Brandenburg,2,trocken_monate
1922,Brandenburg,2,trocken_monate
1923,Brandenburg,2,trocken_monate
1924,Brandenburg,5,trocken_monate
1925,Brandenburg,0,trocken_monate
1926,Brandenburg,1,trocken_monate
1927,Brandenburg,2,trocken_monate
1928,Brandenburg,2,trocken_monate
1929,Brandenburg,5,trocken_monate
1930,Brandenburg,2,trocken_monate
1931,Brandenburg,2,trocken_monate
1932,Brandenburg,3,trocken_monate
1933,Brandenburg,3,trocken_monate
1934,Brandenburg,2,trocken_monate
1935,Brandenburg,0,trocken_monate
1936,Brandenburg,2,trocken_monate
1937,Brandenburg,2,trocken_monate
1938,Brandenburg,2,trocken_monate
1939,Brandenburg,1,trocken_monate
1940,Brandenburg,2,trocken_monate
1941,Brandenburg,0,trocken_monate
1942,Brandenburg,5,trocken_monate
1943,Brandenburg,5,trocken_monate
1944,Brandenburg,0,trocken_monate
1945,Brandenburg,0,trocken_monate
1946,Brandenburg,3,trocken_monate
1947,Brandenburg,5,trocken_monate
1948,Brandenburg,4,trocken_monate
1949,Brandenburg,2,trocken_monate
1950,Brandenburg,2,trocken_monate
1951,Brandenburg,2,trocken_monate
1952,Brandenburg,3,trocken_monate
1953,Brandenburg,5,trocken_monate
1954,Brandenburg,2,trocken_monate
1955,Brandenburg,1,trocken_monate
1956,Brandenburg,1,trocken_monate
1957,Brandenburg,3,trocken_monate
1958,Brandenburg,2,trocken_monate
1959,Brandenburg,5,trocken_monate
1960,Brandenburg,3,trocken_monate
1961,Brandenburg,0,trocken_monate
1962,Brandenburg,2,trocken_monate
1963,Brandenburg,5,trocken_monate
1964,Brandenburg,4,trocken_monate
1965,Brandenburg,1,trocken_monate
1966,Brandenburg,0,trocken_monate
1967,Brandenburg,1,trocken_monate
1968,Brandenburg,2,trocken_monate
1969,Brandenburg,4,trocken_monate
1970,Brandenburg,1,trocken_monate
1971,Brandenburg,7,trocken_monate
1972,Brandenburg,4,trocken_monate
1973,Brandenburg,2,trocken_monate
1974,Brandenburg,2,trocken_monate
1975,Brandenburg,2,trocken_monate
1976,Brandenburg,5,trocken_monate
1977,Brandenburg,1,trocken_monate
1978,Brandenburg,3,trocken_monate
1979,Brandenburg,1,trocken_monate
1980,Brandenburg,3,trocken_monate
1981,Brandenburg,1,trocken_monate
1982,Brandenburg,5,trocken_monate
1983,Brandenburg,3,trocken_monate
1984,Brandenburg,1,trocken_monate
1985,Brandenburg,2,trocken_monate
1986,Brandenburg,2,trocken_monate
1987,Brandenburg,2,trocken_monate
1988,Brandenburg,3,trocken_monate
1989,Brandenburg,3,trocken_monate
1990,Brandenburg,4,trocken_monate
1991,Brandenburg,4,trocken_monate
1992,Brandenburg,3,trocken_monate
1993,Brandenburg,3,trocken_monate
1994,Brandenburg,1,trocken_monate
1995,Brandenburg,1,trocken_monate
1996,Brandenburg,4,trocken_monate
1997,Brandenburg,4,trocken_monate
1998,Brandenburg,1,trocken_monate
1999,Brandenburg,1,trocken_monate
2000,Brandenburg,1,trocken_monate
2001,Brandenburg,0,trocken_monate
2002,Brandenburg,1,trocken_monate
2003,Brandenburg,5,trocken_monate
2004,Brandenburg,2,trocken_monate
2005,Brandenburg,2,trocken_monate
2006,Brandenburg,2,trocken_monate
2007,Brandenburg,2,trocken_monate
2008,Brandenburg,2,trocken_monate
2009,Brandenburg,2,trocken_monate
2010,Brandenburg,3,trocken_monate
2011,Brandenburg,4,trocken_monate
2012,Brandenburg,1,trocken_monate
2013,Brandenburg,1,trocken_monate
2014,Brandenburg,3,trocken_monate
2015,Brandenburg,3,trocken_monate
2016,Brandenburg,1,trocken_monate
2017,Brandenburg,0,trocken_monate
2018,Brandenburg,6,trocken_monate
2019,Brandenburg,3,trocken_monate
2020,Brandenburg,3,trocken_monate
2021,Brandenburg,1,trocken_monate
2022,Brandenburg,3,trocken_monate
2023,Brandenburg,2,trocken_monate
2024,Brandenburg,0,trocken_monate
2025,Brandenburg,4,trocken_monate
2026,Brandenburg,2,trocken_monate
1881,Brandenburg/Berlin,5,trocken_monate
1882,Brandenburg/Berlin,2,trocken_monate
1883,Brandenburg/Berlin,3,trocken_monate
1884,Brandenburg/Berlin,1,trocken_monate
1885,Brandenburg/Berlin,1,trocken_monate
1886,Brandenburg/Berlin,1,trocken_monate
1887,Brandenburg/Berlin,2,trocken_monate
1888,Brandenburg/Berlin,2,trocken_monate
1889,Brandenburg/Berlin,3,trocken_monate
1890,Brandenburg/Berlin,4,trocken_monate
1891,Brandenburg/Berlin,2,trocken_monate
1892,Brandenburg/Berlin,4,trocken_monate
1893,Brandenburg/Berlin,2,trocken_monate
1894,Brandenburg/Berlin,2,trocken_monate
1895,Brandenburg/Berlin,1,trocken_monate
1896,Brandenburg/Berlin,3,trocken_monate
1897,Brandenburg/Berlin,4,trocken_monate
1898,Brandenburg/Berlin,1,trocken_monate
1899,Brandenburg/Berlin,4,trocken_monate
1900,Brandenburg/Berlin,0,trocken_monate
1901,Brandenburg/Berlin,1,trocken_monate
1902,Brandenburg/Berlin,2,trocken_monate
1903,Brandenburg/Berlin,2,trocken_monate
1904,Brandenburg/Berlin,4,trocken_monate
1905,Brandenburg/Berlin,0,trocken_monate
1906,Brandenburg/Berlin,3,trocken_monate
1907,Brandenburg/Berlin,3,trocken_monate
1908,Brandenburg/Berlin,5,trocken_monate
1909,Brandenburg/Berlin,2,trocken_monate
1910,Brandenburg/Berlin,3,trocken_monate
1911,Brandenburg/Berlin,2,trocken_monate
1912,Brandenburg/Berlin,0,trocken_monate
1913,Brandenburg/Berlin,3,trocken_monate
1914,Brandenburg/Berlin,3,trocken_monate
1915,Brandenburg/Berlin,2,trocken_monate
1916,Brandenburg/Berlin,2,trocken_monate
1917,Brandenburg/Berlin,4,trocken_monate
1918,Brandenburg/Berlin,3,trocken_monate
1919,Brandenburg/Berlin,4,trocken_monate
1920,Brandenburg/Berlin,3,trocken_monate
1921,Brandenburg/Berlin,2,trocken_monate
1922,Brandenburg/Berlin,2,trocken_monate
1923,Brandenburg/Berlin,2,trocken_monate
1924,Brandenburg/Berlin,5,trocken_monate
1925,Brandenburg/Berlin,0,trocken_monate
1926,Brandenburg/Berlin,1,trocken_monate
1927,Brandenburg/Berlin,2,trocken_monate
1928,Brandenburg/Berlin,2,trocken_monate
1929,Brandenburg/Berlin,5,trocken_monate
1930,Brandenburg/Berlin,2,trocken_monate
1931,Brandenburg/Berlin,2,trocken_monate
1932,Brandenburg/Berlin,3,trocken_monate
1933,Brandenburg/Berlin,3,trocken_monate
1934,Brandenburg/Berlin,2,trocken_monate
1935,Brandenburg/Berlin,0,trocken_monate
1936,Brandenburg/Berlin,2,trocken_monate
1937,Brandenburg/Berlin,2,trocken_monate
1938,Brandenburg/Berlin,2,trocken_monate
1939,Brandenburg/Berlin,1,trocken_monate
1940,Brandenburg/Berlin,2,trocken_monate
1941,Brandenburg/Berlin,0,trocken_monate
1942,Brandenburg/Berlin,5,trocken_monate
1943,Brandenburg/Berlin,5,trocken_monate
1944,Brandenburg/Berlin,0,trocken_monate
1945,Brandenburg/Berlin,0,trocken_monate
1946,Brandenburg/Berlin,3,trocken_monate
1947,Brandenburg/Berlin,5,trocken_monate
1948,Brandenburg/Berlin,4,trocken_monate
1949,Brandenburg/Berlin,2,trocken_monate
1950,Brandenburg/Berlin,2,trocken_monate
1951,Brandenburg/Berlin,2,trocken_monate
1952,Brandenburg/Berlin,3,trocken_monate
1953,Brandenburg/Berlin,5,trocken_monate
1954,Brandenburg/Berlin,2,trocken_monate
1955,Brandenburg/Berlin,1,trocken_monate
1956,Brandenburg/Berlin,1,trocken_monate
1957,Brandenburg/Berlin,3,trocken_monate
1958,Brandenburg/Berlin,2,trocken_monate
1959,Brandenburg/Berlin,5,trocken_monate
1960,Brandenburg/Berlin,3,trocken_monate
1961,Brandenburg/Berlin,0,trocken_monate
1962,Brandenburg/Berlin,2,trocken_monate
1963,Brandenburg/Berlin,5,trocken_monate
1964,Brandenburg/Berlin,4,trocken_monate
1965,Brandenburg/Berlin,1,trocken_monate
1966,Brandenburg/Berlin,0,trocken_monate
1967,Brandenburg/Berlin,1,trocken_monate
1968,Brandenburg/Berlin,2,trocken_monate
1969,Brandenburg/Berlin,4,trocken_monate
1970,Brandenburg/Berlin,1,trocken_monate
1971,Brandenburg/Berlin,7,trocken_monate
1972,Brandenburg/Berlin,4,trocken_monate
1973,Brandenburg/Berlin,2,trocken_monate
1974,Brandenburg/Berlin,2,trocken_monate
1975,Brandenburg/Berlin,2,trocken_monate
1976,Brandenburg/Berlin,6,trocken_monate
1977,Brandenburg/Berlin,0,trocken_monate
1978,Brandenburg/Berlin,3,trocken_monate
1979,Brandenburg/Berlin,1,trocken_monate
1980,Brandenburg/Berlin,3,trocken_monate
1981,Brandenburg/Berlin,1,trocken_monate
1982,Brandenburg/Berlin,5,trocken_monate
1983,Brandenburg/Berlin,3,trocken_monate
1984,Brandenburg/Berlin,1,trocken_monate
1985,Brandenburg/Berlin,2,trocken_monate
1986,Brandenburg/Berlin,2,trocken_monate
1987,Brandenburg/Berlin,2,trocken_monate
1988,Brandenburg/Berlin,3,trocken_monate
1989,Brandenburg/Berlin,3,trocken_monate
1990,Brandenburg/Berlin,4,trocken_monate
1991,Brandenburg/Berlin,4,trocken_monate
1992,Brandenburg/Berlin,3,trocken_monate
1993,Brandenburg/Berlin,3,trocken_monate
1994,Brandenburg/Berlin,1,trocken_monate
1995,Brandenburg/Berlin,1,trocken_monate
1996,Brandenburg/Berlin,4,trocken_monate
1997,Brandenburg/Berlin,4,trocken_monate
1998,Brandenburg/Berlin,1,trocken_monate
1999,Brandenburg/Berlin,1,trocken_monate
2000,Brandenburg/Berlin,1,trocken_monate
2001,Brandenburg/Berlin,0,trocken_monate
2002,Brandenburg/Berlin,1,trocken_monate
2003,Brandenburg/Berlin,5,trocken_monate
2004,Brandenburg/Berlin,2,trocken_monate
2005,Brandenburg/Berlin,2,trocken_monate
2006,Brandenburg/Berlin,2,trocken_monate
2007,Brandenburg/Berlin,2,trocken_monate
2008,Brandenburg/Berlin,2,trocken_monate
2009,Brandenburg/Berlin,2,trocken_monate
2010,Brandenburg/Berlin,3,trocken_monate
2011,Brandenburg/Berlin,4,trocken_monate
2012,Brandenburg/Berlin,1,trocken_monate
2013,Brandenburg/Berlin,1,trocken_monate
2014,Brandenburg/Berlin,3,trocken_monate
2015,Brandenburg/Berlin,3,trocken_monate
2016,Brandenburg/Berlin,1,trocken_monate
2017,Brandenburg/Berlin,0,trocken_monate
2018,Brandenburg/Berlin,6,trocken_monate
2019,Brandenburg/Berlin,3,trocken_monate
2020,Brandenburg/Berlin,3,trocken_monate
2021,Brandenburg/Berlin,1,trocken_monate
2022,Brandenburg/Berlin,3,trocken_monate
2023,Brandenburg/Berlin,2,trocken_monate
2024,Brandenburg/Berlin,0,trocken_monate
2025,Brandenburg/Berlin,4,trocken_monate
2026,Brandenburg/Berlin,2,trocken_monate
1881,Deutschland,4,trocken_monate
1882,Deutschland,2,trocken_monate
1883,Deutschland,3,trocken_monate
1884,Deutschland,3,trocken_monate
1885,Deutschland,2,trocken_monate
1886,Deutschland,1,trocken_monate
1887,Deutschland,4,trocken_monate
1888,Deutschland,3,trocken_monate
1889,Deutschland,3,trocken_monate
1890,Deutschland,4,trocken_monate
1891,Deutschland,2,trocken_monate
1892,Deutschland,3,trocken_monate
1893,Deutschland,3,trocken_monate
1894,Deutschland,2,trocken_monate
1895,Deutschland,2,trocken_monate
1896,Deutschland,5,trocken_monate
1897,Deutschland,3,trocken_monate
1898,Deutschland,3,trocken_monate
1899,Deutschland,5,trocken_monate
1900,Deutschland,3,trocken_monate
1901,Deutschland,2,trocken_monate
1902,Deutschland,3,trocken_monate
1903,Deutschland,3,trocken_monate
1904,Deutschland,3,trocken_monate
1905,Deutschland,1,trocken_monate
1906,Deutschland,2,trocken_monate
1907,Deutschland,3,trocken_monate
1908,Deutschland,5,trocken_monate
1909,Deutschland,3,trocken_monate
1910,Deutschland,2,trocken_monate
1911,Deutschland,5,trocken_monate
1912,Deutschland,1,trocken_monate
1913,Deutschland,2,trocken_monate
1914,Deutschland,2,trocken_monate
1915,Deutschland,2,trocken_monate
1916,Deutschland,0,trocken_monate
1917,Deutschland,4,trocken_monate
1918,Deutschland,3,trocken_monate
1919,Deutschland,3,trocken_monate
1920,Deutschland,4,trocken_monate
1921,Deutschland,5,trocken_monate
1922,Deutschland,0,trocken_monate
1923,Deutschland,1,trocken_monate
1924,Deutschland,4,trocken_monate
1925,Deutschland,0,trocken_monate
1926,Deutschland,1,trocken_monate
1927,Deutschland,3,trocken_monate
1928,Deutschland,2,trocken_monate
1929,Deutschland,5,trocken_monate
1930,Deutschland,4,trocken_monate
1931,Deutschland,2,trocken_monate
1932,Deutschland,3,trocken_monate
1933,Deutschland,4,trocken_monate
1934,Deutschland,3,trocken_monate
1935,Deutschland,2,trocken_monate
1936,Deutschland,1,trocken_monate
1937,Deutschland,2,trocken_monate
1938,Deutschland,3,trocken_monate
1939,Deutschland,1,trocken_monate
1940,Deutschland,3,trocken_monate
1941,Deutschland,1,trocken_monate
1942,Deutschland,4,trocken_monate
1943,Deutschland,4,trocken_monate
1944,Deutschland,0,trocken_monate
1945,Deutschland,1,trocken_monate
1946,Deutschland,4,trocken_monate
1947,Deutschland,5,trocken_monate
1948,Deutschland,5,trocken_monate
1949,Deutschland,4,trocken_monate
1950,Deutschland,2,trocken_monate
1951,Deutschland,1,trocken_monate
1952,Deutschland,1,trocken_monate
1953,Deutschland,5,trocken_monate
1954,Deutschland,2,trocken_monate
1955,Deutschland,2,trocken_monate
1956,Deutschland,1,trocken_monate
1957,Deutschland,3,trocken_monate
1958,Deutschland,2,trocken_monate
1959,Deutschland,4,trocken_monate
1960,Deutschland,2,trocken_monate
1961,Deutschland,1,trocken_monate
1962,Deutschland,3,trocken_monate
1963,Deutschland,3,trocken_monate
1964,Deutschland,3,trocken_monate
1965,Deutschland,1,trocken_monate
1966,Deutschland,1,trocken_monate
1967,Deutschland,0,trocken_monate
1968,Deutschland,1,trocken_monate
1969,Deutschland,3,trocken_monate
1970,Deutschland,0,trocken_monate
1971,Deutschland,7,trocken_monate
1972,Deutschland,4,trocken_monate
1973,Deutschland,3,trocken_monate
1974,Deutschland,2,trocken_monate
1975,Deutschland,3,trocken_monate
1976,Deutschland,6,trocken_monate
1977,Deutschland,1,trocken_monate
1978,Deutschland,3,trocken_monate
1979,Deutschland,1,trocken_monate
1980,Deutschland,0,trocken_monate
1981,Deutschland,2,trocken_monate
1982,Deutschland,3,trocken_monate
1983,Deutschland,1,trocken_monate
1984,Deutschland,1,trocken_monate
1985,Deutschland,2,trocken_monate
1986,Deutschland,2,trocken_monate
1987,Deutschland,0,trocken_monate
1988,Deutschland,1,trocken_monate
1989,Deutschland,2,trocken_monate
1990,Deutschland,3,trocken_monate
1991,Deutschland,4,trocken_monate
1992,Deutschland,2,trocken_monate
1993,Deutschland,3,trocken_monate
1994,Deutschland,1,trocken_monate
1995,Deutschland,1,trocken_monate
1996,Deutschland,3,trocken_monate
1997,Deutschland,3,trocken_monate
1998,Deutschland,1,trocken_monate
1999,Deutschland,0,trocken_monate
2000,Deutschland,1,trocken_monate
2001,Deutschland,0,trocken_monate
2002,Deutschland,0,trocken_monate
2003,Deutschland,5,trocken_monate
2004,Deutschland,2,trocken_monate
2005,Deutschland,0,trocken_monate
2006,Deutschland,2,trocken_monate
2007,Deutschland,2,trocken_monate
2008,Deutschland,1,trocken_monate
2009,Deutschland,2,trocken_monate
2010,Deutschland,2,trocken_monate
2011,Deutschland,4,trocken_monate
2012,Deutschland,2,trocken_monate
2013,Deutschland,3,trocken_monate
2014,Deutschland,3,trocken_monate
2015,Deutschland,2,trocken_monate
2016,Deutschland,2,trocken_monate
2017,Deutschland,0,trocken_monate
2018,Deutschland,5,trocken_monate
2019,Deutschland,2,trocken_monate
2020,Deutschland,3,trocken_monate
2021,Deutschland,2,trocken_monate
2022,Deutschland,2,trocken_monate
2023,Deutschland,1,trocken_monate
2024,Deutschland,0,trocken_monate
2025,Deutschland,4,trocken_monate
2026,Deutschland,2,trocken_monate
1881,Hessen,4,trocken_monate
1882,Hessen,2,trocken_monate
1883,Hessen,4,trocken_monate
1884,Hessen,4,trocken_monate
1885,Hessen,2,trocken_monate
1886,Hessen,2,trocken_monate
1887,Hessen,4,trocken_monate
1888,Hessen,5,trocken_monate
1889,Hessen,2,trocken_monate
1890,Hessen,4,trocken_monate
1891,Hessen,1,trocken_monate
1892,Hessen,3,trocken_monate
1893,Hessen,3,trocken_monate
1894,Hessen,3,trocken_monate
1895,Hessen,2,trocken_monate
1896,Hessen,4,trocken_monate
1897,Hessen,2,trocken_monate
1898,Hessen,3,trocken_monate
1899,Hessen,5,trocken_monate
1900,Hessen,2,trocken_monate
1901,Hessen,1,trocken_monate
1902,Hessen,2,trocken_monate
1903,Hessen,2,trocken_monate
1904,Hessen,1,trocken_monate
1905,Hessen,2,trocken_monate
1906,Hessen,2,trocken_monate
1907,Hessen,1,trocken_monate
1908,Hessen,3,trocken_monate
1909,Hessen,2,trocken_monate
1910,Hessen,2,trocken_monate
1911,Hessen,5,trocken_monate
1912,Hessen,1,trocken_monate
1913,Hessen,2,trocken_monate
1914,Hessen,2,trocken_monate
1915,Hessen,4,trocken_monate
1916,Hessen,0,trocken_monate
1917,Hessen,3,trocken_monate
1918,Hessen,3,trocken_monate
1919,Hessen,2,trocken_monate
1920,Hessen,5,trocken_monate
1921,Hessen,7,trocken_monate
1922,Hessen,0,trocken_monate
1923,Hessen,1,trocken_monate
1924,Hessen,2,trocken_monate
1925,Hessen,0,trocken_monate
1926,Hessen,1,trocken_monate
1927,Hessen,1,trocken_monate
1928,Hessen,2,trocken_monate
1929,Hessen,5,trocken_monate
1930,Hessen,2,trocken_monate
1931,Hessen,2,trocken_monate
1932,Hessen,3,trocken_monate
1933,Hessen,4,trocken_monate
1934,Hessen,3,trocken_monate
1935,Hessen,3,trocken_monate
1936,Hessen,2,trocken_monate
1937,Hessen,3,trocken_monate
1938,Hessen,2,trocken_monate
1939,Hessen,1,trocken_monate
1940,Hessen,4,trocken_monate
1941,Hessen,2,trocken_monate
1942,Hessen,2,trocken_monate
1943,Hessen,4,trocken_monate
1944,Hessen,3,trocken_monate
1945,Hessen,2,trocken_monate
1946,Hessen,5,trocken_monate
1947,Hessen,4,trocken_monate
1948,Hessen,4,trocken_monate
1949,Hessen,4,trocken_monate
1950,Hessen,2,trocken_monate
1951,Hessen,2,trocken_monate
1952,Hessen,2,trocken_monate
1953,Hessen,5,trocken_monate
1954,Hessen,2,trocken_monate
1955,Hessen,2,trocken_monate
1956,Hessen,2,trocken_monate
1957,Hessen,3,trocken_monate
1958,Hessen,1,trocken_monate
1959,Hessen,2,trocken_monate
1960,Hessen,3,trocken_monate
1961,Hessen,0,trocken_monate
1962,Hessen,2,trocken_monate
1963,Hessen,5,trocken_monate
1964,Hessen,3,trocken_monate
1965,Hessen,1,trocken_monate
1966,Hessen,1,trocken_monate
1967,Hessen,0,trocken_monate
1968,Hessen,1,trocken_monate
1969,Hessen,3,trocken_monate
1970,Hessen,0,trocken_monate
1971,Hessen,6,trocken_monate
1972,Hessen,4,trocken_monate
1973,Hessen,4,trocken_monate
1974,Hessen,1,trocken_monate
1975,Hessen,3,trocken_monate
1976,Hessen,6,trocken_monate
1977,Hessen,2,trocken_monate
1978,Hessen,4,trocken_monate
1979,Hessen,2,trocken_monate
1980,Hessen,0,trocken_monate
1981,Hessen,1,trocken_monate
1982,Hessen,2,trocken_monate
1983,Hessen,1,trocken_monate
1984,Hessen,1,trocken_monate
1985,Hessen,2,trocken_monate
1986,Hessen,1,trocken_monate
1987,Hessen,1,trocken_monate
1988,Hessen,3,trocken_monate
1989,Hessen,2,trocken_monate
1990,Hessen,3,trocken_monate
1991,Hessen,4,trocken_monate
1992,Hessen,3,trocken_monate
1993,Hessen,4,trocken_monate
1994,Hessen,1,trocken_monate
1995,Hessen,1,trocken_monate
1996,Hessen,3,trocken_monate
1997,Hessen,4,trocken_monate
1998,Hessen,1,trocken_monate
1999,Hessen,0,trocken_monate
2000,Hessen,0,trocken_monate
2001,Hessen,1,trocken_monate
2002,Hessen,0,trocken_monate
2003,Hessen,4,trocken_monate
2004,Hessen,1,trocken_monate
2005,Hessen,0,trocken_monate
2006,Hessen,2,trocken_monate
2007,Hessen,2,trocken_monate
2008,Hessen,0,trocken_monate
2009,Hessen,0,trocken_monate
2010,Hessen,2,trocken_monate
2011,Hessen,5,trocken_monate
2012,Hessen,2,trocken_monate
2013,Hessen,1,trocken_monate
2014,Hessen,1,trocken_monate
2015,Hessen,3,trocken_monate
2016,Hessen,3,trocken_monate
2017,Hessen,2,trocken_monate
2018,Hessen,6,trocken_monate
2019,Hessen,2,trocken_monate
2020,Hessen,5,trocken_monate
2021,Hessen,1,trocken_monate
2022,Hessen,3,trocken_monate
2023,Hessen,0,trocken_monate
2024,Hessen,0,trocken_monate
2025,Hessen,5,trocken_monate
2026,Hessen,3,trocken_monate
1881,Mecklenburg-Vorpommern,5,trocken_monate
1882,Mecklenburg-Vorpommern,4,trocken_monate
1883,Mecklenburg-Vorpommern,5,trocken_monate
1884,Mecklenburg-Vorpommern,2,trocken_monate
1885,Mecklenburg-Vorpommern,4,trocken_monate
1886,Mecklenburg-Vorpommern,2,trocken_monate
1887,Mecklenburg-Vorpommern,4,trocken_monate
1888,Mecklenburg-Vorpommern,3,trocken_monate
1889,Mecklenburg-Vorpommern,5,trocken_monate
1890,Mecklenburg-Vorpommern,3,trocken_monate
1891,Mecklenburg-Vorpommern,2,trocken_monate
1892,Mecklenburg-Vorpommern,4,trocken_monate
1893,Mecklenburg-Vorpommern,3,trocken_monate
1894,Mecklenburg-Vorpommern,3,trocken_monate
1895,Mecklenburg-Vorpommern,2,trocken_monate
1896,Mecklenburg-Vorpommern,4,trocken_monate
1897,Mecklenburg-Vorpommern,4,trocken_monate
1898,Mecklenburg-Vorpommern,1,trocken_monate
1899,Mecklenburg-Vorpommern,2,trocken_monate
1900,Mecklenburg-Vorpommern,3,trocken_monate
1901,Mecklenburg-Vorpommern,1,trocken_monate
1902,Mecklenburg-Vorpommern,3,trocken_monate
1903,Mecklenburg-Vorpommern,1,trocken_monate
1904,Mecklenburg-Vorpommern,2,trocken_monate
1905,Mecklenburg-Vorpommern,0,trocken_monate
1906,Mecklenburg-Vorpommern,1,trocken_monate
1907,Mecklenburg-Vorpommern,5,trocken_monate
1908,Mecklenburg-Vorpommern,3,trocken_monate
1909,Mecklenburg-Vorpommern,1,trocken_monate
1910,Mecklenburg-Vorpommern,2,trocken_monate
1911,Mecklenburg-Vorpommern,4,trocken_monate
1912,Mecklenburg-Vorpommern,0,trocken_monate
1913,Mecklenburg-Vorpommern,1,trocken_monate
1914,Mecklenburg-Vorpommern,2,trocken_monate
1915,Mecklenburg-Vorpommern,6,trocken_monate
1916,Mecklenburg-Vorpommern,1,trocken_monate
1917,Mecklenburg-Vorpommern,3,trocken_monate
1918,Mecklenburg-Vorpommern,3,trocken_monate
1919,Mecklenburg-Vorpommern,3,trocken_monate
1920,Mecklenburg-Vorpommern,3,trocken_monate
1921,Mecklenburg-Vorpommern,4,trocken_monate
1922,Mecklenburg-Vorpommern,3,trocken_monate
1923,Mecklenburg-Vorpommern,1,trocken_monate
1924,Mecklenburg-Vorpommern,5,trocken_monate
1925,Mecklenburg-Vorpommern,0,trocken_monate
1926,Mecklenburg-Vorpommern,0,trocken_monate
1927,Mecklenburg-Vorpommern,2,trocken_monate
1928,Mecklenburg-Vorpommern,2,trocken_monate
1929,Mecklenburg-Vorpommern,5,trocken_monate
1930,Mecklenburg-Vorpommern,3,trocken_monate
1931,Mecklenburg-Vorpommern,1,trocken_monate
1932,Mecklenburg-Vorpommern,4,trocken_monate
1933,Mecklenburg-Vorpommern,4,trocken_monate
1934,Mecklenburg-Vorpommern,2,trocken_monate
1935,Mecklenburg-Vorpommern,2,trocken_monate
1936,Mecklenburg-Vorpommern,2,trocken_monate
1937,Mecklenburg-Vorpommern,2,trocken_monate
1938,Mecklenburg-Vorpommern,3,trocken_monate
1939,Mecklenburg-Vorpommern,1,trocken_monate
1940,Mecklenburg-Vorpommern,2,trocken_monate
1941,Mecklenburg-Vorpommern,2,trocken_monate
1942,Mecklenburg-Vorpommern,4,trocken_monate
1943,Mecklenburg-Vorpommern,4,trocken_monate
1944,Mecklenburg-Vorpommern,0,trocken_monate
1945,Mecklenburg-Vorpommern,0,trocken_monate
1946,Mecklenburg-Vorpommern,3,trocken_monate
1947,Mecklenburg-Vorpommern,3,trocken_monate
1948,Mecklenburg-Vorpommern,3,trocken_monate
1949,Mecklenburg-Vorpommern,1,trocken_monate
1950,Mecklenburg-Vorpommern,2,trocken_monate
1951,Mecklenburg-Vorpommern,1,trocken_monate
1952,Mecklenburg-Vorpommern,3,trocken_monate
1953,Mecklenburg-Vorpommern,4,trocken_monate
1954,Mecklenburg-Vorpommern,3,trocken_monate
1955,Mecklenburg-Vorpommern,2,trocken_monate
1956,Mecklenburg-Vorpommern,1,trocken_monate
1957,Mecklenburg-Vorpommern,2,trocken_monate
1958,Mecklenburg-Vorpommern,2,trocken_monate
1959,Mecklenburg-Vorpommern,5,trocken_monate
1960,Mecklenburg-Vorpommern,1,trocken_monate
1961,Mecklenburg-Vorpommern,0,trocken_monate
1962,Mecklenburg-Vorpommern,2,trocken_monate
1963,Mecklenburg-Vorpommern,5,trocken_monate
1964,Mecklenburg-Vorpommern,3,trocken_monate
1965,Mecklenburg-Vorpommern,1,trocken_monate
1966,Mecklenburg-Vorpommern,1,trocken_monate
1967,Mecklenburg-Vorpommern,1,trocken_monate
1968,Mecklenburg-Vorpommern,3,trocken_monate
1969,Mecklenburg-Vorpommern,4,trocken_monate
1970,Mecklenburg-Vorpommern,2,trocken_monate
1971,Mecklenburg-Vorpommern,7,trocken_monate
1972,Mecklenburg-Vorpommern,4,trocken_monate
1973,Mecklenburg-Vorpommern,2,trocken_monate
1974,Mecklenburg-Vorpommern,3,trocken_monate
1975,Mecklenburg-Vorpommern,2,trocken_monate
1976,Mecklenburg-Vorpommern,5,trocken_monate
1977,Mecklenburg-Vorpommern,1,trocken_monate
1978,Mecklenburg-Vorpommern,4,trocken_monate
1979,Mecklenburg-Vorpommern,2,trocken_monate
1980,Mecklenburg-Vorpommern,2,trocken_monate
1981,Mecklenburg-Vorpommern,1,trocken_monate
1982,Mecklenburg-Vorpommern,3,trocken_monate
1983,Mecklenburg-Vorpommern,1,trocken_monate
1984,Mecklenburg-Vorpommern,2,trocken_monate
1985,Mecklenburg-Vorpommern,2,trocken_monate
1986,Mecklenburg-Vorpommern,1,trocken_monate
1987,Mecklenburg-Vorpommern,2,trocken_monate
1988,Mecklenburg-Vorpommern,3,trocken_monate
1989,Mecklenburg-Vorpommern,4,trocken_monate
1990,Mecklenburg-Vorpommern,3,trocken_monate
1991,Mecklenburg-Vorpommern,2,trocken_monate
1992,Mecklenburg-Vorpommern,2,trocken_monate
1993,Mecklenburg-Vorpommern,2,trocken_monate
1994,Mecklenburg-Vorpommern,2,trocken_monate
1995,Mecklenburg-Vorpommern,1,trocken_monate
1996,Mecklenburg-Vorpommern,4,trocken_monate
1997,Mecklenburg-Vorpommern,2,trocken_monate
1998,Mecklenburg-Vorpommern,1,trocken_monate
1999,Mecklenburg-Vorpommern,1,trocken_monate
2000,Mecklenburg-Vorpommern,1,trocken_monate
2001,Mecklenburg-Vorpommern,2,trocken_monate
2002,Mecklenburg-Vorpommern,1,trocken_monate
2003,Mecklenburg-Vorpommern,2,trocken_monate
2004,Mecklenburg-Vorpommern,1,trocken_monate
2005,Mecklenburg-Vorpommern,1,trocken_monate
2006,Mecklenburg-Vorpommern,2,trocken_monate
2007,Mecklenburg-Vorpommern,2,trocken_monate
2008,Mecklenburg-Vorpommern,1,trocken_monate
2009,Mecklenburg-Vorpommern,2,trocken_monate
2010,Mecklenburg-Vorpommern,2,trocken_monate
2011,Mecklenburg-Vorpommern,3,trocken_monate
2012,Mecklenburg-Vorpommern,3,trocken_monate
2013,Mecklenburg-Vorpommern,2,trocken_monate
2014,Mecklenburg-Vorpommern,3,trocken_monate
2015,Mecklenburg-Vorpommern,2,trocken_monate
2016,Mecklenburg-Vorpommern,2,trocken_monate
2017,Mecklenburg-Vorpommern,0,trocken_monate
2018,Mecklenburg-Vorpommern,5,trocken_monate
2019,Mecklenburg-Vorpommern,2,trocken_monate
2020,Mecklenburg-Vorpommern,3,trocken_monate
2021,Mecklenburg-Vorpommern,0,trocken_monate
2022,Mecklenburg-Vorpommern,3,trocken_monate
2023,Mecklenburg-Vorpommern,1,trocken_monate
2024,Mecklenburg-Vorpommern,1,trocken_monate
2025,Mecklenburg-Vorpommern,4,trocken_monate
2026,Mecklenburg-Vorpommern,1,trocken_monate
1881,Niedersachsen,4,trocken_monate
1882,Niedersachsen,2,trocken_monate
1883,Niedersachsen,4,trocken_monate
1884,Niedersachsen,3,trocken_monate
1885,Niedersachsen,4,trocken_monate
1886,Niedersachsen,2,trocken_monate
1887,Niedersachsen,4,trocken_monate
1888,Niedersachsen,3,trocken_monate
1889,Niedersachsen,3,trocken_monate
1890,Niedersachsen,3,trocken_monate
1891,Niedersachsen,4,trocken_monate
1892,Niedersachsen,3,trocken_monate
1893,Niedersachsen,4,trocken_monate
1894,Niedersachsen,3,trocken_monate
1895,Niedersachsen,2,trocken_monate
1896,Niedersachsen,4,trocken_monate
1897,Niedersachsen,5,trocken_monate
1898,Niedersachsen,2,trocken_monate
1899,Niedersachsen,4,trocken_monate
1900,Niedersachsen,4,trocken_monate
1901,Niedersachsen,0,trocken_monate
1902,Niedersachsen,2,trocken_monate
1903,Niedersachsen,1,trocken_monate
1904,Niedersachsen,2,trocken_monate
1905,Niedersachsen,1,trocken_monate
1906,Niedersachsen,1,trocken_monate
1907,Niedersachsen,4,trocken_monate
1908,Niedersachsen,3,trocken_monate
1909,Niedersachsen,2,trocken_monate
1910,Niedersachsen,2,trocken_monate
1911,Niedersachsen,6,trocken_monate
1912,Niedersachsen,1,trocken_monate
1913,Niedersachsen,2,trocken_monate
1914,Niedersachsen,2,trocken_monate
1915,Niedersachsen,3,trocken_monate
1916,Niedersachsen,1,trocken_monate
1917,Niedersachsen,2,trocken_monate
1918,Niedersachsen,3,trocken_monate
1919,Niedersachsen,3,trocken_monate
1920,Niedersachsen,4,trocken_monate
1921,Niedersachsen,5,trocken_monate
1922,Niedersachsen,0,trocken_monate
1923,Niedersachsen,2,trocken_monate
1924,Niedersachsen,5,trocken_monate
1925,Niedersachsen,0,trocken_monate
1926,Niedersachsen,1,trocken_monate
1927,Niedersachsen,1,trocken_monate
1928,Niedersachsen,2,trocken_monate
1929,Niedersachsen,6,trocken_monate
1930,Niedersachsen,4,trocken_monate
1931,Niedersachsen,2,trocken_monate
1932,Niedersachsen,4,trocken_monate
1933,Niedersachsen,4,trocken_monate
1934,Niedersachsen,1,trocken_monate
1935,Niedersachsen,1,trocken_monate
1936,Niedersachsen,2,trocken_monate
1937,Niedersachsen,1,trocken_monate
1938,Niedersachsen,3,trocken_monate
1939,Niedersachsen,2,trocken_monate
1940,Niedersachsen,3,trocken_monate
1941,Niedersachsen,2,trocken_monate
1942,Niedersachsen,3,trocken_monate
1943,Niedersachsen,4,trocken_monate
1944,Niedersachsen,1,trocken_monate
1945,Niedersachsen,3,trocken_monate
1946,Niedersachsen,2,trocken_monate
1947,Niedersachsen,5,trocken_monate
1948,Niedersachsen,4,trocken_monate
1949,Niedersachsen,1,trocken_monate
1950,Niedersachsen,1,trocken_monate
1951,Niedersachsen,1,trocken_monate
1952,Niedersachsen,2,trocken_monate
1953,Niedersachsen,4,trocken_monate
1954,Niedersachsen,2,trocken_monate
1955,Niedersachsen,1,trocken_monate
1956,Niedersachsen,2,trocken_monate
1957,Niedersachsen,1,trocken_monate
1958,Niedersachsen,2,trocken_monate
1959,Niedersachsen,5,trocken_monate
1960,Niedersachsen,2,trocken_monate
1961,Niedersachsen,0,trocken_monate
1962,Niedersachsen,2,trocken_monate
1963,Niedersachsen,3,trocken_monate
1964,Niedersachsen,2,trocken_monate
1965,Niedersachsen,3,trocken_monate
1966,Niedersachsen,0,trocken_monate
1967,Niedersachsen,0,trocken_monate
1968,Niedersachsen,3,trocken_monate
1969,Niedersachsen,3,trocken_monate
1970,Niedersachsen,1,trocken_monate
1971,Niedersachsen,5,trocken_monate
1972,Niedersachsen,4,trocken_monate
1973,Niedersachsen,4,trocken_monate
1974,Niedersachsen,3,trocken_monate
1975,Niedersachsen,4,trocken_monate
1976,Niedersachsen,5,trocken_monate
1977,Niedersachsen,1,trocken_monate
1978,Niedersachsen,4,trocken_monate
1979,Niedersachsen,2,trocken_monate
1980,Niedersachsen,1,trocken_monate
1981,Niedersachsen,1,trocken_monate
1982,Niedersachsen,3,trocken_monate
1983,Niedersachsen,2,trocken_monate
1984,Niedersachsen,2,trocken_monate
1985,Niedersachsen,2,trocken_monate
1986,Niedersachsen,1,trocken_monate
1987,Niedersachsen,0,trocken_monate
1988,Niedersachsen,2,trocken_monate
1989,Niedersachsen,3,trocken_monate
1990,Niedersachsen,2,trocken_monate
1991,Niedersachsen,3,trocken_monate
1992,Niedersachsen,1,trocken_monate
1993,Niedersachsen,3,trocken_monate
1994,Niedersachsen,1,trocken_monate
1995,Niedersachsen,2,trocken_monate
1996,Niedersachsen,3,trocken_monate
1997,Niedersachsen,2,trocken_monate
1998,Niedersachsen,1,trocken_monate
1999,Niedersachsen,1,trocken_monate
2000,Niedersachsen,1,trocken_monate
2001,Niedersachsen,1,trocken_monate
2002,Niedersachsen,0,trocken_monate
2003,Niedersachsen,4,trocken_monate
2004,Niedersachsen,0,trocken_monate
2005,Niedersachsen,1,trocken_monate
2006,Niedersachsen,2,trocken_monate
2007,Niedersachsen,1,trocken_monate
2008,Niedersachsen,2,trocken_monate
2009,Niedersachsen,2,trocken_monate
2010,Niedersachsen,2,trocken_monate
2011,Niedersachsen,4,trocken_monate
2012,Niedersachsen,4,trocken_monate
2013,Niedersachsen,3,trocken_monate
2014,Niedersachsen,4,trocken_monate
2015,Niedersachsen,1,trocken_monate
2016,Niedersachsen,2,trocken_monate
2017,Niedersachsen,1,trocken_monate
2018,Niedersachsen,7,trocken_monate
2019,Niedersachsen,2,trocken_monate
2020,Niedersachsen,3,trocken_monate
2021,Niedersachsen,0,trocken_monate
2022,Niedersachsen,3,trocken_monate
2023,Niedersachsen,0,trocken_monate
2024,Niedersachsen,0,trocken_monate
2025,Niedersachsen,4,trocken_monate
2026,Niedersachsen,1,trocken_monate
1881,Niedersachsen/Hamburg/Bremen,4,trocken_monate
1882,Niedersachsen/Hamburg/Bremen,2,trocken_monate
1883,Niedersachsen/Hamburg/Bremen,4,trocken_monate
1884,Niedersachsen/Hamburg/Bremen,3,trocken_monate
1885,Niedersachsen/Hamburg/Bremen,4,trocken_monate
1886,Niedersachsen/Hamburg/Bremen,2,trocken_monate
1887,Niedersachsen/Hamburg/Bremen,4,trocken_monate
1888,Niedersachsen/Hamburg/Bremen,3,trocken_monate
1889,Niedersachsen/Hamburg/Bremen,3,trocken_monate
1890,Niedersachsen/Hamburg/Bremen,3,trocken_monate
1891,Niedersachsen/Hamburg/Bremen,4,trocken_monate
1892,Niedersachsen/Hamburg/Bremen,3,trocken_monate
1893,Niedersachsen/Hamburg/Bremen,4,trocken_monate
1894,Niedersachsen/Hamburg/Bremen,3,trocken_monate
1895,Niedersachsen/Hamburg/Bremen,2,trocken_monate
1896,Niedersachsen/Hamburg/Bremen,4,trocken_monate
1897,Niedersachsen/Hamburg/Bremen,5,trocken_monate
1898,Niedersachsen/Hamburg/Bremen,2,trocken_monate
1899,Niedersachsen/Hamburg/Bremen,4,trocken_monate
1900,Niedersachsen/Hamburg/Bremen,4,trocken_monate
1901,Niedersachsen/Hamburg/Bremen,0,trocken_monate
1902,Niedersachsen/Hamburg/Bremen,2,trocken_monate
1903,Niedersachsen/Hamburg/Bremen,1,trocken_monate
1904,Niedersachsen/Hamburg/Bremen,2,trocken_monate
1905,Niedersachsen/Hamburg/Bremen,1,trocken_monate
1906,Niedersachsen/Hamburg/Bremen,1,trocken_monate
1907,Niedersachsen/Hamburg/Bremen,4,trocken_monate
1908,Niedersachsen/Hamburg/Bremen,3,trocken_monate
1909,Niedersachsen/Hamburg/Bremen,2,trocken_monate
1910,Niedersachsen/Hamburg/Bremen,2,trocken_monate
1911,Niedersachsen/Hamburg/Bremen,6,trocken_monate
1912,Niedersachsen/Hamburg/Bremen,1,trocken_monate
1913,Niedersachsen/Hamburg/Bremen,2,trocken_monate
1914,Niedersachsen/Hamburg/Bremen,2,trocken_monate
1915,Niedersachsen/Hamburg/Bremen,3,trocken_monate
1916,Niedersachsen/Hamburg/Bremen,1,trocken_monate
1917,Niedersachsen/Hamburg/Bremen,2,trocken_monate
1918,Niedersachsen/Hamburg/Bremen,3,trocken_monate
1919,Niedersachsen/Hamburg/Bremen,3,trocken_monate
1920,Niedersachsen/Hamburg/Bremen,4,trocken_monate
1921,Niedersachsen/Hamburg/Bremen,5,trocken_monate
1922,Niedersachsen/Hamburg/Bremen,0,trocken_monate
1923,Niedersachsen/Hamburg/Bremen,2,trocken_monate
1924,Niedersachsen/Hamburg/Bremen,5,trocken_monate
1925,Niedersachsen/Hamburg/Bremen,0,trocken_monate
1926,Niedersachsen/Hamburg/Bremen,1,trocken_monate
1927,Niedersachsen/Hamburg/Bremen,1,trocken_monate
1928,Niedersachsen/Hamburg/Bremen,2,trocken_monate
1929,Niedersachsen/Hamburg/Bremen,6,trocken_monate
1930,Niedersachsen/Hamburg/Bremen,4,trocken_monate
1931,Niedersachsen/Hamburg/Bremen,2,trocken_monate
1932,Niedersachsen/Hamburg/Bremen,4,trocken_monate
1933,Niedersachsen/Hamburg/Bremen,4,trocken_monate
1934,Niedersachsen/Hamburg/Bremen,1,trocken_monate
1935,Niedersachsen/Hamburg/Bremen,1,trocken_monate
1936,Niedersachsen/Hamburg/Bremen,2,trocken_monate
1937,Niedersachsen/Hamburg/Bremen,1,trocken_monate
1938,Niedersachsen/Hamburg/Bremen,3,trocken_monate
1939,Niedersachsen/Hamburg/Bremen,2,trocken_monate
1940,Niedersachsen/Hamburg/Bremen,3,trocken_monate
1941,Niedersachsen/Hamburg/Bremen,2,trocken_monate
1942,Niedersachsen/Hamburg/Bremen,3,trocken_monate
1943,Niedersachsen/Hamburg/Bremen,4,trocken_monate
1944,Niedersachsen/Hamburg/Bremen,1,trocken_monate
1945,Niedersachsen/Hamburg/Bremen,3,trocken_monate
1946,Niedersachsen/Hamburg/Bremen,2,trocken_monate
1947,Niedersachsen/Hamburg/Bremen,5,trocken_monate
1948,Niedersachsen/Hamburg/Bremen,4,trocken_monate
1949,Niedersachsen/Hamburg/Bremen,1,trocken_monate
1950,Niedersachsen/Hamburg/Bremen,1,trocken_monate
1951,Niedersachsen/Hamburg/Bremen,1,trocken_monate
1952,Niedersachsen/Hamburg/Bremen,2,trocken_monate
1953,Niedersachsen/Hamburg/Bremen,4,trocken_monate
1954,Niedersachsen/Hamburg/Bremen,2,trocken_monate
1955,Niedersachsen/Hamburg/Bremen,1,trocken_monate
1956,Niedersachsen/Hamburg/Bremen,2,trocken_monate
1957,Niedersachsen/Hamburg/Bremen,1,trocken_monate
1958,Niedersachsen/Hamburg/Bremen,2,trocken_monate
1959,Niedersachsen/Hamburg/Bremen,5,trocken_monate
1960,Niedersachsen/Hamburg/Bremen,2,trocken_monate
1961,Niedersachsen/Hamburg/Bremen,0,trocken_monate
1962,Niedersachsen/Hamburg/Bremen,2,trocken_monate
1963,Niedersachsen/Hamburg/Bremen,3,trocken_monate
1964,Niedersachsen/Hamburg/Bremen,2,trocken_monate
1965,Niedersachsen/Hamburg/Bremen,3,trocken_monate
1966,Niedersachsen/Hamburg/Bremen,0,trocken_monate
1967,Niedersachsen/Hamburg/Bremen,0,trocken_monate
1968,Niedersachsen/Hamburg/Bremen,3,trocken_monate
1969,Niedersachsen/Hamburg/Bremen,3,trocken_monate
1970,Niedersachsen/Hamburg/Bremen,1,trocken_monate
1971,Niedersachsen/Hamburg/Bremen,5,trocken_monate
1972,Niedersachsen/Hamburg/Bremen,4,trocken_monate
1973,Niedersachsen/Hamburg/Bremen,4,trocken_monate
1974,Niedersachsen/Hamburg/Bremen,3,trocken_monate
1975,Niedersachsen/Hamburg/Bremen,4,trocken_monate
1976,Niedersachsen/Hamburg/Bremen,5,trocken_monate
1977,Niedersachsen/Hamburg/Bremen,1,trocken_monate
1978,Niedersachsen/Hamburg/Bremen,4,trocken_monate
1979,Niedersachsen/Hamburg/Bremen,2,trocken_monate
1980,Niedersachsen/Hamburg/Bremen,1,trocken_monate
1981,Niedersachsen/Hamburg/Bremen,1,trocken_monate
1982,Niedersachsen/Hamburg/Bremen,3,trocken_monate
1983,Niedersachsen/Hamburg/Bremen,2,trocken_monate
1984,Niedersachsen/Hamburg/Bremen,2,trocken_monate
1985,Niedersachsen/Hamburg/Bremen,2,trocken_monate
1986,Niedersachsen/Hamburg/Bremen,1,trocken_monate
1987,Niedersachsen/Hamburg/Bremen,0,trocken_monate
1988,Niedersachsen/Hamburg/Bremen,2,trocken_monate
1989,Niedersachsen/Hamburg/Bremen,3,trocken_monate
1990,Niedersachsen/Hamburg/Bremen,1,trocken_monate
1991,Niedersachsen/Hamburg/Bremen,3,trocken_monate
1992,Niedersachsen/Hamburg/Bremen,1,trocken_monate
1993,Niedersachsen/Hamburg/Bremen,3,trocken_monate
1994,Niedersachsen/Hamburg/Bremen,1,trocken_monate
1995,Niedersachsen/Hamburg/Bremen,2,trocken_monate
1996,Niedersachsen/Hamburg/Bremen,3,trocken_monate
1997,Niedersachsen/Hamburg/Bremen,2,trocken_monate
1998,Niedersachsen/Hamburg/Bremen,1,trocken_monate
1999,Niedersachsen/Hamburg/Bremen,1,trocken_monate
2000,Niedersachsen/Hamburg/Bremen,1,trocken_monate
2001,Niedersachsen/Hamburg/Bremen,1,trocken_monate
2002,Niedersachsen/Hamburg/Bremen,0,trocken_monate
2003,Niedersachsen/Hamburg/Bremen,4,trocken_monate
2004,Niedersachsen/Hamburg/Bremen,0,trocken_monate
2005,Niedersachsen/Hamburg/Bremen,1,trocken_monate
2006,Niedersachsen/Hamburg/Bremen,2,trocken_monate
2007,Niedersachsen/Hamburg/Bremen,1,trocken_monate
2008,Niedersachsen/Hamburg/Bremen,2,trocken_monate
2009,Niedersachsen/Hamburg/Bremen,2,trocken_monate
2010,Niedersachsen/Hamburg/Bremen,2,trocken_monate
2011,Niedersachsen/Hamburg/Bremen,4,trocken_monate
2012,Niedersachsen/Hamburg/Bremen,4,trocken_monate
2013,Niedersachsen/Hamburg/Bremen,3,trocken_monate
2014,Niedersachsen/Hamburg/Bremen,4,trocken_monate
2015,Niedersachsen/Hamburg/Bremen,1,trocken_monate
2016,Niedersachsen/Hamburg/Bremen,2,trocken_monate
2017,Niedersachsen/Hamburg/Bremen,1,trocken_monate
2018,Niedersachsen/Hamburg/Bremen,7,trocken_monate
2019,Niedersachsen/Hamburg/Bremen,2,trocken_monate
2020,Niedersachsen/Hamburg/Bremen,3,trocken_monate
2021,Niedersachsen/Hamburg/Bremen,0,trocken_monate
2022,Niedersachsen/Hamburg/Bremen,3,trocken_monate
2023,Niedersachsen/Hamburg/Bremen,0,trocken_monate
2024,Niedersachsen/Hamburg/Bremen,0,trocken_monate
2025,Niedersachsen/Hamburg/Bremen,4,trocken_monate
2026,Niedersachsen/Hamburg/Bremen,1,trocken_monate
1881,Nordrhein-Westfalen,4,trocken_monate
1882,Nordrhein-Westfalen,1,trocken_monate
1883,Nordrhein-Westfalen,4,trocken_monate
1884,Nordrhein-Westfalen,4,trocken_monate
1885,Nordrhein-Westfalen,4,trocken_monate
1886,Nordrhein-Westfalen,3,trocken_monate
1887,Nordrhein-Westfalen,5,trocken_monate
1888,Nordrhein-Westfalen,3,trocken_monate
1889,Nordrhein-Westfalen,3,trocken_monate
1890,Nordrhein-Westfalen,3,trocken_monate
1891,Nordrhein-Westfalen,4,trocken_monate
1892,Nordrhein-Westfalen,3,trocken_monate
1893,Nordrhein-Westfalen,3,trocken_monate
1894,Nordrhein-Westfalen,3,trocken_monate
1895,Nordrhein-Westfalen,2,trocken_monate
1896,Nordrhein-Westfalen,3,trocken_monate
1897,Nordrhein-Westfalen,1,trocken_monate
1898,Nordrhein-Westfalen,3,trocken_monate
1899,Nordrhein-Westfalen,5,trocken_monate
1900,Nordrhein-Westfalen,3,trocken_monate
1901,Nordrhein-Westfalen,1,trocken_monate
1902,Nordrhein-Westfalen,3,trocken_monate
1903,Nordrhein-Westfalen,1,trocken_monate
1904,Nordrhein-Westfalen,2,trocken_monate
1905,Nordrhein-Westfalen,2,trocken_monate
1906,Nordrhein-Westfalen,2,trocken_monate
1907,Nordrhein-Westfalen,2,trocken_monate
1908,Nordrhein-Westfalen,2,trocken_monate
1909,Nordrhein-Westfalen,2,trocken_monate
1910,Nordrhein-Westfalen,2,trocken_monate
1911,Nordrhein-Westfalen,5,trocken_monate
1912,Nordrhein-Westfalen,1,trocken_monate
1913,Nordrhein-Westfalen,3,trocken_monate
1914,Nordrhein-Westfalen,1,trocken_monate
1915,Nordrhein-Westfalen,3,trocken_monate
1916,Nordrhein-Westfalen,0,trocken_monate
1917,Nordrhein-Westfalen,3,trocken_monate
1918,Nordrhein-Westfalen,3,trocken_monate
1919,Nordrhein-Westfalen,4,trocken_monate
1920,Nordrhein-Westfalen,4,trocken_monate
1921,Nordrhein-Westfalen,9,trocken_monate
1922,Nordrhein-Westfalen,0,trocken_monate
1923,Nordrhein-Westfalen,1,trocken_monate
1924,Nordrhein-Westfalen,3,trocken_monate
1925,Nordrhein-Westfalen,0,trocken_monate
1926,Nordrhein-Westfalen,1,trocken_monate
1927,Nordrhein-Westfalen,2,trocken_monate
1928,Nordrhein-Westfalen,2,trocken_monate
1929,Nordrhein-Westfalen,6,trocken_monate
1930,Nordrhein-Westfalen,3,trocken_monate
1931,Nordrhein-Westfalen,2,trocken_monate
1932,Nordrhein-Westfalen,4,trocken_monate
1933,Nordrhein-Westfalen,4,trocken_monate
1934,Nordrhein-Westfalen,1,trocken_monate
1935,Nordrhein-Westfalen,3,trocken_monate
1936,Nordrhein-Westfalen,2,trocken_monate
1937,Nordrhein-Westfalen,2,trocken_monate
1938,Nordrhein-Westfalen,2,trocken_monate
1939,Nordrhein-Westfalen,1,trocken_monate
1940,Nordrhein-Westfalen,4,trocken_monate
1941,Nordrhein-Westfalen,2,trocken_monate
1942,Nordrhein-Westfalen,4,trocken_monate
1943,Nordrhein-Westfalen,3,trocken_monate
1944,Nordrhein-Westfalen,1,trocken_monate
1945,Nordrhein-Westfalen,1,trocken_monate
1946,Nordrhein-Westfalen,3,trocken_monate
1947,Nordrhein-Westfalen,5,trocken_monate
1948,Nordrhein-Westfalen,5,trocken_monate
1949,Nordrhein-Westfalen,2,trocken_monate
1950,Nordrhein-Westfalen,1,trocken_monate
1951,Nordrhein-Westfalen,1,trocken_monate
1952,Nordrhein-Westfalen,2,trocken_monate
1953,Nordrhein-Westfalen,4,trocken_monate
1954,Nordrhein-Westfalen,2,trocken_monate
1955,Nordrhein-Westfalen,1,trocken_monate
1956,Nordrhein-Westfalen,1,trocken_monate
1957,Nordrhein-Westfalen,2,trocken_monate
1958,Nordrhein-Westfalen,2,trocken_monate
1959,Nordrhein-Westfalen,5,trocken_monate
1960,Nordrhein-Westfalen,2,trocken_monate
1961,Nordrhein-Westfalen,0,trocken_monate
1962,Nordrhein-Westfalen,3,trocken_monate
1963,Nordrhein-Westfalen,3,trocken_monate
1964,Nordrhein-Westfalen,3,trocken_monate
1965,Nordrhein-Westfalen,2,trocken_monate
1966,Nordrhein-Westfalen,1,trocken_monate
1967,Nordrhein-Westfalen,0,trocken_monate
1968,Nordrhein-Westfalen,4,trocken_monate
1969,Nordrhein-Westfalen,3,trocken_monate
1970,Nordrhein-Westfalen,0,trocken_monate
1971,Nordrhein-Westfalen,6,trocken_monate
1972,Nordrhein-Westfalen,4,trocken_monate
1973,Nordrhein-Westfalen,4,trocken_monate
1974,Nordrhein-Westfalen,1,trocken_monate
1975,Nordrhein-Westfalen,3,trocken_monate
1976,Nordrhein-Westfalen,5,trocken_monate
1977,Nordrhein-Westfalen,2,trocken_monate
1978,Nordrhein-Westfalen,4,trocken_monate
1979,Nordrhein-Westfalen,2,trocken_monate
1980,Nordrhein-Westfalen,1,trocken_monate
1981,Nordrhein-Westfalen,1,trocken_monate
1982,Nordrhein-Westfalen,3,trocken_monate
1983,Nordrhein-Westfalen,3,trocken_monate
1984,Nordrhein-Westfalen,2,trocken_monate
1985,Nordrhein-Westfalen,2,trocken_monate
1986,Nordrhein-Westfalen,1,trocken_monate
1987,Nordrhein-Westfalen,1,trocken_monate
1988,Nordrhein-Westfalen,2,trocken_monate
1989,Nordrhein-Westfalen,3,trocken_monate
1990,Nordrhein-Westfalen,3,trocken_monate
1991,Nordrhein-Westfalen,4,trocken_monate
1992,Nordrhein-Westfalen,1,trocken_monate
1993,Nordrhein-Westfalen,3,trocken_monate
1994,Nordrhein-Westfalen,1,trocken_monate
1995,Nordrhein-Westfalen,1,trocken_monate
1996,Nordrhein-Westfalen,4,trocken_monate
1997,Nordrhein-Westfalen,2,trocken_monate
1998,Nordrhein-Westfalen,1,trocken_monate
1999,Nordrhein-Westfalen,0,trocken_monate
2000,Nordrhein-Westfalen,1,trocken_monate
2001,Nordrhein-Westfalen,1,trocken_monate
2002,Nordrhein-Westfalen,0,trocken_monate
2003,Nordrhein-Westfalen,2,trocken_monate
2004,Nordrhein-Westfalen,0,trocken_monate
2005,Nordrhein-Westfalen,0,trocken_monate
2006,Nordrhein-Westfalen,2,trocken_monate
2007,Nordrhein-Westfalen,1,trocken_monate
2008,Nordrhein-Westfalen,0,trocken_monate
2009,Nordrhein-Westfalen,2,trocken_monate
2010,Nordrhein-Westfalen,2,trocken_monate
2011,Nordrhein-Westfalen,4,trocken_monate
2012,Nordrhein-Westfalen,3,trocken_monate
2013,Nordrhein-Westfalen,4,trocken_monate
2014,Nordrhein-Westfalen,1,trocken_monate
2015,Nordrhein-Westfalen,3,trocken_monate
2016,Nordrhein-Westfalen,2,trocken_monate
2017,Nordrhein-Westfalen,1,trocken_monate
2018,Nordrhein-Westfalen,5,trocken_monate
2019,Nordrhein-Westfalen,2,trocken_monate
2020,Nordrhein-Westfalen,3,trocken_monate
2021,Nordrhein-Westfalen,1,trocken_monate
2022,Nordrhein-Westfalen,4,trocken_monate
2023,Nordrhein-Westfalen,0,trocken_monate
2024,Nordrhein-Westfalen,0,trocken_monate
2025,Nordrhein-Westfalen,4,trocken_monate
2026,Nordrhein-Westfalen,2,trocken_monate
1881,Rheinland-Pfalz,1,trocken_monate
1882,Rheinland-Pfalz,1,trocken_monate
1883,Rheinland-Pfalz,3,trocken_monate
1884,Rheinland-Pfalz,4,trocken_monate
1885,Rheinland-Pfalz,1,trocken_monate
1886,Rheinland-Pfalz,2,trocken_monate
1887,Rheinland-Pfalz,3,trocken_monate
1888,Rheinland-Pfalz,5,trocken_monate
1889,Rheinland-Pfalz,2,trocken_monate
1890,Rheinland-Pfalz,4,trocken_monate
1891,Rheinland-Pfalz,1,trocken_monate
1892,Rheinland-Pfalz,3,trocken_monate
1893,Rheinland-Pfalz,3,trocken_monate
1894,Rheinland-Pfalz,1,trocken_monate
1895,Rheinland-Pfalz,2,trocken_monate
1896,Rheinland-Pfalz,3,trocken_monate
1897,Rheinland-Pfalz,2,trocken_monate
1898,Rheinland-Pfalz,3,trocken_monate
1899,Rheinland-Pfalz,4,trocken_monate
1900,Rheinland-Pfalz,3,trocken_monate
1901,Rheinland-Pfalz,3,trocken_monate
1902,Rheinland-Pfalz,2,trocken_monate
1903,Rheinland-Pfalz,2,trocken_monate
1904,Rheinland-Pfalz,1,trocken_monate
1905,Rheinland-Pfalz,2,trocken_monate
1906,Rheinland-Pfalz,1,trocken_monate
1907,Rheinland-Pfalz,0,trocken_monate
1908,Rheinland-Pfalz,3,trocken_monate
1909,Rheinland-Pfalz,1,trocken_monate
1910,Rheinland-Pfalz,3,trocken_monate
1911,Rheinland-Pfalz,5,trocken_monate
1912,Rheinland-Pfalz,1,trocken_monate
1913,Rheinland-Pfalz,2,trocken_monate
1914,Rheinland-Pfalz,1,trocken_monate
1915,Rheinland-Pfalz,2,trocken_monate
1916,Rheinland-Pfalz,0,trocken_monate
1917,Rheinland-Pfalz,4,trocken_monate
1918,Rheinland-Pfalz,4,trocken_monate
1919,Rheinland-Pfalz,2,trocken_monate
1920,Rheinland-Pfalz,4,trocken_monate
1921,Rheinland-Pfalz,8,trocken_monate
1922,Rheinland-Pfalz,0,trocken_monate
1923,Rheinland-Pfalz,1,trocken_monate
1924,Rheinland-Pfalz,2,trocken_monate
1925,Rheinland-Pfalz,0,trocken_monate
1926,Rheinland-Pfalz,2,trocken_monate
1927,Rheinland-Pfalz,2,trocken_monate
1928,Rheinland-Pfalz,2,trocken_monate
1929,Rheinland-Pfalz,5,trocken_monate
1930,Rheinland-Pfalz,1,trocken_monate
1931,Rheinland-Pfalz,2,trocken_monate
1932,Rheinland-Pfalz,3,trocken_monate
1933,Rheinland-Pfalz,5,trocken_monate
1934,Rheinland-Pfalz,4,trocken_monate
1935,Rheinland-Pfalz,2,trocken_monate
1936,Rheinland-Pfalz,2,trocken_monate
1937,Rheinland-Pfalz,2,trocken_monate
1938,Rheinland-Pfalz,4,trocken_monate
1939,Rheinland-Pfalz,1,trocken_monate
1940,Rheinland-Pfalz,2,trocken_monate
1941,Rheinland-Pfalz,1,trocken_monate
1942,Rheinland-Pfalz,3,trocken_monate
1943,Rheinland-Pfalz,3,trocken_monate
1944,Rheinland-Pfalz,4,trocken_monate
1945,Rheinland-Pfalz,2,trocken_monate
1946,Rheinland-Pfalz,3,trocken_monate
1947,Rheinland-Pfalz,5,trocken_monate
1948,Rheinland-Pfalz,4,trocken_monate
1949,Rheinland-Pfalz,3,trocken_monate
1950,Rheinland-Pfalz,3,trocken_monate
1951,Rheinland-Pfalz,2,trocken_monate
1952,Rheinland-Pfalz,3,trocken_monate
1953,Rheinland-Pfalz,6,trocken_monate
1954,Rheinland-Pfalz,2,trocken_monate
1955,Rheinland-Pfalz,3,trocken_monate
1956,Rheinland-Pfalz,1,trocken_monate
1957,Rheinland-Pfalz,3,trocken_monate
1958,Rheinland-Pfalz,1,trocken_monate
1959,Rheinland-Pfalz,4,trocken_monate
1960,Rheinland-Pfalz,1,trocken_monate
1961,Rheinland-Pfalz,1,trocken_monate
1962,Rheinland-Pfalz,2,trocken_monate
1963,Rheinland-Pfalz,5,trocken_monate
1964,Rheinland-Pfalz,2,trocken_monate
1965,Rheinland-Pfalz,2,trocken_monate
1966,Rheinland-Pfalz,1,trocken_monate
1967,Rheinland-Pfalz,0,trocken_monate
1968,Rheinland-Pfalz,1,trocken_monate
1969,Rheinland-Pfalz,3,trocken_monate
1970,Rheinland-Pfalz,0,trocken_monate
1971,Rheinland-Pfalz,7,trocken_monate
1972,Rheinland-Pfalz,4,trocken_monate
1973,Rheinland-Pfalz,3,trocken_monate
1974,Rheinland-Pfalz,1,trocken_monate
1975,Rheinland-Pfalz,3,trocken_monate
1976,Rheinland-Pfalz,6,trocken_monate
1977,Rheinland-Pfalz,2,trocken_monate
1978,Rheinland-Pfalz,3,trocken_monate
1979,Rheinland-Pfalz,1,trocken_monate
1980,Rheinland-Pfalz,0,trocken_monate
1981,Rheinland-Pfalz,1,trocken_monate
1982,Rheinland-Pfalz,1,trocken_monate
1983,Rheinland-Pfalz,1,trocken_monate
1984,Rheinland-Pfalz,0,trocken_monate
1985,Rheinland-Pfalz,2,trocken_monate
1986,Rheinland-Pfalz,1,trocken_monate
1987,Rheinland-Pfalz,2,trocken_monate
1988,Rheinland-Pfalz,2,trocken_monate
1989,Rheinland-Pfalz,1,trocken_monate
1990,Rheinland-Pfalz,3,trocken_monate
1991,Rheinland-Pfalz,3,trocken_monate
1992,Rheinland-Pfalz,2,trocken_monate
1993,Rheinland-Pfalz,5,trocken_monate
1994,Rheinland-Pfalz,0,trocken_monate
1995,Rheinland-Pfalz,1,trocken_monate
1996,Rheinland-Pfalz,5,trocken_monate
1997,Rheinland-Pfalz,4,trocken_monate
1998,Rheinland-Pfalz,1,trocken_monate
1999,Rheinland-Pfalz,1,trocken_monate
2000,Rheinland-Pfalz,0,trocken_monate
2001,Rheinland-Pfalz,1,trocken_monate
2002,Rheinland-Pfalz,2,trocken_monate
2003,Rheinland-Pfalz,4,trocken_monate
2004,Rheinland-Pfalz,2,trocken_monate
2005,Rheinland-Pfalz,0,trocken_monate
2006,Rheinland-Pfalz,2,trocken_monate
2007,Rheinland-Pfalz,2,trocken_monate
2008,Rheinland-Pfalz,1,trocken_monate
2009,Rheinland-Pfalz,1,trocken_monate
2010,Rheinland-Pfalz,2,trocken_monate
2011,Rheinland-Pfalz,6,trocken_monate
2012,Rheinland-Pfalz,2,trocken_monate
2013,Rheinland-Pfalz,2,trocken_monate
2014,Rheinland-Pfalz,3,trocken_monate
2015,Rheinland-Pfalz,4,trocken_monate
2016,Rheinland-Pfalz,3,trocken_monate
2017,Rheinland-Pfalz,2,trocken_monate
2018,Rheinland-Pfalz,6,trocken_monate
2019,Rheinland-Pfalz,2,trocken_monate
2020,Rheinland-Pfalz,4,trocken_monate
2021,Rheinland-Pfalz,2,trocken_monate
2022,Rheinland-Pfalz,3,trocken_monate
2023,Rheinland-Pfalz,2,trocken_monate
2024,Rheinland-Pfalz,0,trocken_monate
2025,Rheinland-Pfalz,6,trocken_monate
2026,Rheinland-Pfalz,2,trocken_monate
1881,Saarland,2,trocken_monate
1882,Saarland,1,trocken_monate
1883,Saarland,3,trocken_monate
1884,Saarland,4,trocken_monate
1885,Saarland,1,trocken_monate
1886,Saarland,2,trocken_monate
1887,Saarland,3,trocken_monate
1888,Saarland,4,trocken_monate
1889,Saarland,1,trocken_monate
1890,Saarland,3,trocken_monate
1891,Saarland,2,trocken_monate
1892,Saarland,4,trocken_monate
1893,Saarland,4,trocken_monate
1894,Saarland,0,trocken_monate
1895,Saarland,2,trocken_monate
1896,Saarland,4,trocken_monate
1897,Saarland,3,trocken_monate
1898,Saarland,3,trocken_monate
1899,Saarland,5,trocken_monate
1900,Saarland,5,trocken_monate
1901,Saarland,2,trocken_monate
1902,Saarland,2,trocken_monate
1903,Saarland,4,trocken_monate
1904,Saarland,1,trocken_monate
1905,Saarland,4,trocken_monate
1906,Saarland,2,trocken_monate
1907,Saarland,2,trocken_monate
1908,Saarland,1,trocken_monate
1909,Saarland,2,trocken_monate
1910,Saarland,2,trocken_monate
1911,Saarland,5,trocken_monate
1912,Saarland,1,trocken_monate
1913,Saarland,0,trocken_monate
1914,Saarland,2,trocken_monate
1915,Saarland,2,trocken_monate
1916,Saarland,0,trocken_monate
1917,Saarland,4,trocken_monate
1918,Saarland,1,trocken_monate
1919,Saarland,3,trocken_monate
1920,Saarland,5,trocken_monate
1921,Saarland,7,trocken_monate
1922,Saarland,0,trocken_monate
1923,Saarland,1,trocken_monate
1924,Saarland,1,trocken_monate
1925,Saarland,1,trocken_monate
1926,Saarland,2,trocken_monate
1927,Saarland,1,trocken_monate
1928,Saarland,3,trocken_monate
1929,Saarland,5,trocken_monate
1930,Saarland,1,trocken_monate
1931,Saarland,1,trocken_monate
1932,Saarland,2,trocken_monate
1933,Saarland,4,trocken_monate
1934,Saarland,3,trocken_monate
1935,Saarland,2,trocken_monate
1936,Saarland,2,trocken_monate
1937,Saarland,3,trocken_monate
1938,Saarland,4,trocken_monate
1939,Saarland,1,trocken_monate
1940,Saarland,2,trocken_monate
1941,Saarland,3,trocken_monate
1942,Saarland,3,trocken_monate
1943,Saarland,1,trocken_monate
1944,Saarland,3,trocken_monate
1945,Saarland,2,trocken_monate
1946,Saarland,2,trocken_monate
1947,Saarland,4,trocken_monate
1948,Saarland,2,trocken_monate
1949,Saarland,4,trocken_monate
1950,Saarland,2,trocken_monate
1951,Saarland,1,trocken_monate
1952,Saarland,3,trocken_monate
1953,Saarland,8,trocken_monate
1954,Saarland,2,trocken_monate
1955,Saarland,3,trocken_monate
1956,Saarland,1,trocken_monate
1957,Saarland,2,trocken_monate
1958,Saarland,0,trocken_monate
1959,Saarland,4,trocken_monate
1960,Saarland,1,trocken_monate
1961,Saarland,1,trocken_monate
1962,Saarland,2,trocken_monate
1963,Saarland,5,trocken_monate
1964,Saarland,2,trocken_monate
1965,Saarland,2,trocken_monate
1966,Saarland,1,trocken_monate
1967,Saarland,0,trocken_monate
1968,Saarland,1,trocken_monate
1969,Saarland,2,trocken_monate
1970,Saarland,0,trocken_monate
1971,Saarland,6,trocken_monate
1972,Saarland,3,trocken_monate
1973,Saarland,2,trocken_monate
1974,Saarland,1,trocken_monate
1975,Saarland,3,trocken_monate
1976,Saarland,6,trocken_monate
1977,Saarland,2,trocken_monate
1978,Saarland,3,trocken_monate
1979,Saarland,2,trocken_monate
1980,Saarland,0,trocken_monate
1981,Saarland,0,trocken_monate
1982,Saarland,3,trocken_monate
1983,Saarland,2,trocken_monate
1984,Saarland,1,trocken_monate
1985,Saarland,3,trocken_monate
1986,Saarland,1,trocken_monate
1987,Saarland,1,trocken_monate
1988,Saarland,2,trocken_monate
1989,Saarland,1,trocken_monate
1990,Saarland,2,trocken_monate
1991,Saarland,3,trocken_monate
1992,Saarland,2,trocken_monate
1993,Saarland,6,trocken_monate
1994,Saarland,0,trocken_monate
1995,Saarland,0,trocken_monate
1996,Saarland,5,trocken_monate
1997,Saarland,5,trocken_monate
1998,Saarland,2,trocken_monate
1999,Saarland,1,trocken_monate
2000,Saarland,1,trocken_monate
2001,Saarland,1,trocken_monate
2002,Saarland,1,trocken_monate
2003,Saarland,4,trocken_monate
2004,Saarland,1,trocken_monate
2005,Saarland,1,trocken_monate
2006,Saarland,4,trocken_monate
2007,Saarland,2,trocken_monate
2008,Saarland,0,trocken_monate
2009,Saarland,2,trocken_monate
2010,Saarland,1,trocken_monate
2011,Saarland,6,trocken_monate
2012,Saarland,2,trocken_monate
2013,Saarland,0,trocken_monate
2014,Saarland,4,trocken_monate
2015,Saarland,5,trocken_monate
2016,Saarland,4,trocken_monate
2017,Saarland,1,trocken_monate
2018,Saarland,5,trocken_monate
2019,Saarland,2,trocken_monate
2020,Saarland,3,trocken_monate
2021,Saarland,2,trocken_monate
2022,Saarland,3,trocken_monate
2023,Saarland,4,trocken_monate
2024,Saarland,0,trocken_monate
2025,Saarland,5,trocken_monate
2026,Saarland,2,trocken_monate
1881,Sachsen,4,trocken_monate
1882,Sachsen,2,trocken_monate
1883,Sachsen,3,trocken_monate
1884,Sachsen,1,trocken_monate
1885,Sachsen,2,trocken_monate
1886,Sachsen,1,trocken_monate
1887,Sachsen,4,trocken_monate
1888,Sachsen,2,trocken_monate
1889,Sachsen,3,trocken_monate
1890,Sachsen,4,trocken_monate
1891,Sachsen,2,trocken_monate
1892,Sachsen,3,trocken_monate
1893,Sachsen,2,trocken_monate
1894,Sachsen,2,trocken_monate
1895,Sachsen,0,trocken_monate
1896,Sachsen,2,trocken_monate
1897,Sachsen,2,trocken_monate
1898,Sachsen,1,trocken_monate
1899,Sachsen,3,trocken_monate
1900,Sachsen,0,trocken_monate
1901,Sachsen,0,trocken_monate
1902,Sachsen,3,trocken_monate
1903,Sachsen,3,trocken_monate
1904,Sachsen,4,trocken_monate
1905,Sachsen,0,trocken_monate
1906,Sachsen,3,trocken_monate
1907,Sachsen,2,trocken_monate
1908,Sachsen,3,trocken_monate
1909,Sachsen,3,trocken_monate
1910,Sachsen,2,trocken_monate
1911,Sachsen,4,trocken_monate
1912,Sachsen,0,trocken_monate
1913,Sachsen,2,trocken_monate
1914,Sachsen,4,trocken_monate
1915,Sachsen,1,trocken_monate
1916,Sachsen,1,trocken_monate
1917,Sachsen,3,trocken_monate
1918,Sachsen,3,trocken_monate
1919,Sachsen,3,trocken_monate
1920,Sachsen,3,trocken_monate
1921,Sachsen,2,trocken_monate
1922,Sachsen,0,trocken_monate
1923,Sachsen,2,trocken_monate
1924,Sachsen,4,trocken_monate
1925,Sachsen,2,trocken_monate
1926,Sachsen,1,trocken_monate
1927,Sachsen,1,trocken_monate
1928,Sachsen,1,trocken_monate
1929,Sachsen,4,trocken_monate
1930,Sachsen,4,trocken_monate
1931,Sachsen,2,trocken_monate
1932,Sachsen,3,trocken_monate
1933,Sachsen,5,trocken_monate
1934,Sachsen,3,trocken_monate
1935,Sachsen,2,trocken_monate
1936,Sachsen,1,trocken_monate
1937,Sachsen,0,trocken_monate
1938,Sachsen,1,trocken_monate
1939,Sachsen,0,trocken_monate
1940,Sachsen,4,trocken_monate
1941,Sachsen,0,trocken_monate
1942,Sachsen,3,trocken_monate
1943,Sachsen,5,trocken_monate
1944,Sachsen,1,trocken_monate
1945,Sachsen,1,trocken_monate
1946,Sachsen,4,trocken_monate
1947,Sachsen,5,trocken_monate
1948,Sachsen,6,trocken_monate
1949,Sachsen,2,trocken_monate
1950,Sachsen,1,trocken_monate
1951,Sachsen,4,trocken_monate
1952,Sachsen,2,trocken_monate
1953,Sachsen,5,trocken_monate
1954,Sachsen,3,trocken_monate
1955,Sachsen,2,trocken_monate
1956,Sachsen,0,trocken_monate
1957,Sachsen,3,trocken_monate
1958,Sachsen,1,trocken_monate
1959,Sachsen,6,trocken_monate
1960,Sachsen,2,trocken_monate
1961,Sachsen,3,trocken_monate
1962,Sachsen,3,trocken_monate
1963,Sachsen,4,trocken_monate
1964,Sachsen,5,trocken_monate
1965,Sachsen,2,trocken_monate
1966,Sachsen,1,trocken_monate
1967,Sachsen,2,trocken_monate
1968,Sachsen,0,trocken_monate
1969,Sachsen,4,trocken_monate
1970,Sachsen,2,trocken_monate
1971,Sachsen,4,trocken_monate
1972,Sachsen,3,trocken_monate
1973,Sachsen,3,trocken_monate
1974,Sachsen,2,trocken_monate
1975,Sachsen,2,trocken_monate
1976,Sachsen,4,trocken_monate
1977,Sachsen,2,trocken_monate
1978,Sachsen,4,trocken_monate
1979,Sachsen,2,trocken_monate
1980,Sachsen,1,trocken_monate
1981,Sachsen,1,trocken_monate
1982,Sachsen,5,trocken_monate
1983,Sachsen,1,trocken_monate
1984,Sachsen,2,trocken_monate
1985,Sachsen,2,trocken_monate
1986,Sachsen,2,trocken_monate
1987,Sachsen,1,trocken_monate
1988,Sachsen,2,trocken_monate
1989,Sachsen,2,trocken_monate
1990,Sachsen,5,trocken_monate
1991,Sachsen,5,trocken_monate
1992,Sachsen,2,trocken_monate
1993,Sachsen,2,trocken_monate
1994,Sachsen,1,trocken_monate
1995,Sachsen,1,trocken_monate
1996,Sachsen,3,trocken_monate
1997,Sachsen,3,trocken_monate
1998,Sachsen,1,trocken_monate
1999,Sachsen,0,trocken_monate
2000,Sachsen,3,trocken_monate
2001,Sachsen,1,trocken_monate
2002,Sachsen,0,trocken_monate
2003,Sachsen,5,trocken_monate
2004,Sachsen,1,trocken_monate
2005,Sachsen,2,trocken_monate
2006,Sachsen,3,trocken_monate
2007,Sachsen,2,trocken_monate
2008,Sachsen,2,trocken_monate
2009,Sachsen,2,trocken_monate
2010,Sachsen,3,trocken_monate
2011,Sachsen,3,trocken_monate
2012,Sachsen,3,trocken_monate
2013,Sachsen,1,trocken_monate
2014,Sachsen,4,trocken_monate
2015,Sachsen,3,trocken_monate
2016,Sachsen,0,trocken_monate
2017,Sachsen,1,trocken_monate
2018,Sachsen,5,trocken_monate
2019,Sachsen,2,trocken_monate
2020,Sachsen,5,trocken_monate
2021,Sachsen,2,trocken_monate
2022,Sachsen,2,trocken_monate
2023,Sachsen,2,trocken_monate
2024,Sachsen,1,trocken_monate
2025,Sachsen,6,trocken_monate
2026,Sachsen,3,trocken_monate
1881,Sachsen-Anhalt,4,trocken_monate
1882,Sachsen-Anhalt,2,trocken_monate
1883,Sachsen-Anhalt,3,trocken_monate
1884,Sachsen-Anhalt,1,trocken_monate
1885,Sachsen-Anhalt,1,trocken_monate
1886,Sachsen-Anhalt,2,trocken_monate
1887,Sachsen-Anhalt,4,trocken_monate
1888,Sachsen-Anhalt,3,trocken_monate
1889,Sachsen-Anhalt,2,trocken_monate
1890,Sachsen-Anhalt,4,trocken_monate
1891,Sachsen-Anhalt,1,trocken_monate
1892,Sachsen-Anhalt,3,trocken_monate
1893,Sachsen-Anhalt,2,trocken_monate
1894,Sachsen-Anhalt,3,trocken_monate
1895,Sachsen-Anhalt,2,trocken_monate
1896,Sachsen-Anhalt,4,trocken_monate
1897,Sachsen-Anhalt,3,trocken_monate
1898,Sachsen-Anhalt,2,trocken_monate
1899,Sachsen-Anhalt,4,trocken_monate
1900,Sachsen-Anhalt,0,trocken_monate
1901,Sachsen-Anhalt,0,trocken_monate
1902,Sachsen-Anhalt,2,trocken_monate
1903,Sachsen-Anhalt,4,trocken_monate
1904,Sachsen-Anhalt,4,trocken_monate
1905,Sachsen-Anhalt,0,trocken_monate
1906,Sachsen-Anhalt,1,trocken_monate
1907,Sachsen-Anhalt,3,trocken_monate
1908,Sachsen-Anhalt,4,trocken_monate
1909,Sachsen-Anhalt,2,trocken_monate
1910,Sachsen-Anhalt,3,trocken_monate
1911,Sachsen-Anhalt,6,trocken_monate
1912,Sachsen-Anhalt,1,trocken_monate
1913,Sachsen-Anhalt,0,trocken_monate
1914,Sachsen-Anhalt,3,trocken_monate
1915,Sachsen-Anhalt,2,trocken_monate
1916,Sachsen-Anhalt,0,trocken_monate
1917,Sachsen-Anhalt,4,trocken_monate
1918,Sachsen-Anhalt,3,trocken_monate
1919,Sachsen-Anhalt,5,trocken_monate
1920,Sachsen-Anhalt,4,trocken_monate
1921,Sachsen-Anhalt,3,trocken_monate
1922,Sachsen-Anhalt,1,trocken_monate
1923,Sachsen-Anhalt,2,trocken_monate
1924,Sachsen-Anhalt,5,trocken_monate
1925,Sachsen-Anhalt,2,trocken_monate
1926,Sachsen-Anhalt,1,trocken_monate
1927,Sachsen-Anhalt,3,trocken_monate
1928,Sachsen-Anhalt,1,trocken_monate
1929,Sachsen-Anhalt,4,trocken_monate
1930,Sachsen-Anhalt,3,trocken_monate
1931,Sachsen-Anhalt,3,trocken_monate
1932,Sachsen-Anhalt,3,trocken_monate
1933,Sachsen-Anhalt,3,trocken_monate
1934,Sachsen-Anhalt,3,trocken_monate
1935,Sachsen-Anhalt,2,trocken_monate
1936,Sachsen-Anhalt,1,trocken_monate
1937,Sachsen-Anhalt,2,trocken_monate
1938,Sachsen-Anhalt,3,trocken_monate
1939,Sachsen-Anhalt,1,trocken_monate
1940,Sachsen-Anhalt,3,trocken_monate
1941,Sachsen-Anhalt,0,trocken_monate
1942,Sachsen-Anhalt,5,trocken_monate
1943,Sachsen-Anhalt,5,trocken_monate
1944,Sachsen-Anhalt,0,trocken_monate
1945,Sachsen-Anhalt,3,trocken_monate
1946,Sachsen-Anhalt,4,trocken_monate
1947,Sachsen-Anhalt,6,trocken_monate
1948,Sachsen-Anhalt,4,trocken_monate
1949,Sachsen-Anhalt,2,trocken_monate
1950,Sachsen-Anhalt,1,trocken_monate
1951,Sachsen-Anhalt,3,trocken_monate
1952,Sachsen-Anhalt,2,trocken_monate
1953,Sachsen-Anhalt,6,trocken_monate
1954,Sachsen-Anhalt,2,trocken_monate
1955,Sachsen-Anhalt,1,trocken_monate
1956,Sachsen-Anhalt,0,trocken_monate
1957,Sachsen-Anhalt,2,trocken_monate
1958,Sachsen-Anhalt,1,trocken_monate
1959,Sachsen-Anhalt,3,trocken_monate
1960,Sachsen-Anhalt,2,trocken_monate
1961,Sachsen-Anhalt,1,trocken_monate
1962,Sachsen-Anhalt,2,trocken_monate
1963,Sachsen-Anhalt,6,trocken_monate
1964,Sachsen-Anhalt,4,trocken_monate
1965,Sachsen-Anhalt,1,trocken_monate
1966,Sachsen-Anhalt,0,trocken_monate
1967,Sachsen-Anhalt,0,trocken_monate
1968,Sachsen-Anhalt,2,trocken_monate
1969,Sachsen-Anhalt,2,trocken_monate
1970,Sachsen-Anhalt,0,trocken_monate
1971,Sachsen-Anhalt,5,trocken_monate
1972,Sachsen-Anhalt,3,trocken_monate
1973,Sachsen-Anhalt,3,trocken_monate
1974,Sachsen-Anhalt,2,trocken_monate
1975,Sachsen-Anhalt,2,trocken_monate
1976,Sachsen-Anhalt,6,trocken_monate
1977,Sachsen-Anhalt,0,trocken_monate
1978,Sachsen-Anhalt,4,trocken_monate
1979,Sachsen-Anhalt,1,trocken_monate
1980,Sachsen-Anhalt,2,trocken_monate
1981,Sachsen-Anhalt,1,trocken_monate
1982,Sachsen-Anhalt,4,trocken_monate
1983,Sachsen-Anhalt,2,trocken_monate
1984,Sachsen-Anhalt,1,trocken_monate
1985,Sachsen-Anhalt,2,trocken_monate
1986,Sachsen-Anhalt,2,trocken_monate
1987,Sachsen-Anhalt,2,trocken_monate
1988,Sachsen-Anhalt,3,trocken_monate
1989,Sachsen-Anhalt,3,trocken_monate
1990,Sachsen-Anhalt,5,trocken_monate
1991,Sachsen-Anhalt,4,trocken_monate
1992,Sachsen-Anhalt,2,trocken_monate
1993,Sachsen-Anhalt,4,trocken_monate
1994,Sachsen-Anhalt,1,trocken_monate
1995,Sachsen-Anhalt,1,trocken_monate
1996,Sachsen-Anhalt,3,trocken_monate
1997,Sachsen-Anhalt,2,trocken_monate
1998,Sachsen-Anhalt,1,trocken_monate
1999,Sachsen-Anhalt,1,trocken_monate
2000,Sachsen-Anhalt,1,trocken_monate
2001,Sachsen-Anhalt,0,trocken_monate
2002,Sachsen-Anhalt,0,trocken_monate
2003,Sachsen-Anhalt,4,trocken_monate
2004,Sachsen-Anhalt,2,trocken_monate
2005,Sachsen-Anhalt,1,trocken_monate
2006,Sachsen-Anhalt,2,trocken_monate
2007,Sachsen-Anhalt,2,trocken_monate
2008,Sachsen-Anhalt,3,trocken_monate
2009,Sachsen-Anhalt,2,trocken_monate
2010,Sachsen-Anhalt,3,trocken_monate
2011,Sachsen-Anhalt,4,trocken_monate
2012,Sachsen-Anhalt,3,trocken_monate
2013,Sachsen-Anhalt,0,trocken_monate
2014,Sachsen-Anhalt,3,trocken_monate
2015,Sachsen-Anhalt,3,trocken_monate
2016,Sachsen-Anhalt,3,trocken_monate
2017,Sachsen-Anhalt,1,trocken_monate
2018,Sachsen-Anhalt,6,trocken_monate
2019,Sachsen-Anhalt,2,trocken_monate
2020,Sachsen-Anhalt,3,trocken_monate
2021,Sachsen-Anhalt,1,trocken_monate
2022,Sachsen-Anhalt,2,trocken_monate
2023,Sachsen-Anhalt,2,trocken_monate
2024,Sachsen-Anhalt,0,trocken_monate
2025,Sachsen-Anhalt,3,trocken_monate
2026,Sachsen-Anhalt,1,trocken_monate
1881,Schleswig-Holstein,5,trocken_monate
1882,Schleswig-Holstein,1,trocken_monate
1883,Schleswig-Holstein,4,trocken_monate
1884,Schleswig-Holstein,3,trocken_monate
1885,Schleswig-Holstein,4,trocken_monate
1886,Schleswig-Holstein,1,trocken_monate
1887,Schleswig-Holstein,5,trocken_monate
1888,Schleswig-Holstein,3,trocken_monate
1889,Schleswig-Holstein,5,trocken_monate
1890,Schleswig-Holstein,3,trocken_monate
1891,Schleswig-Holstein,3,trocken_monate
1892,Schleswig-Holstein,4,trocken_monate
1893,Schleswig-Holstein,5,trocken_monate
1894,Schleswig-Holstein,0,trocken_monate
1895,Schleswig-Holstein,3,trocken_monate
1896,Schleswig-Holstein,4,trocken_monate
1897,Schleswig-Holstein,4,trocken_monate
1898,Schleswig-Holstein,1,trocken_monate
1899,Schleswig-Holstein,3,trocken_monate
1900,Schleswig-Holstein,4,trocken_monate
1901,Schleswig-Holstein,1,trocken_monate
1902,Schleswig-Holstein,3,trocken_monate
1903,Schleswig-Holstein,1,trocken_monate
1904,Schleswig-Holstein,2,trocken_monate
1905,Schleswig-Holstein,2,trocken_monate
1906,Schleswig-Holstein,1,trocken_monate
1907,Schleswig-Holstein,4,trocken_monate
1908,Schleswig-Holstein,3,trocken_monate
1909,Schleswig-Holstein,0,trocken_monate
1910,Schleswig-Holstein,2,trocken_monate
1911,Schleswig-Holstein,3,trocken_monate
1912,Schleswig-Holstein,1,trocken_monate
1913,Schleswig-Holstein,3,trocken_monate
1914,Schleswig-Holstein,2,trocken_monate
1915,Schleswig-Holstein,4,trocken_monate
1916,Schleswig-Holstein,0,trocken_monate
1917,Schleswig-Holstein,2,trocken_monate
1918,Schleswig-Holstein,3,trocken_monate
1919,Schleswig-Holstein,2,trocken_monate
1920,Schleswig-Holstein,4,trocken_monate
1921,Schleswig-Holstein,4,trocken_monate
1922,Schleswig-Holstein,3,trocken_monate
1923,Schleswig-Holstein,3,trocken_monate
1924,Schleswig-Holstein,2,trocken_monate
1925,Schleswig-Holstein,0,trocken_monate
1926,Schleswig-Holstein,0,trocken_monate
1927,Schleswig-Holstein,1,trocken_monate
1928,Schleswig-Holstein,2,trocken_monate
1929,Schleswig-Holstein,5,trocken_monate
1930,Schleswig-Holstein,3,trocken_monate
1931,Schleswig-Holstein,2,trocken_monate
1932,Schleswig-Holstein,4,trocken_monate
1933,Schleswig-Holstein,4,trocken_monate
1934,Schleswig-Holstein,3,trocken_monate
1935,Schleswig-Holstein,1,trocken_monate
1936,Schleswig-Holstein,2,trocken_monate
1937,Schleswig-Holstein,1,trocken_monate
1938,Schleswig-Holstein,3,trocken_monate
1939,Schleswig-Holstein,4,trocken_monate
1940,Schleswig-Holstein,3,trocken_monate
1941,Schleswig-Holstein,6,trocken_monate
1942,Schleswig-Holstein,4,trocken_monate
1943,Schleswig-Holstein,5,trocken_monate
1944,Schleswig-Holstein,0,trocken_monate
1945,Schleswig-Holstein,1,trocken_monate
1946,Schleswig-Holstein,2,trocken_monate
1947,Schleswig-Holstein,5,trocken_monate
1948,Schleswig-Holstein,3,trocken_monate
1949,Schleswig-Holstein,0,trocken_monate
1950,Schleswig-Holstein,1,trocken_monate
1951,Schleswig-Holstein,1,trocken_monate
1952,Schleswig-Holstein,3,trocken_monate
1953,Schleswig-Holstein,4,trocken_monate
1954,Schleswig-Holstein,2,trocken_monate
1955,Schleswig-Holstein,2,trocken_monate
1956,Schleswig-Holstein,3,trocken_monate
1957,Schleswig-Holstein,1,trocken_monate
1958,Schleswig-Holstein,2,trocken_monate
1959,Schleswig-Holstein,5,trocken_monate
1960,Schleswig-Holstein,2,trocken_monate
1961,Schleswig-Holstein,0,trocken_monate
1962,Schleswig-Holstein,2,trocken_monate
1963,Schleswig-Holstein,3,trocken_monate
1964,Schleswig-Holstein,3,trocken_monate
1965,Schleswig-Holstein,3,trocken_monate
1966,Schleswig-Holstein,0,trocken_monate
1967,Schleswig-Holstein,0,trocken_monate
1968,Schleswig-Holstein,3,trocken_monate
1969,Schleswig-Holstein,3,trocken_monate
1970,Schleswig-Holstein,3,trocken_monate
1971,Schleswig-Holstein,4,trocken_monate
1972,Schleswig-Holstein,4,trocken_monate
1973,Schleswig-Holstein,3,trocken_monate
1974,Schleswig-Holstein,3,trocken_monate
1975,Schleswig-Holstein,2,trocken_monate
1976,Schleswig-Holstein,6,trocken_monate
1977,Schleswig-Holstein,1,trocken_monate
1978,Schleswig-Holstein,3,trocken_monate
1979,Schleswig-Holstein,2,trocken_monate
1980,Schleswig-Holstein,2,trocken_monate
1981,Schleswig-Holstein,1,trocken_monate
1982,Schleswig-Holstein,3,trocken_monate
1983,Schleswig-Holstein,3,trocken_monate
1984,Schleswig-Holstein,2,trocken_monate
1985,Schleswig-Holstein,3,trocken_monate
1986,Schleswig-Holstein,2,trocken_monate
1987,Schleswig-Holstein,1,trocken_monate
1988,Schleswig-Holstein,1,trocken_monate
1989,Schleswig-Holstein,4,trocken_monate
1990,Schleswig-Holstein,0,trocken_monate
1991,Schleswig-Holstein,3,trocken_monate
1992,Schleswig-Holstein,2,trocken_monate
1993,Schleswig-Holstein,2,trocken_monate
1994,Schleswig-Holstein,1,trocken_monate
1995,Schleswig-Holstein,3,trocken_monate
1996,Schleswig-Holstein,4,trocken_monate
1997,Schleswig-Holstein,2,trocken_monate
1998,Schleswig-Holstein,2,trocken_monate
1999,Schleswig-Holstein,0,trocken_monate
2000,Schleswig-Holstein,0,trocken_monate
2001,Schleswig-Holstein,0,trocken_monate
2002,Schleswig-Holstein,1,trocken_monate
2003,Schleswig-Holstein,3,trocken_monate
2004,Schleswig-Holstein,1,trocken_monate
2005,Schleswig-Holstein,1,trocken_monate
2006,Schleswig-Holstein,2,trocken_monate
2007,Schleswig-Holstein,2,trocken_monate
2008,Schleswig-Holstein,2,trocken_monate
2009,Schleswig-Holstein,2,trocken_monate
2010,Schleswig-Holstein,1,trocken_monate
2011,Schleswig-Holstein,3,trocken_monate
2012,Schleswig-Holstein,2,trocken_monate
2013,Schleswig-Holstein,3,trocken_monate
2014,Schleswig-Holstein,2,trocken_monate
2015,Schleswig-Holstein,2,trocken_monate
2016,Schleswig-Holstein,1,trocken_monate
2017,Schleswig-Holstein,0,trocken_monate
2018,Schleswig-Holstein,5,trocken_monate
2019,Schleswig-Holstein,1,trocken_monate
2020,Schleswig-Holstein,3,trocken_monate
2021,Schleswig-Holstein,2,trocken_monate
2022,Schleswig-Holstein,2,trocken_monate
2023,Schleswig-Holstein,2,trocken_monate
2024,Schleswig-Holstein,1,trocken_monate
2025,Schleswig-Holstein,4,trocken_monate
2026,Schleswig-Holstein,1,trocken_monate
1881,Thueringen,3,trocken_monate
1882,Thueringen,2,trocken_monate
1883,Thueringen,3,trocken_monate
1884,Thueringen,4,trocken_monate
1885,Thueringen,2,trocken_monate
1886,Thueringen,2,trocken_monate
1887,Thueringen,4,trocken_monate
1888,Thueringen,3,trocken_monate
1889,Thueringen,3,trocken_monate
1890,Thueringen,4,trocken_monate
1891,Thueringen,1,trocken_monate
1892,Thueringen,2,trocken_monate
1893,Thueringen,1,trocken_monate
1894,Thueringen,3,trocken_monate
1895,Thueringen,1,trocken_monate
1896,Thueringen,4,trocken_monate
1897,Thueringen,1,trocken_monate
1898,Thueringen,1,trocken_monate
1899,Thueringen,3,trocken_monate
1900,Thueringen,1,trocken_monate
1901,Thueringen,0,trocken_monate
1902,Thueringen,2,trocken_monate
1903,Thueringen,3,trocken_monate
1904,Thueringen,4,trocken_monate
1905,Thueringen,2,trocken_monate
1906,Thueringen,2,trocken_monate
1907,Thueringen,3,trocken_monate
1908,Thueringen,4,trocken_monate
1909,Thueringen,2,trocken_monate
1910,Thueringen,2,trocken_monate
1911,Thueringen,6,trocken_monate
1912,Thueringen,1,trocken_monate
1913,Thueringen,1,trocken_monate
1914,Thueringen,2,trocken_monate
1915,Thueringen,2,trocken_monate
1916,Thueringen,0,trocken_monate
1917,Thueringen,3,trocken_monate
1918,Thueringen,3,trocken_monate
1919,Thueringen,4,trocken_monate
1920,Thueringen,5,trocken_monate
1921,Thueringen,5,trocken_monate
1922,Thueringen,0,trocken_monate
1923,Thueringen,2,trocken_monate
1924,Thueringen,4,trocken_monate
1925,Thueringen,1,trocken_monate
1926,Thueringen,1,trocken_monate
1927,Thueringen,2,trocken_monate
1928,Thueringen,2,trocken_monate
1929,Thueringen,5,trocken_monate
1930,Thueringen,3,trocken_monate
1931,Thueringen,3,trocken_monate
1932,Thueringen,3,trocken_monate
1933,Thueringen,5,trocken_monate
1934,Thueringen,3,trocken_monate
1935,Thueringen,3,trocken_monate
1936,Thueringen,1,trocken_monate
1937,Thueringen,2,trocken_monate
1938,Thueringen,3,trocken_monate
1939,Thueringen,1,trocken_monate
1940,Thueringen,3,trocken_monate
1941,Thueringen,0,trocken_monate
1942,Thueringen,5,trocken_monate
1943,Thueringen,6,trocken_monate
1944,Thueringen,0,trocken_monate
1945,Thueringen,2,trocken_monate
1946,Thueringen,4,trocken_monate
1947,Thueringen,3,trocken_monate
1948,Thueringen,5,trocken_monate
1949,Thueringen,2,trocken_monate
1950,Thueringen,1,trocken_monate
1951,Thueringen,3,trocken_monate
1952,Thueringen,1,trocken_monate
1953,Thueringen,5,trocken_monate
1954,Thueringen,3,trocken_monate
1955,Thueringen,2,trocken_monate
1956,Thueringen,2,trocken_monate
1957,Thueringen,3,trocken_monate
1958,Thueringen,1,trocken_monate
1959,Thueringen,3,trocken_monate
1960,Thueringen,3,trocken_monate
1961,Thueringen,0,trocken_monate
1962,Thueringen,2,trocken_monate
1963,Thueringen,4,trocken_monate
1964,Thueringen,5,trocken_monate
1965,Thueringen,1,trocken_monate
1966,Thueringen,1,trocken_monate
1967,Thueringen,0,trocken_monate
1968,Thueringen,2,trocken_monate
1969,Thueringen,2,trocken_monate
1970,Thueringen,0,trocken_monate
1971,Thueringen,6,trocken_monate
1972,Thueringen,4,trocken_monate
1973,Thueringen,3,trocken_monate
1974,Thueringen,2,trocken_monate
1975,Thueringen,2,trocken_monate
1976,Thueringen,6,trocken_monate
1977,Thueringen,1,trocken_monate
1978,Thueringen,4,trocken_monate
1979,Thueringen,1,trocken_monate
1980,Thueringen,0,trocken_monate
1981,Thueringen,1,trocken_monate
1982,Thueringen,4,trocken_monate
1983,Thueringen,2,trocken_monate
1984,Thueringen,2,trocken_monate
1985,Thueringen,2,trocken_monate
1986,Thueringen,2,trocken_monate
1987,Thueringen,2,trocken_monate
1988,Thueringen,4,trocken_monate
1989,Thueringen,1,trocken_monate
1990,Thueringen,5,trocken_monate
1991,Thueringen,5,trocken_monate
1992,Thueringen,3,trocken_monate
1993,Thueringen,3,trocken_monate
1994,Thueringen,0,trocken_monate
1995,Thueringen,1,trocken_monate
1996,Thueringen,3,trocken_monate
1997,Thueringen,2,trocken_monate
1998,Thueringen,2,trocken_monate
1999,Thueringen,1,trocken_monate
2000,Thueringen,0,trocken_monate
2001,Thueringen,0,trocken_monate
2002,Thueringen,0,trocken_monate
2003,Thueringen,3,trocken_monate
2004,Thueringen,2,trocken_monate
2005,Thueringen,1,trocken_monate
2006,Thueringen,2,trocken_monate
2007,Thueringen,2,trocken_monate
2008,Thueringen,1,trocken_monate
2009,Thueringen,1,trocken_monate
2010,Thueringen,3,trocken_monate
2011,Thueringen,5,trocken_monate
2012,Thueringen,3,trocken_monate
2013,Thueringen,1,trocken_monate
2014,Thueringen,4,trocken_monate
2015,Thueringen,3,trocken_monate
2016,Thueringen,2,trocken_monate
2017,Thueringen,1,trocken_monate
2018,Thueringen,5,trocken_monate
2019,Thueringen,2,trocken_monate
2020,Thueringen,2,trocken_monate
2021,Thueringen,1,trocken_monate
2022,Thueringen,2,trocken_monate
2023,Thueringen,2,trocken_monate
2024,Thueringen,1,trocken_monate
2025,Thueringen,4,trocken_monate
2026,Thueringen,1,trocken_monate
1881,Thueringen/Sachsen-Anhalt,4,trocken_monate
1882,Thueringen/Sachsen-Anhalt,2,trocken_monate
1883,Thueringen/Sachsen-Anhalt,3,trocken_monate
1884,Thueringen/Sachsen-Anhalt,1,trocken_monate
1885,Thueringen/Sachsen-Anhalt,1,trocken_monate
1886,Thueringen/Sachsen-Anhalt,2,trocken_monate
1887,Thueringen/Sachsen-Anhalt,3,trocken_monate
1888,Thueringen/Sachsen-Anhalt,3,trocken_monate
1889,Thueringen/Sachsen-Anhalt,3,trocken_monate
1890,Thueringen/Sachsen-Anhalt,4,trocken_monate
1891,Thueringen/Sachsen-Anhalt,1,trocken_monate
1892,Thueringen/Sachsen-Anhalt,2,trocken_monate
1893,Thueringen/Sachsen-Anhalt,2,trocken_monate
1894,Thueringen/Sachsen-Anhalt,4,trocken_monate
1895,Thueringen/Sachsen-Anhalt,2,trocken_monate
1896,Thueringen/Sachsen-Anhalt,4,trocken_monate
1897,Thueringen/Sachsen-Anhalt,2,trocken_monate
1898,Thueringen/Sachsen-Anhalt,2,trocken_monate
1899,Thueringen/Sachsen-Anhalt,4,trocken_monate
1900,Thueringen/Sachsen-Anhalt,0,trocken_monate
1901,Thueringen/Sachsen-Anhalt,0,trocken_monate
1902,Thueringen/Sachsen-Anhalt,2,trocken_monate
1903,Thueringen/Sachsen-Anhalt,3,trocken_monate
1904,Thueringen/Sachsen-Anhalt,3,trocken_monate
1905,Thueringen/Sachsen-Anhalt,0,trocken_monate
1906,Thueringen/Sachsen-Anhalt,2,trocken_monate
1907,Thueringen/Sachsen-Anhalt,3,trocken_monate
1908,Thueringen/Sachsen-Anhalt,5,trocken_monate
1909,Thueringen/Sachsen-Anhalt,2,trocken_monate
1910,Thueringen/Sachsen-Anhalt,2,trocken_monate
1911,Thueringen/Sachsen-Anhalt,6,trocken_monate
1912,Thueringen/Sachsen-Anhalt,1,trocken_monate
1913,Thueringen/Sachsen-Anhalt,1,trocken_monate
1914,Thueringen/Sachsen-Anhalt,3,trocken_monate
1915,Thueringen/Sachsen-Anhalt,2,trocken_monate
1916,Thueringen/Sachsen-Anhalt,0,trocken_monate
1917,Thueringen/Sachsen-Anhalt,3,trocken_monate
1918,Thueringen/Sachsen-Anhalt,3,trocken_monate
1919,Thueringen/Sachsen-Anhalt,4,trocken_monate
1920,Thueringen/Sachsen-Anhalt,4,trocken_monate
1921,Thueringen/Sachsen-Anhalt,5,trocken_monate
1922,Thueringen/Sachsen-Anhalt,0,trocken_monate
1923,Thueringen/Sachsen-Anhalt,2,trocken_monate
1924,Thueringen/Sachsen-Anhalt,5,trocken_monate
1925,Thueringen/Sachsen-Anhalt,2,trocken_monate
1926,Thueringen/Sachsen-Anhalt,0,trocken_monate
1927,Thueringen/Sachsen-Anhalt,3,trocken_monate
1928,Thueringen/Sachsen-Anhalt,2,trocken_monate
1929,Thueringen/Sachsen-Anhalt,5,trocken_monate
1930,Thueringen/Sachsen-Anhalt,3,trocken_monate
1931,Thueringen/Sachsen-Anhalt,3,trocken_monate
1932,Thueringen/Sachsen-Anhalt,3,trocken_monate
1933,Thueringen/Sachsen-Anhalt,4,trocken_monate
1934,Thueringen/Sachsen-Anhalt,3,trocken_monate
1935,Thueringen/Sachsen-Anhalt,2,trocken_monate
1936,Thueringen/Sachsen-Anhalt,1,trocken_monate
1937,Thueringen/Sachsen-Anhalt,2,trocken_monate
1938,Thueringen/Sachsen-Anhalt,3,trocken_monate
1939,Thueringen/Sachsen-Anhalt,1,trocken_monate
1940,Thueringen/Sachsen-Anhalt,3,trocken_monate
1941,Thueringen/Sachsen-Anhalt,0,trocken_monate
1942,Thueringen/Sachsen-Anhalt,5,trocken_monate
1943,Thueringen/Sachsen-Anhalt,6,trocken_monate
1944,Thueringen/Sachsen-Anhalt,0,trocken_monate
1945,Thueringen/Sachsen-Anhalt,3,trocken_monate
1946,Thueringen/Sachsen-Anhalt,4,trocken_monate
1947,Thueringen/Sachsen-Anhalt,5,trocken_monate
1948,Thueringen/Sachsen-Anhalt,5,trocken_monate
1949,Thueringen/Sachsen-Anhalt,2,trocken_monate
1950,Thueringen/Sachsen-Anhalt,1,trocken_monate
1951,Thueringen/Sachsen-Anhalt,3,trocken_monate
1952,Thueringen/Sachsen-Anhalt,2,trocken_monate
1953,Thueringen/Sachsen-Anhalt,6,trocken_monate
1954,Thueringen/Sachsen-Anhalt,3,trocken_monate
1955,Thueringen/Sachsen-Anhalt,2,trocken_monate
1956,Thueringen/Sachsen-Anhalt,2,trocken_monate
1957,Thueringen/Sachsen-Anhalt,2,trocken_monate
1958,Thueringen/Sachsen-Anhalt,1,trocken_monate
1959,Thueringen/Sachsen-Anhalt,3,trocken_monate
1960,Thueringen/Sachsen-Anhalt,2,trocken_monate
1961,Thueringen/Sachsen-Anhalt,1,trocken_monate
1962,Thueringen/Sachsen-Anhalt,2,trocken_monate
1963,Thueringen/Sachsen-Anhalt,5,trocken_monate
1964,Thueringen/Sachsen-Anhalt,5,trocken_monate
1965,Thueringen/Sachsen-Anhalt,1,trocken_monate
1966,Thueringen/Sachsen-Anhalt,1,trocken_monate
1967,Thueringen/Sachsen-Anhalt,0,trocken_monate
1968,Thueringen/Sachsen-Anhalt,1,trocken_monate
1969,Thueringen/Sachsen-Anhalt,3,trocken_monate
1970,Thueringen/Sachsen-Anhalt,0,trocken_monate
1971,Thueringen/Sachsen-Anhalt,5,trocken_monate
1972,Thueringen/Sachsen-Anhalt,3,trocken_monate
1973,Thueringen/Sachsen-Anhalt,1,trocken_monate
1974,Thueringen/Sachsen-Anhalt,2,trocken_monate
1975,Thueringen/Sachsen-Anhalt,2,trocken_monate
1976,Thueringen/Sachsen-Anhalt,7,trocken_monate
1977,Thueringen/Sachsen-Anhalt,0,trocken_monate
1978,Thueringen/Sachsen-Anhalt,4,trocken_monate
1979,Thueringen/Sachsen-Anhalt,1,trocken_monate
1980,Thueringen/Sachsen-Anhalt,1,trocken_monate
1981,Thueringen/Sachsen-Anhalt,1,trocken_monate
1982,Thueringen/Sachsen-Anhalt,3,trocken_monate
1983,Thueringen/Sachsen-Anhalt,1,trocken_monate
1984,Thueringen/Sachsen-Anhalt,2,trocken_monate
1985,Thueringen/Sachsen-Anhalt,2,trocken_monate
1986,Thueringen/Sachsen-Anhalt,2,trocken_monate
1987,Thueringen/Sachsen-Anhalt,2,trocken_monate
1988,Thueringen/Sachsen-Anhalt,4,trocken_monate
1989,Thueringen/Sachsen-Anhalt,2,trocken_monate
1990,Thueringen/Sachsen-Anhalt,5,trocken_monate
1991,Thueringen/Sachsen-Anhalt,4,trocken_monate
1992,Thueringen/Sachsen-Anhalt,3,trocken_monate
1993,Thueringen/Sachsen-Anhalt,3,trocken_monate
1994,Thueringen/Sachsen-Anhalt,1,trocken_monate
1995,Thueringen/Sachsen-Anhalt,1,trocken_monate
1996,Thueringen/Sachsen-Anhalt,3,trocken_monate
1997,Thueringen/Sachsen-Anhalt,2,trocken_monate
1998,Thueringen/Sachsen-Anhalt,1,trocken_monate
1999,Thueringen/Sachsen-Anhalt,1,trocken_monate
2000,Thueringen/Sachsen-Anhalt,0,trocken_monate
2001,Thueringen/Sachsen-Anhalt,0,trocken_monate
2002,Thueringen/Sachsen-Anhalt,0,trocken_monate
2003,Thueringen/Sachsen-Anhalt,4,trocken_monate
2004,Thueringen/Sachsen-Anhalt,2,trocken_monate
2005,Thueringen/Sachsen-Anhalt,0,trocken_monate
2006,Thueringen/Sachsen-Anhalt,2,trocken_monate
2007,Thueringen/Sachsen-Anhalt,2,trocken_monate
2008,Thueringen/Sachsen-Anhalt,2,trocken_monate
2009,Thueringen/Sachsen-Anhalt,1,trocken_monate
2010,Thueringen/Sachsen-Anhalt,3,trocken_monate
2011,Thueringen/Sachsen-Anhalt,5,trocken_monate
2012,Thueringen/Sachsen-Anhalt,3,trocken_monate
2013,Thueringen/Sachsen-Anhalt,0,trocken_monate
2014,Thueringen/Sachsen-Anhalt,3,trocken_monate
2015,Thueringen/Sachsen-Anhalt,3,trocken_monate
2016,Thueringen/Sachsen-Anhalt,3,trocken_monate
2017,Thueringen/Sachsen-Anhalt,1,trocken_monate
2018,Thueringen/Sachsen-Anhalt,5,trocken_monate
2019,Thueringen/Sachsen-Anhalt,2,trocken_monate
2020,Thueringen/Sachsen-Anhalt,2,trocken_monate
2021,Thueringen/Sachsen-Anhalt,1,trocken_monate
2022,Thueringen/Sachsen-Anhalt,3,trocken_monate
2023,Thueringen/Sachsen-Anhalt,2,trocken_monate
2024,Thueringen/Sachsen-Anhalt,0,trocken_monate
2025,Thueringen/Sachsen-Anhalt,4,trocken_monate
2026,Thueringen/Sachsen-Anhalt,1,trocken_monate
1951,Baden-Wuerttemberg,0,tropical_nights
1952,Baden-Wuerttemberg,1.24,tropical_nights
1953,Baden-Wuerttemberg,0.03,tropical_nights
1954,Baden-Wuerttemberg,0,tropical_nights
1955,Baden-Wuerttemberg,0,tropical_nights
1956,Baden-Wuerttemberg,0,tropical_nights
1957,Baden-Wuerttemberg,0.72,tropical_nights
1958,Baden-Wuerttemberg,0.01,tropical_nights
1959,Baden-Wuerttemberg,0.12,tropical_nights
1960,Baden-Wuerttemberg,0.01,tropical_nights
1961,Baden-Wuerttemberg,0,tropical_nights
1962,Baden-Wuerttemberg,0.03,tropical_nights
1963,Baden-Wuerttemberg,0.04,tropical_nights
1964,Baden-Wuerttemberg,0.24,tropical_nights
1965,Baden-Wuerttemberg,0.06,tropical_nights
1966,Baden-Wuerttemberg,0.01,tropical_nights
1967,Baden-Wuerttemberg,0.07,tropical_nights
1968,Baden-Wuerttemberg,0.11,tropical_nights
1969,Baden-Wuerttemberg,0.17,tropical_nights
1970,Baden-Wuerttemberg,0.01,tropical_nights
1971,Baden-Wuerttemberg,0.04,tropical_nights
1972,Baden-Wuerttemberg,0.04,tropical_nights
1973,Baden-Wuerttemberg,0.08,tropical_nights
1974,Baden-Wuerttemberg,0.14,tropical_nights
1975,Baden-Wuerttemberg,0.08,tropical_nights
1976,Baden-Wuerttemberg,0.42,tropical_nights
1977,Baden-Wuerttemberg,0,tropical_nights
1978,Baden-Wuerttemberg,0.01,tropical_nights
1979,Baden-Wuerttemberg,0,tropical_nights
1980,Baden-Wuerttemberg,0.09,tropical_nights
1981,Baden-Wuerttemberg,0.08,tropical_nights
1982,Baden-Wuerttemberg,0.48,tropical_nights
1983,Baden-Wuerttemberg,1.42,tropical_nights
1984,Baden-Wuerttemberg,0.15,tropical_nights
1985,Baden-Wuerttemberg,0.08,tropical_nights
1986,Baden-Wuerttemberg,0.05,tropical_nights
1987,Baden-Wuerttemberg,0.35,tropical_nights
1988,Baden-Wuerttemberg,0.15,tropical_nights
1989,Baden-Wuerttemberg,0.38,tropical_nights
1990,Baden-Wuerttemberg,0.2,tropical_nights
1991,Baden-Wuerttemberg,0.67,tropical_nights
1992,Baden-Wuerttemberg,1.11,tropical_nights
1993,Baden-Wuerttemberg,0,tropical_nights
1994,Baden-Wuerttemberg,1.18,tropical_nights
1995,Baden-Wuerttemberg,0.4,tropical_nights
1996,Baden-Wuerttemberg,0.01,tropical_nights
1997,Baden-Wuerttemberg,0.08,tropical_nights
1998,Baden-Wuerttemberg,0.54,tropical_nights
1999,Baden-Wuerttemberg,0.13,tropical_nights
2000,Baden-Wuerttemberg,0.05,tropical_nights
2001,Baden-Wuerttemberg,0.27,tropical_nights
2002,Baden-Wuerttemberg,0.44,tropical_nights
2003,Baden-Wuerttemberg,2.75,tropical_nights
2004,Baden-Wuerttemberg,0.13,tropical_nights
2005,Baden-Wuerttemberg,0.36,tropical_nights
2006,Baden-Wuerttemberg,1.13,tropical_nights
2007,Baden-Wuerttemberg,0.23,tropical_nights
2008,Baden-Wuerttemberg,0.02,tropical_nights
2009,Baden-Wuerttemberg,0.06,tropical_nights
2010,Baden-Wuerttemberg,0.34,tropical_nights
2011,Baden-Wuerttemberg,0.23,tropical_nights
2012,Baden-Wuerttemberg,0.15,tropical_nights
2013,Baden-Wuerttemberg,0.63,tropical_nights
2014,Baden-Wuerttemberg,0.08,tropical_nights
2015,Baden-Wuerttemberg,2.6,tropical_nights
2016,Baden-Wuerttemberg,0.05,tropical_nights
2017,Baden-Wuerttemberg,0.15,tropical_nights
2018,Baden-Wuerttemberg,0.71,tropical_nights
2019,Baden-Wuerttemberg,0.72,tropical_nights
2020,Baden-Wuerttemberg,0.42,tropical_nights
2021,Baden-Wuerttemberg,0.06,tropical_nights
2022,Baden-Wuerttemberg,0.29,tropical_nights
2023,Baden-Wuerttemberg,0.46,tropical_nights
2024,Baden-Wuerttemberg,0.14,tropical_nights
2025,Baden-Wuerttemberg,0.39,tropical_nights
1951,Bayern,0,tropical_nights
1952,Bayern,0.74,tropical_nights
1953,Bayern,0,tropical_nights
1954,Bayern,0,tropical_nights
1955,Bayern,0,tropical_nights
1956,Bayern,0,tropical_nights
1957,Bayern,0.53,tropical_nights
1958,Bayern,0,tropical_nights
1959,Bayern,0.03,tropical_nights
1960,Bayern,0,tropical_nights
1961,Bayern,0,tropical_nights
1962,Bayern,0.01,tropical_nights
1963,Bayern,0,tropical_nights
1964,Bayern,0.04,tropical_nights
1965,Bayern,0.02,tropical_nights
1966,Bayern,0.01,tropical_nights
1967,Bayern,0,tropical_nights
1968,Bayern,0.01,tropical_nights
1969,Bayern,0.08,tropical_nights
1970,Bayern,0,tropical_nights
1971,Bayern,0.01,tropical_nights
1972,Bayern,0.03,tropical_nights
1973,Bayern,0,tropical_nights
1974,Bayern,0.01,tropical_nights
1975,Bayern,0.02,tropical_nights
1976,Bayern,0.09,tropical_nights
1977,Bayern,0,tropical_nights
1978,Bayern,0,tropical_nights
1979,Bayern,0,tropical_nights
1980,Bayern,0.01,tropical_nights
1981,Bayern,0,tropical_nights
1982,Bayern,0,tropical_nights
1983,Bayern,0.34,tropical_nights
1984,Bayern,0.03,tropical_nights
1985,Bayern,0,tropical_nights
1986,Bayern,0.02,tropical_nights
1987,Bayern,0.01,tropical_nights
1988,Bayern,0.02,tropical_nights
1989,Bayern,0,tropical_nights
1990,Bayern,0,tropical_nights
1991,Bayern,0.15,tropical_nights
1992,Bayern,0.2,tropical_nights
1993,Bayern,0,tropical_nights
1994,Bayern,0.5,tropical_nights
1995,Bayern,0.04,tropical_nights
1996,Bayern,0,tropical_nights
1997,Bayern,0,tropical_nights
1998,Bayern,0.05,tropical_nights
1999,Bayern,0.05,tropical_nights
2000,Bayern,0.01,tropical_nights
2001,Bayern,0.05,tropical_nights
2002,Bayern,0.17,tropical_nights
2003,Bayern,1.16,tropical_nights
2004,Bayern,0.01,tropical_nights
2005,Bayern,0.04,tropical_nights
2006,Bayern,0.23,tropical_nights
2007,Bayern,0.08,tropical_nights
2008,Bayern,0,tropical_nights
2009,Bayern,0,tropical_nights
2010,Bayern,0.07,tropical_nights
2011,Bayern,0.03,tropical_nights
2012,Bayern,0.03,tropical_nights
2013,Bayern,0.28,tropical_nights
2014,Bayern,0.02,tropical_nights
2015,Bayern,0.8,tropical_nights
2016,Bayern,0.01,tropical_nights
2017,Bayern,0.05,tropical_nights
2018,Bayern,0.43,tropical_nights
2019,Bayern,0.26,tropical_nights
2020,Bayern,0.07,tropical_nights
2021,Bayern,0.02,tropical_nights
2022,Bayern,0.04,tropical_nights
2023,Bayern,0.18,tropical_nights
2024,Bayern,0.02,tropical_nights
2025,Bayern,0.06,tropical_nights
1951,Brandenburg,0.02,tropical_nights
1952,Brandenburg,0.21,tropical_nights
1953,Brandenburg,0,tropical_nights
1954,Brandenburg,0,tropical_nights
1955,Brandenburg,0,tropical_nights
1956,Brandenburg,0,tropical_nights
1957,Brandenburg,0.66,tropical_nights
1958,Brandenburg,0,tropical_nights
1959,Brandenburg,0.6,tropical_nights
1960,Brandenburg,0,tropical_nights
1961,Brandenburg,0,tropical_nights
1962,Brandenburg,0,tropical_nights
1963,Brandenburg,0.82,tropical_nights
1964,Brandenburg,0.43,tropical_nights
1965,Brandenburg,0,tropical_nights
1966,Brandenburg,0.16,tropical_nights
1967,Brandenburg,0.28,tropical_nights
1968,Brandenburg,0.05,tropical_nights
1969,Brandenburg,0.13,tropical_nights
1970,Brandenburg,0,tropical_nights
1971,Brandenburg,1.03,tropical_nights
1972,Brandenburg,0.8,tropical_nights
1973,Brandenburg,0.02,tropical_nights
1974,Brandenburg,0.01,tropical_nights
1975,Brandenburg,0.52,tropical_nights
1976,Brandenburg,0.79,tropical_nights
1977,Brandenburg,0,tropical_nights
1978,Brandenburg,0.01,tropical_nights
1979,Brandenburg,0.1,tropical_nights
1980,Brandenburg,0,tropical_nights
1981,Brandenburg,0.01,tropical_nights
1982,Brandenburg,0.69,tropical_nights
1983,Brandenburg,0.73,tropical_nights
1984,Brandenburg,0.64,tropical_nights
1985,Brandenburg,0.23,tropical_nights
1986,Brandenburg,0.82,tropical_nights
1987,Brandenburg,0.51,tropical_nights
1988,Brandenburg,0.53,tropical_nights
1989,Brandenburg,0.37,tropical_nights
1990,Brandenburg,0.11,tropical_nights
1991,Brandenburg,0.76,tropical_nights
1992,Brandenburg,1.06,tropical_nights
1993,Brandenburg,0,tropical_nights
1994,Brandenburg,3.1,tropical_nights
1995,Brandenburg,0.28,tropical_nights
1996,Brandenburg,0,tropical_nights
1997,Brandenburg,0.22,tropical_nights
1998,Brandenburg,0.18,tropical_nights
1999,Brandenburg,0.08,tropical_nights
2000,Brandenburg,0.14,tropical_nights
2001,Brandenburg,0.47,tropical_nights
2002,Brandenburg,0.74,tropical_nights
2003,Brandenburg,0.97,tropical_nights
2004,Brandenburg,0,tropical_nights
2005,Brandenburg,0.12,tropical_nights
2006,Brandenburg,1.57,tropical_nights
2007,Brandenburg,0.33,tropical_nights
2008,Brandenburg,0.07,tropical_nights
2009,Brandenburg,0,tropical_nights
2010,Brandenburg,2.02,tropical_nights
2011,Brandenburg,0,tropical_nights
2012,Brandenburg,0.15,tropical_nights
2013,Brandenburg,1.16,tropical_nights
2014,Brandenburg,0.43,tropical_nights
2015,Brandenburg,1.9,tropical_nights
2016,Brandenburg,0.13,tropical_nights
2017,Brandenburg,0,tropical_nights
2018,Brandenburg,2.91,tropical_nights
2019,Brandenburg,1.17,tropical_nights
2020,Brandenburg,0.75,tropical_nights
2021,Brandenburg,0.82,tropical_nights
2022,Brandenburg,0.42,tropical_nights
2023,Brandenburg,0.17,tropical_nights
2024,Brandenburg,0.35,tropical_nights
2025,Brandenburg,0,tropical_nights
1951,Brandenburg/Berlin,0.02,tropical_nights
1952,Brandenburg/Berlin,0.2,tropical_nights
1953,Brandenburg/Berlin,0.02,tropical_nights
1954,Brandenburg/Berlin,0.01,tropical_nights
1955,Brandenburg/Berlin,0,tropical_nights
1956,Brandenburg/Berlin,0,tropical_nights
1957,Brandenburg/Berlin,0.68,tropical_nights
1958,Brandenburg/Berlin,0,tropical_nights
1959,Brandenburg/Berlin,0.61,tropical_nights
1960,Brandenburg/Berlin,0,tropical_nights
1961,Brandenburg/Berlin,0.01,tropical_nights
1962,Brandenburg/Berlin,0,tropical_nights
1963,Brandenburg/Berlin,0.85,tropical_nights
1964,Brandenburg/Berlin,0.44,tropical_nights
1965,Brandenburg/Berlin,0,tropical_nights
1966,Brandenburg/Berlin,0.17,tropical_nights
1967,Brandenburg/Berlin,0.3,tropical_nights
1968,Brandenburg/Berlin,0.05,tropical_nights
1969,Brandenburg/Berlin,0.15,tropical_nights
1970,Brandenburg/Berlin,0.01,tropical_nights
1971,Brandenburg/Berlin,1.04,tropical_nights
1972,Brandenburg/Berlin,0.83,tropical_nights
1973,Brandenburg/Berlin,0.02,tropical_nights
1974,Brandenburg/Berlin,0.03,tropical_nights
1975,Brandenburg/Berlin,0.56,tropical_nights
1976,Brandenburg/Berlin,0.81,tropical_nights
1977,Brandenburg/Berlin,0,tropical_nights
1978,Brandenburg/Berlin,0.03,tropical_nights
1979,Brandenburg/Berlin,0.11,tropical_nights
1980,Brandenburg/Berlin,0,tropical_nights
1981,Brandenburg/Berlin,0.01,tropical_nights
1982,Brandenburg/Berlin,0.75,tropical_nights
1983,Brandenburg/Berlin,0.78,tropical_nights
1984,Brandenburg/Berlin,0.66,tropical_nights
1985,Brandenburg/Berlin,0.25,tropical_nights
1986,Brandenburg/Berlin,0.86,tropical_nights
1987,Brandenburg/Berlin,0.53,tropical_nights
1988,Brandenburg/Berlin,0.53,tropical_nights
1989,Brandenburg/Berlin,0.39,tropical_nights
1990,Brandenburg/Berlin,0.13,tropical_nights
1991,Brandenburg/Berlin,0.8,tropical_nights
1992,Brandenburg/Berlin,1.06,tropical_nights
1993,Brandenburg/Berlin,0,tropical_nights
1994,Brandenburg/Berlin,3.17,tropical_nights
1995,Brandenburg/Berlin,0.29,tropical_nights
1996,Brandenburg/Berlin,0,tropical_nights
1997,Brandenburg/Berlin,0.23,tropical_nights
1998,Brandenburg/Berlin,0.18,tropical_nights
1999,Brandenburg/Berlin,0.1,tropical_nights
2000,Brandenburg/Berlin,0.15,tropical_nights
2001,Brandenburg/Berlin,0.48,tropical_nights
2002,Brandenburg/Berlin,0.79,tropical_nights
2003,Brandenburg/Berlin,1.01,tropical_nights
2004,Brandenburg/Berlin,0.01,tropical_nights
2005,Brandenburg/Berlin,0.13,tropical_nights
2006,Brandenburg/Berlin,1.7,tropical_nights
2007,Brandenburg/Berlin,0.36,tropical_nights
2008,Brandenburg/Berlin,0.11,tropical_nights
2009,Brandenburg/Berlin,0,tropical_nights
2010,Brandenburg/Berlin,2.12,tropical_nights
2011,Brandenburg/Berlin,0,tropical_nights
2012,Brandenburg/Berlin,0.16,tropical_nights
2013,Brandenburg/Berlin,1.23,tropical_nights
2014,Brandenburg/Berlin,0.47,tropical_nights
2015,Brandenburg/Berlin,1.95,tropical_nights
2016,Brandenburg/Berlin,0.17,tropical_nights
2017,Brandenburg/Berlin,0,tropical_nights
2018,Brandenburg/Berlin,3,tropical_nights
2019,Brandenburg/Berlin,1.23,tropical_nights
2020,Brandenburg/Berlin,0.79,tropical_nights
2021,Brandenburg/Berlin,0.86,tropical_nights
2022,Brandenburg/Berlin,0.47,tropical_nights
2023,Brandenburg/Berlin,0.18,tropical_nights
2024,Brandenburg/Berlin,0.39,tropical_nights
2025,Brandenburg/Berlin,0,tropical_nights
1951,Deutschland,0.01,tropical_nights
1952,Deutschland,0.75,tropical_nights
1953,Deutschland,0.01,tropical_nights
1954,Deutschland,0.01,tropical_nights
1955,Deutschland,0,tropical_nights
1956,Deutschland,0,tropical_nights
1957,Deutschland,0.63,tropical_nights
1958,Deutschland,0,tropical_nights
1959,Deutschland,0.32,tropical_nights
1960,Deutschland,0,tropical_nights
1961,Deutschland,0,tropical_nights
1962,Deutschland,0.01,tropical_nights
1963,Deutschland,0.15,tropical_nights
1964,Deutschland,0.27,tropical_nights
1965,Deutschland,0.01,tropical_nights
1966,Deutschland,0.04,tropical_nights
1967,Deutschland,0.07,tropical_nights
1968,Deutschland,0.03,tropical_nights
1969,Deutschland,0.43,tropical_nights
1970,Deutschland,0.01,tropical_nights
1971,Deutschland,0.2,tropical_nights
1972,Deutschland,0.2,tropical_nights
1973,Deutschland,0.1,tropical_nights
1974,Deutschland,0.08,tropical_nights
1975,Deutschland,0.22,tropical_nights
1976,Deutschland,0.51,tropical_nights
1977,Deutschland,0,tropical_nights
1978,Deutschland,0.03,tropical_nights
1979,Deutschland,0.02,tropical_nights
1980,Deutschland,0.02,tropical_nights
1981,Deutschland,0.03,tropical_nights
1982,Deutschland,0.22,tropical_nights
1983,Deutschland,0.66,tropical_nights
1984,Deutschland,0.29,tropical_nights
1985,Deutschland,0.04,tropical_nights
1986,Deutschland,0.22,tropical_nights
1987,Deutschland,0.19,tropical_nights
1988,Deutschland,0.12,tropical_nights
1989,Deutschland,0.17,tropical_nights
1990,Deutschland,0.12,tropical_nights
1991,Deutschland,0.48,tropical_nights
1992,Deutschland,0.64,tropical_nights
1993,Deutschland,0,tropical_nights
1994,Deutschland,1.7,tropical_nights
1995,Deutschland,0.19,tropical_nights
1996,Deutschland,0.01,tropical_nights
1997,Deutschland,0.21,tropical_nights
1998,Deutschland,0.25,tropical_nights
1999,Deutschland,0.07,tropical_nights
2000,Deutschland,0.1,tropical_nights
2001,Deutschland,0.28,tropical_nights
2002,Deutschland,0.28,tropical_nights
2003,Deutschland,1.54,tropical_nights
2004,Deutschland,0.08,tropical_nights
2005,Deutschland,0.17,tropical_nights
2006,Deutschland,1,tropical_nights
2007,Deutschland,0.18,tropical_nights
2008,Deutschland,0.03,tropical_nights
2009,Deutschland,0.01,tropical_nights
2010,Deutschland,0.84,tropical_nights
2011,Deutschland,0.06,tropical_nights
2012,Deutschland,0.2,tropical_nights
2013,Deutschland,0.5,tropical_nights
2014,Deutschland,0.22,tropical_nights
2015,Deutschland,1.3,tropical_nights
2016,Deutschland,0.08,tropical_nights
2017,Deutschland,0.04,tropical_nights
2018,Deutschland,1.35,tropical_nights
2019,Deutschland,0.82,tropical_nights
2020,Deutschland,0.74,tropical_nights
2021,Deutschland,0.29,tropical_nights
2022,Deutschland,0.26,tropical_nights
2023,Deutschland,0.21,tropical_nights
2024,Deutschland,0.14,tropical_nights
2025,Deutschland,0.17,tropical_nights
1951,Hessen,0.03,tropical_nights
1952,Hessen,1.74,tropical_nights
1953,Hessen,0.05,tropical_nights
1954,Hessen,0,tropical_nights
1955,Hessen,0,tropical_nights
1956,Hessen,0,tropical_nights
1957,Hessen,1.05,tropical_nights
1958,Hessen,0.01,tropical_nights
1959,Hessen,0.27,tropical_nights
1960,Hessen,0,tropical_nights
1961,Hessen,0.01,tropical_nights
1962,Hessen,0,tropical_nights
1963,Hessen,0.07,tropical_nights
1964,Hessen,0.7,tropical_nights
1965,Hessen,0.02,tropical_nights
1966,Hessen,0.02,tropical_nights
1967,Hessen,0.07,tropical_nights
1968,Hessen,0.02,tropical_nights
1969,Hessen,0.81,tropical_nights
1970,Hessen,0.02,tropical_nights
1971,Hessen,0.04,tropical_nights
1972,Hessen,0.28,tropical_nights
1973,Hessen,0.22,tropical_nights
1974,Hessen,0.01,tropical_nights
1975,Hessen,0.27,tropical_nights
1976,Hessen,1.22,tropical_nights
1977,Hessen,0,tropical_nights
1978,Hessen,0.04,tropical_nights
1979,Hessen,0.01,tropical_nights
1980,Hessen,0.01,tropical_nights
1981,Hessen,0.04,tropical_nights
1982,Hessen,0.28,tropical_nights
1983,Hessen,0.85,tropical_nights
1984,Hessen,0.17,tropical_nights
1985,Hessen,0.01,tropical_nights
1986,Hessen,0.3,tropical_nights
1987,Hessen,0.28,tropical_nights
1988,Hessen,0.09,tropical_nights
1989,Hessen,0.06,tropical_nights
1990,Hessen,0.15,tropical_nights
1991,Hessen,0.66,tropical_nights
1992,Hessen,0.66,tropical_nights
1993,Hessen,0,tropical_nights
1994,Hessen,1.75,tropical_nights
1995,Hessen,0.23,tropical_nights
1996,Hessen,0,tropical_nights
1997,Hessen,0.08,tropical_nights
1998,Hessen,0.22,tropical_nights
1999,Hessen,0.09,tropical_nights
2000,Hessen,0.04,tropical_nights
2001,Hessen,0.46,tropical_nights
2002,Hessen,0.27,tropical_nights
2003,Hessen,2.67,tropical_nights
2004,Hessen,0.09,tropical_nights
2005,Hessen,0.31,tropical_nights
2006,Hessen,1.32,tropical_nights
2007,Hessen,0.23,tropical_nights
2008,Hessen,0.06,tropical_nights
2009,Hessen,0.02,tropical_nights
2010,Hessen,0.79,tropical_nights
2011,Hessen,0.02,tropical_nights
2012,Hessen,0.16,tropical_nights
2013,Hessen,0.74,tropical_nights
2014,Hessen,0.2,tropical_nights
2015,Hessen,2.2,tropical_nights
2016,Hessen,0.07,tropical_nights
2017,Hessen,0.04,tropical_nights
2018,Hessen,1.67,tropical_nights
2019,Hessen,1.31,tropical_nights
2020,Hessen,1.02,tropical_nights
2021,Hessen,0.19,tropical_nights
2022,Hessen,0.43,tropical_nights
2023,Hessen,0.38,tropical_nights
2024,Hessen,0.12,tropical_nights
2025,Hessen,0.42,tropical_nights
1951,Mecklenburg-Vorpommern,0,tropical_nights
1952,Mecklenburg-Vorpommern,0,tropical_nights
1953,Mecklenburg-Vorpommern,0.02,tropical_nights
1954,Mecklenburg-Vorpommern,0,tropical_nights
1955,Mecklenburg-Vorpommern,0,tropical_nights
1956,Mecklenburg-Vorpommern,0,tropical_nights
1957,Mecklenburg-Vorpommern,0,tropical_nights
1958,Mecklenburg-Vorpommern,0,tropical_nights
1959,Mecklenburg-Vorpommern,0.3,tropical_nights
1960,Mecklenburg-Vorpommern,0,tropical_nights
1961,Mecklenburg-Vorpommern,0,tropical_nights
1962,Mecklenburg-Vorpommern,0,tropical_nights
1963,Mecklenburg-Vorpommern,0.43,tropical_nights
1964,Mecklenburg-Vorpommern,0,tropical_nights
1965,Mecklenburg-Vorpommern,0,tropical_nights
1966,Mecklenburg-Vorpommern,0,tropical_nights
1967,Mecklenburg-Vorpommern,0,tropical_nights
1968,Mecklenburg-Vorpommern,0,tropical_nights
1969,Mecklenburg-Vorpommern,0.55,tropical_nights
1970,Mecklenburg-Vorpommern,0,tropical_nights
1971,Mecklenburg-Vorpommern,0.11,tropical_nights
1972,Mecklenburg-Vorpommern,0.14,tropical_nights
1973,Mecklenburg-Vorpommern,0.07,tropical_nights
1974,Mecklenburg-Vorpommern,0,tropical_nights
1975,Mecklenburg-Vorpommern,0.05,tropical_nights
1976,Mecklenburg-Vorpommern,0.42,tropical_nights
1977,Mecklenburg-Vorpommern,0,tropical_nights
1978,Mecklenburg-Vorpommern,0,tropical_nights
1979,Mecklenburg-Vorpommern,0,tropical_nights
1980,Mecklenburg-Vorpommern,0,tropical_nights
1981,Mecklenburg-Vorpommern,0,tropical_nights
1982,Mecklenburg-Vorpommern,0.02,tropical_nights
1983,Mecklenburg-Vorpommern,0.15,tropical_nights
1984,Mecklenburg-Vorpommern,0,tropical_nights
1985,Mecklenburg-Vorpommern,0,tropical_nights
1986,Mecklenburg-Vorpommern,0.34,tropical_nights
1987,Mecklenburg-Vorpommern,0.05,tropical_nights
1988,Mecklenburg-Vorpommern,0.07,tropical_nights
1989,Mecklenburg-Vorpommern,0,tropical_nights
1990,Mecklenburg-Vorpommern,0.09,tropical_nights
1991,Mecklenburg-Vorpommern,0.02,tropical_nights
1992,Mecklenburg-Vorpommern,0.43,tropical_nights
1993,Mecklenburg-Vorpommern,0,tropical_nights
1994,Mecklenburg-Vorpommern,2.03,tropical_nights
1995,Mecklenburg-Vorpommern,0,tropical_nights
1996,Mecklenburg-Vorpommern,0,tropical_nights
1997,Mecklenburg-Vorpommern,0.33,tropical_nights
1998,Mecklenburg-Vorpommern,0.01,tropical_nights
1999,Mecklenburg-Vorpommern,0.03,tropical_nights
2000,Mecklenburg-Vorpommern,0.1,tropical_nights
2001,Mecklenburg-Vorpommern,0.06,tropical_nights
2002,Mecklenburg-Vorpommern,0.09,tropical_nights
2003,Mecklenburg-Vorpommern,0.17,tropical_nights
2004,Mecklenburg-Vorpommern,0,tropical_nights
2005,Mecklenburg-Vorpommern,0,tropical_nights
2006,Mecklenburg-Vorpommern,0.85,tropical_nights
2007,Mecklenburg-Vorpommern,0.01,tropical_nights
2008,Mecklenburg-Vorpommern,0,tropical_nights
2009,Mecklenburg-Vorpommern,0,tropical_nights
2010,Mecklenburg-Vorpommern,1.77,tropical_nights
2011,Mecklenburg-Vorpommern,0,tropical_nights
2012,Mecklenburg-Vorpommern,0,tropical_nights
2013,Mecklenburg-Vorpommern,0.33,tropical_nights
2014,Mecklenburg-Vorpommern,0.15,tropical_nights
2015,Mecklenburg-Vorpommern,0.3,tropical_nights
2016,Mecklenburg-Vorpommern,0.03,tropical_nights
2017,Mecklenburg-Vorpommern,0,tropical_nights
2018,Mecklenburg-Vorpommern,2.19,tropical_nights
2019,Mecklenburg-Vorpommern,0.15,tropical_nights
2020,Mecklenburg-Vorpommern,0.09,tropical_nights
2021,Mecklenburg-Vorpommern,0.88,tropical_nights
2022,Mecklenburg-Vorpommern,0.09,tropical_nights
2023,Mecklenburg-Vorpommern,0,tropical_nights
2024,Mecklenburg-Vorpommern,0.11,tropical_nights
2025,Mecklenburg-Vorpommern,0,tropical_nights
1951,Niedersachsen,0,tropical_nights
1952,Niedersachsen,0.03,tropical_nights
1953,Niedersachsen,0,tropical_nights
1954,Niedersachsen,0,tropical_nights
1955,Niedersachsen,0,tropical_nights
1956,Niedersachsen,0,tropical_nights
1957,Niedersachsen,0.04,tropical_nights
1958,Niedersachsen,0,tropical_nights
1959,Niedersachsen,0.08,tropical_nights
1960,Niedersachsen,0,tropical_nights
1961,Niedersachsen,0,tropical_nights
1962,Niedersachsen,0,tropical_nights
1963,Niedersachsen,0,tropical_nights
1964,Niedersachsen,0.03,tropical_nights
1965,Niedersachsen,0,tropical_nights
1966,Niedersachsen,0,tropical_nights
1967,Niedersachsen,0,tropical_nights
1968,Niedersachsen,0,tropical_nights
1969,Niedersachsen,0.56,tropical_nights
1970,Niedersachsen,0,tropical_nights
1971,Niedersachsen,0,tropical_nights
1972,Niedersachsen,0.02,tropical_nights
1973,Niedersachsen,0.02,tropical_nights
1974,Niedersachsen,0,tropical_nights
1975,Niedersachsen,0.38,tropical_nights
1976,Niedersachsen,0.1,tropical_nights
1977,Niedersachsen,0,tropical_nights
1978,Niedersachsen,0,tropical_nights
1979,Niedersachsen,0.01,tropical_nights
1980,Niedersachsen,0,tropical_nights
1981,Niedersachsen,0.01,tropical_nights
1982,Niedersachsen,0.05,tropical_nights
1983,Niedersachsen,0.11,tropical_nights
1984,Niedersachsen,0.21,tropical_nights
1985,Niedersachsen,0,tropical_nights
1986,Niedersachsen,0.23,tropical_nights
1987,Niedersachsen,0.02,tropical_nights
1988,Niedersachsen,0,tropical_nights
1989,Niedersachsen,0.01,tropical_nights
1990,Niedersachsen,0.02,tropical_nights
1991,Niedersachsen,0.19,tropical_nights
1992,Niedersachsen,0.41,tropical_nights
1993,Niedersachsen,0,tropical_nights
1994,Niedersachsen,1.87,tropical_nights
1995,Niedersachsen,0.06,tropical_nights
1996,Niedersachsen,0.02,tropical_nights
1997,Niedersachsen,0.44,tropical_nights
1998,Niedersachsen,0.33,tropical_nights
1999,Niedersachsen,0.04,tropical_nights
2000,Niedersachsen,0.14,tropical_nights
2001,Niedersachsen,0.12,tropical_nights
2002,Niedersachsen,0.12,tropical_nights
2003,Niedersachsen,0.66,tropical_nights
2004,Niedersachsen,0.04,tropical_nights
2005,Niedersachsen,0.04,tropical_nights
2006,Niedersachsen,0.95,tropical_nights
2007,Niedersachsen,0.16,tropical_nights
2008,Niedersachsen,0,tropical_nights
2009,Niedersachsen,0,tropical_nights
2010,Niedersachsen,1.07,tropical_nights
2011,Niedersachsen,0,tropical_nights
2012,Niedersachsen,0.15,tropical_nights
2013,Niedersachsen,0.12,tropical_nights
2014,Niedersachsen,0.33,tropical_nights
2015,Niedersachsen,0,tropical_nights
2016,Niedersachsen,0,tropical_nights
2017,Niedersachsen,0,tropical_nights
2018,Niedersachsen,1.15,tropical_nights
2019,Niedersachsen,0.72,tropical_nights
2020,Niedersachsen,1.04,tropical_nights
2021,Niedersachsen,0.1,tropical_nights
2022,Niedersachsen,0.13,tropical_nights
2023,Niedersachsen,0,tropical_nights
2024,Niedersachsen,0.04,tropical_nights
2025,Niedersachsen,0,tropical_nights
1951,Niedersachsen/Hamburg/Bremen,0,tropical_nights
1952,Niedersachsen/Hamburg/Bremen,0.03,tropical_nights
1953,Niedersachsen/Hamburg/Bremen,0,tropical_nights
1954,Niedersachsen/Hamburg/Bremen,0,tropical_nights
1955,Niedersachsen/Hamburg/Bremen,0,tropical_nights
1956,Niedersachsen/Hamburg/Bremen,0,tropical_nights
1957,Niedersachsen/Hamburg/Bremen,0.04,tropical_nights
1958,Niedersachsen/Hamburg/Bremen,0,tropical_nights
1959,Niedersachsen/Hamburg/Bremen,0.08,tropical_nights
1960,Niedersachsen/Hamburg/Bremen,0,tropical_nights
1961,Niedersachsen/Hamburg/Bremen,0,tropical_nights
1962,Niedersachsen/Hamburg/Bremen,0,tropical_nights
1963,Niedersachsen/Hamburg/Bremen,0,tropical_nights
1964,Niedersachsen/Hamburg/Bremen,0.03,tropical_nights
1965,Niedersachsen/Hamburg/Bremen,0,tropical_nights
1966,Niedersachsen/Hamburg/Bremen,0,tropical_nights
1967,Niedersachsen/Hamburg/Bremen,0,tropical_nights
1968,Niedersachsen/Hamburg/Bremen,0,tropical_nights
1969,Niedersachsen/Hamburg/Bremen,0.58,tropical_nights
1970,Niedersachsen/Hamburg/Bremen,0,tropical_nights
1971,Niedersachsen/Hamburg/Bremen,0,tropical_nights
1972,Niedersachsen/Hamburg/Bremen,0.02,tropical_nights
1973,Niedersachsen/Hamburg/Bremen,0.02,tropical_nights
1974,Niedersachsen/Hamburg/Bremen,0,tropical_nights
1975,Niedersachsen/Hamburg/Bremen,0.39,tropical_nights
1976,Niedersachsen/Hamburg/Bremen,0.11,tropical_nights
1977,Niedersachsen/Hamburg/Bremen,0,tropical_nights
1978,Niedersachsen/Hamburg/Bremen,0,tropical_nights
1979,Niedersachsen/Hamburg/Bremen,0.01,tropical_nights
1980,Niedersachsen/Hamburg/Bremen,0,tropical_nights
1981,Niedersachsen/Hamburg/Bremen,0.01,tropical_nights
1982,Niedersachsen/Hamburg/Bremen,0.06,tropical_nights
1983,Niedersachsen/Hamburg/Bremen,0.11,tropical_nights
1984,Niedersachsen/Hamburg/Bremen,0.21,tropical_nights
1985,Niedersachsen/Hamburg/Bremen,0,tropical_nights
1986,Niedersachsen/Hamburg/Bremen,0.23,tropical_nights
1987,Niedersachsen/Hamburg/Bremen,0.02,tropical_nights
1988,Niedersachsen/Hamburg/Bremen,0,tropical_nights
1989,Niedersachsen/Hamburg/Bremen,0.01,tropical_nights
1990,Niedersachsen/Hamburg/Bremen,0.02,tropical_nights
1991,Niedersachsen/Hamburg/Bremen,0.2,tropical_nights
1992,Niedersachsen/Hamburg/Bremen,0.42,tropical_nights
1993,Niedersachsen/Hamburg/Bremen,0,tropical_nights
1994,Niedersachsen/Hamburg/Bremen,1.92,tropical_nights
1995,Niedersachsen/Hamburg/Bremen,0.06,tropical_nights
1996,Niedersachsen/Hamburg/Bremen,0.02,tropical_nights
1997,Niedersachsen/Hamburg/Bremen,0.45,tropical_nights
1998,Niedersachsen/Hamburg/Bremen,0.33,tropical_nights
1999,Niedersachsen/Hamburg/Bremen,0.04,tropical_nights
2000,Niedersachsen/Hamburg/Bremen,0.14,tropical_nights
2001,Niedersachsen/Hamburg/Bremen,0.12,tropical_nights
2002,Niedersachsen/Hamburg/Bremen,0.12,tropical_nights
2003,Niedersachsen/Hamburg/Bremen,0.67,tropical_nights
2004,Niedersachsen/Hamburg/Bremen,0.04,tropical_nights
2005,Niedersachsen/Hamburg/Bremen,0.04,tropical_nights
2006,Niedersachsen/Hamburg/Bremen,0.97,tropical_nights
2007,Niedersachsen/Hamburg/Bremen,0.16,tropical_nights
2008,Niedersachsen/Hamburg/Bremen,0,tropical_nights
2009,Niedersachsen/Hamburg/Bremen,0,tropical_nights
2010,Niedersachsen/Hamburg/Bremen,1.09,tropical_nights
2011,Niedersachsen/Hamburg/Bremen,0,tropical_nights
2012,Niedersachsen/Hamburg/Bremen,0.15,tropical_nights
2013,Niedersachsen/Hamburg/Bremen,0.12,tropical_nights
2014,Niedersachsen/Hamburg/Bremen,0.32,tropical_nights
2015,Niedersachsen/Hamburg/Bremen,0,tropical_nights
2016,Niedersachsen/Hamburg/Bremen,0,tropical_nights
2017,Niedersachsen/Hamburg/Bremen,0,tropical_nights
2018,Niedersachsen/Hamburg/Bremen,1.15,tropical_nights
2019,Niedersachsen/Hamburg/Bremen,0.73,tropical_nights
2020,Niedersachsen/Hamburg/Bremen,1.03,tropical_nights
2021,Niedersachsen/Hamburg/Bremen,0.1,tropical_nights
2022,Niedersachsen/Hamburg/Bremen,0.14,tropical_nights
2023,Niedersachsen/Hamburg/Bremen,0,tropical_nights
2024,Niedersachsen/Hamburg/Bremen,0.04,tropical_nights
2025,Niedersachsen/Hamburg/Bremen,0,tropical_nights
1951,Nordrhein-Westfalen,0,tropical_nights
1952,Nordrhein-Westfalen,1.02,tropical_nights
1953,Nordrhein-Westfalen,0.02,tropical_nights
1954,Nordrhein-Westfalen,0.01,tropical_nights
1955,Nordrhein-Westfalen,0.01,tropical_nights
1956,Nordrhein-Westfalen,0,tropical_nights
1957,Nordrhein-Westfalen,1.21,tropical_nights
1958,Nordrhein-Westfalen,0,tropical_nights
1959,Nordrhein-Westfalen,0.81,tropical_nights
1960,Nordrhein-Westfalen,0,tropical_nights
1961,Nordrhein-Westfalen,0,tropical_nights
1962,Nordrhein-Westfalen,0,tropical_nights
1963,Nordrhein-Westfalen,0.01,tropical_nights
1964,Nordrhein-Westfalen,0.36,tropical_nights
1965,Nordrhein-Westfalen,0,tropical_nights
1966,Nordrhein-Westfalen,0.02,tropical_nights
1967,Nordrhein-Westfalen,0.18,tropical_nights
1968,Nordrhein-Westfalen,0.06,tropical_nights
1969,Nordrhein-Westfalen,0.68,tropical_nights
1970,Nordrhein-Westfalen,0,tropical_nights
1971,Nordrhein-Westfalen,0.01,tropical_nights
1972,Nordrhein-Westfalen,0.29,tropical_nights
1973,Nordrhein-Westfalen,0.37,tropical_nights
1974,Nordrhein-Westfalen,0.27,tropical_nights
1975,Nordrhein-Westfalen,0.59,tropical_nights
1976,Nordrhein-Westfalen,0.75,tropical_nights
1977,Nordrhein-Westfalen,0,tropical_nights
1978,Nordrhein-Westfalen,0.17,tropical_nights
1979,Nordrhein-Westfalen,0.01,tropical_nights
1980,Nordrhein-Westfalen,0.03,tropical_nights
1981,Nordrhein-Westfalen,0.02,tropical_nights
1982,Nordrhein-Westfalen,0.21,tropical_nights
1983,Nordrhein-Westfalen,0.67,tropical_nights
1984,Nordrhein-Westfalen,0.76,tropical_nights
1985,Nordrhein-Westfalen,0,tropical_nights
1986,Nordrhein-Westfalen,0.27,tropical_nights
1987,Nordrhein-Westfalen,0.35,tropical_nights
1988,Nordrhein-Westfalen,0.05,tropical_nights
1989,Nordrhein-Westfalen,0.62,tropical_nights
1990,Nordrhein-Westfalen,0.4,tropical_nights
1991,Nordrhein-Westfalen,1,tropical_nights
1992,Nordrhein-Westfalen,0.97,tropical_nights
1993,Nordrhein-Westfalen,0,tropical_nights
1994,Nordrhein-Westfalen,2.3,tropical_nights
1995,Nordrhein-Westfalen,0.62,tropical_nights
1996,Nordrhein-Westfalen,0.03,tropical_nights
1997,Nordrhein-Westfalen,0.5,tropical_nights
1998,Nordrhein-Westfalen,0.26,tropical_nights
1999,Nordrhein-Westfalen,0.1,tropical_nights
2000,Nordrhein-Westfalen,0.18,tropical_nights
2001,Nordrhein-Westfalen,0.66,tropical_nights
2002,Nordrhein-Westfalen,0.41,tropical_nights
2003,Nordrhein-Westfalen,2.09,tropical_nights
2004,Nordrhein-Westfalen,0.42,tropical_nights
2005,Nordrhein-Westfalen,0.46,tropical_nights
2006,Nordrhein-Westfalen,1.32,tropical_nights
2007,Nordrhein-Westfalen,0.07,tropical_nights
2008,Nordrhein-Westfalen,0.07,tropical_nights
2009,Nordrhein-Westfalen,0,tropical_nights
2010,Nordrhein-Westfalen,1.01,tropical_nights
2011,Nordrhein-Westfalen,0.11,tropical_nights
2012,Nordrhein-Westfalen,0.41,tropical_nights
2013,Nordrhein-Westfalen,0.73,tropical_nights
2014,Nordrhein-Westfalen,0.45,tropical_nights
2015,Nordrhein-Westfalen,1.5,tropical_nights
2016,Nordrhein-Westfalen,0.37,tropical_nights
2017,Nordrhein-Westfalen,0.01,tropical_nights
2018,Nordrhein-Westfalen,0.75,tropical_nights
2019,Nordrhein-Westfalen,1.59,tropical_nights
2020,Nordrhein-Westfalen,2.06,tropical_nights
2021,Nordrhein-Westfalen,0.48,tropical_nights
2022,Nordrhein-Westfalen,0.26,tropical_nights
2023,Nordrhein-Westfalen,0.09,tropical_nights
2024,Nordrhein-Westfalen,0.17,tropical_nights
2025,Nordrhein-Westfalen,0.11,tropical_nights
1951,Rheinland-Pfalz,0.01,tropical_nights
1952,Rheinland-Pfalz,2.69,tropical_nights
1953,Rheinland-Pfalz,0.01,tropical_nights
1954,Rheinland-Pfalz,0,tropical_nights
1955,Rheinland-Pfalz,0,tropical_nights
1956,Rheinland-Pfalz,0,tropical_nights
1957,Rheinland-Pfalz,1.24,tropical_nights
1958,Rheinland-Pfalz,0,tropical_nights
1959,Rheinland-Pfalz,0.54,tropical_nights
1960,Rheinland-Pfalz,0,tropical_nights
1961,Rheinland-Pfalz,0.01,tropical_nights
1962,Rheinland-Pfalz,0.01,tropical_nights
1963,Rheinland-Pfalz,0.08,tropical_nights
1964,Rheinland-Pfalz,0.89,tropical_nights
1965,Rheinland-Pfalz,0.01,tropical_nights
1966,Rheinland-Pfalz,0.04,tropical_nights
1967,Rheinland-Pfalz,0.16,tropical_nights
1968,Rheinland-Pfalz,0.02,tropical_nights
1969,Rheinland-Pfalz,0.72,tropical_nights
1970,Rheinland-Pfalz,0.01,tropical_nights
1971,Rheinland-Pfalz,0.15,tropical_nights
1972,Rheinland-Pfalz,0.1,tropical_nights
1973,Rheinland-Pfalz,0.17,tropical_nights
1974,Rheinland-Pfalz,0.12,tropical_nights
1975,Rheinland-Pfalz,0.07,tropical_nights
1976,Rheinland-Pfalz,1.53,tropical_nights
1977,Rheinland-Pfalz,0,tropical_nights
1978,Rheinland-Pfalz,0.02,tropical_nights
1979,Rheinland-Pfalz,0,tropical_nights
1980,Rheinland-Pfalz,0.02,tropical_nights
1981,Rheinland-Pfalz,0.04,tropical_nights
1982,Rheinland-Pfalz,0.48,tropical_nights
1983,Rheinland-Pfalz,1.48,tropical_nights
1984,Rheinland-Pfalz,0.19,tropical_nights
1985,Rheinland-Pfalz,0.03,tropical_nights
1986,Rheinland-Pfalz,0.21,tropical_nights
1987,Rheinland-Pfalz,0.32,tropical_nights
1988,Rheinland-Pfalz,0.06,tropical_nights
1989,Rheinland-Pfalz,0.39,tropical_nights
1990,Rheinland-Pfalz,0.44,tropical_nights
1991,Rheinland-Pfalz,1.39,tropical_nights
1992,Rheinland-Pfalz,1.4,tropical_nights
1993,Rheinland-Pfalz,0,tropical_nights
1994,Rheinland-Pfalz,2.18,tropical_nights
1995,Rheinland-Pfalz,0.48,tropical_nights
1996,Rheinland-Pfalz,0.05,tropical_nights
1997,Rheinland-Pfalz,0.16,tropical_nights
1998,Rheinland-Pfalz,0.52,tropical_nights
1999,Rheinland-Pfalz,0.2,tropical_nights
2000,Rheinland-Pfalz,0.21,tropical_nights
2001,Rheinland-Pfalz,0.86,tropical_nights
2002,Rheinland-Pfalz,0.46,tropical_nights
2003,Rheinland-Pfalz,4.67,tropical_nights
2004,Rheinland-Pfalz,0.08,tropical_nights
2005,Rheinland-Pfalz,0.69,tropical_nights
2006,Rheinland-Pfalz,2.6,tropical_nights
2007,Rheinland-Pfalz,0.28,tropical_nights
2008,Rheinland-Pfalz,0.03,tropical_nights
2009,Rheinland-Pfalz,0,tropical_nights
2010,Rheinland-Pfalz,0.8,tropical_nights
2011,Rheinland-Pfalz,0.16,tropical_nights
2012,Rheinland-Pfalz,0.65,tropical_nights
2013,Rheinland-Pfalz,1.41,tropical_nights
2014,Rheinland-Pfalz,0.6,tropical_nights
2015,Rheinland-Pfalz,3.5,tropical_nights
2016,Rheinland-Pfalz,0.2,tropical_nights
2017,Rheinland-Pfalz,0.22,tropical_nights
2018,Rheinland-Pfalz,2.18,tropical_nights
2019,Rheinland-Pfalz,2.55,tropical_nights
2020,Rheinland-Pfalz,1.99,tropical_nights
2021,Rheinland-Pfalz,0.16,tropical_nights
2022,Rheinland-Pfalz,0.79,tropical_nights
2023,Rheinland-Pfalz,0.72,tropical_nights
2024,Rheinland-Pfalz,0.46,tropical_nights
2025,Rheinland-Pfalz,1.14,tropical_nights
1951,Saarland,0,tropical_nights
1952,Saarland,3.62,tropical_nights
1953,Saarland,0.08,tropical_nights
1954,Saarland,0.08,tropical_nights
1955,Saarland,0,tropical_nights
1956,Saarland,0,tropical_nights
1957,Saarland,1.19,tropical_nights
1958,Saarland,0,tropical_nights
1959,Saarland,0.79,tropical_nights
1960,Saarland,0,tropical_nights
1961,Saarland,0,tropical_nights
1962,Saarland,0.07,tropical_nights
1963,Saarland,0,tropical_nights
1964,Saarland,1.03,tropical_nights
1965,Saarland,0,tropical_nights
1966,Saarland,0.06,tropical_nights
1967,Saarland,0.24,tropical_nights
1968,Saarland,0,tropical_nights
1969,Saarland,0.32,tropical_nights
1970,Saarland,0,tropical_nights
1971,Saarland,0.06,tropical_nights
1972,Saarland,0.04,tropical_nights
1973,Saarland,0.11,tropical_nights
1974,Saarland,0,tropical_nights
1975,Saarland,0,tropical_nights
1976,Saarland,2.21,tropical_nights
1977,Saarland,0,tropical_nights
1978,Saarland,0,tropical_nights
1979,Saarland,0,tropical_nights
1980,Saarland,0,tropical_nights
1981,Saarland,0,tropical_nights
1982,Saarland,0.32,tropical_nights
1983,Saarland,2.42,tropical_nights
1984,Saarland,0.05,tropical_nights
1985,Saarland,0,tropical_nights
1986,Saarland,0.1,tropical_nights
1987,Saarland,0.62,tropical_nights
1988,Saarland,0,tropical_nights
1989,Saarland,0.36,tropical_nights
1990,Saarland,0.51,tropical_nights
1991,Saarland,1.65,tropical_nights
1992,Saarland,1.36,tropical_nights
1993,Saarland,0,tropical_nights
1994,Saarland,3.01,tropical_nights
1995,Saarland,0.68,tropical_nights
1996,Saarland,0.21,tropical_nights
1997,Saarland,0.23,tropical_nights
1998,Saarland,0.71,tropical_nights
1999,Saarland,0.05,tropical_nights
2000,Saarland,0,tropical_nights
2001,Saarland,0.56,tropical_nights
2002,Saarland,0.97,tropical_nights
2003,Saarland,6.26,tropical_nights
2004,Saarland,0.53,tropical_nights
2005,Saarland,0.87,tropical_nights
2006,Saarland,2.96,tropical_nights
2007,Saarland,0,tropical_nights
2008,Saarland,0,tropical_nights
2009,Saarland,0,tropical_nights
2010,Saarland,0.07,tropical_nights
2011,Saarland,0.42,tropical_nights
2012,Saarland,0.73,tropical_nights
2013,Saarland,1.44,tropical_nights
2014,Saarland,0.6,tropical_nights
2015,Saarland,3.6,tropical_nights
2016,Saarland,0.58,tropical_nights
2017,Saarland,0.18,tropical_nights
2018,Saarland,2.99,tropical_nights
2019,Saarland,2.51,tropical_nights
2020,Saarland,2.78,tropical_nights
2021,Saarland,0.1,tropical_nights
2022,Saarland,0.65,tropical_nights
2023,Saarland,0.82,tropical_nights
2024,Saarland,0.83,tropical_nights
2025,Saarland,1.83,tropical_nights
1951,Sachsen,0.14,tropical_nights
1952,Sachsen,1,tropical_nights
1953,Sachsen,0,tropical_nights
1954,Sachsen,0.02,tropical_nights
1955,Sachsen,0,tropical_nights
1956,Sachsen,0,tropical_nights
1957,Sachsen,1.36,tropical_nights
1958,Sachsen,0,tropical_nights
1959,Sachsen,1.23,tropical_nights
1960,Sachsen,0.01,tropical_nights
1961,Sachsen,0.01,tropical_nights
1962,Sachsen,0,tropical_nights
1963,Sachsen,0.26,tropical_nights
1964,Sachsen,0.35,tropical_nights
1965,Sachsen,0,tropical_nights
1966,Sachsen,0.39,tropical_nights
1967,Sachsen,0.13,tropical_nights
1968,Sachsen,0.06,tropical_nights
1969,Sachsen,0.58,tropical_nights
1970,Sachsen,0.19,tropical_nights
1971,Sachsen,1.26,tropical_nights
1972,Sachsen,1.14,tropical_nights
1973,Sachsen,0.4,tropical_nights
1974,Sachsen,0.41,tropical_nights
1975,Sachsen,0.39,tropical_nights
1976,Sachsen,1.4,tropical_nights
1977,Sachsen,0,tropical_nights
1978,Sachsen,0.03,tropical_nights
1979,Sachsen,0.07,tropical_nights
1980,Sachsen,0.05,tropical_nights
1981,Sachsen,0.26,tropical_nights
1982,Sachsen,0.53,tropical_nights
1983,Sachsen,1.56,tropical_nights
1984,Sachsen,0.87,tropical_nights
1985,Sachsen,0.2,tropical_nights
1986,Sachsen,0.34,tropical_nights
1987,Sachsen,0.49,tropical_nights
1988,Sachsen,0.53,tropical_nights
1989,Sachsen,0.1,tropical_nights
1990,Sachsen,0.09,tropical_nights
1991,Sachsen,0.97,tropical_nights
1992,Sachsen,1.03,tropical_nights
1993,Sachsen,0,tropical_nights
1994,Sachsen,1.89,tropical_nights
1995,Sachsen,0.07,tropical_nights
1996,Sachsen,0.02,tropical_nights
1997,Sachsen,0.01,tropical_nights
1998,Sachsen,0.68,tropical_nights
1999,Sachsen,0.08,tropical_nights
2000,Sachsen,0.29,tropical_nights
2001,Sachsen,0.47,tropical_nights
2002,Sachsen,0.21,tropical_nights
2003,Sachsen,1.21,tropical_nights
2004,Sachsen,0,tropical_nights
2005,Sachsen,0.03,tropical_nights
2006,Sachsen,0.55,tropical_nights
2007,Sachsen,0.64,tropical_nights
2008,Sachsen,0.04,tropical_nights
2009,Sachsen,0,tropical_nights
2010,Sachsen,0.84,tropical_nights
2011,Sachsen,0.02,tropical_nights
2012,Sachsen,0.67,tropical_nights
2013,Sachsen,0.49,tropical_nights
2014,Sachsen,0.12,tropical_nights
2015,Sachsen,1.8,tropical_nights
2016,Sachsen,0.01,tropical_nights
2017,Sachsen,0.07,tropical_nights
2018,Sachsen,2.13,tropical_nights
2019,Sachsen,1.08,tropical_nights
2020,Sachsen,0.77,tropical_nights
2021,Sachsen,0.77,tropical_nights
2022,Sachsen,0.67,tropical_nights
2023,Sachsen,0.52,tropical_nights
2024,Sachsen,0.4,tropical_nights
2025,Sachsen,0.03,tropical_nights
1951,Sachsen-Anhalt,0.01,tropical_nights
1952,Sachsen-Anhalt,0.18,tropical_nights
1953,Sachsen-Anhalt,0,tropical_nights
1954,Sachsen-Anhalt,0.03,tropical_nights
1955,Sachsen-Anhalt,0,tropical_nights
1956,Sachsen-Anhalt,0,tropical_nights
1957,Sachsen-Anhalt,0.56,tropical_nights
1958,Sachsen-Anhalt,0,tropical_nights
1959,Sachsen-Anhalt,0.25,tropical_nights
1960,Sachsen-Anhalt,0,tropical_nights
1961,Sachsen-Anhalt,0,tropical_nights
1962,Sachsen-Anhalt,0,tropical_nights
1963,Sachsen-Anhalt,0.38,tropical_nights
1964,Sachsen-Anhalt,0.72,tropical_nights
1965,Sachsen-Anhalt,0,tropical_nights
1966,Sachsen-Anhalt,0,tropical_nights
1967,Sachsen-Anhalt,0,tropical_nights
1968,Sachsen-Anhalt,0,tropical_nights
1969,Sachsen-Anhalt,0.72,tropical_nights
1970,Sachsen-Anhalt,0,tropical_nights
1971,Sachsen-Anhalt,0.27,tropical_nights
1972,Sachsen-Anhalt,0.04,tropical_nights
1973,Sachsen-Anhalt,0.03,tropical_nights
1974,Sachsen-Anhalt,0.04,tropical_nights
1975,Sachsen-Anhalt,0.01,tropical_nights
1976,Sachsen-Anhalt,0.17,tropical_nights
1977,Sachsen-Anhalt,0,tropical_nights
1978,Sachsen-Anhalt,0,tropical_nights
1979,Sachsen-Anhalt,0,tropical_nights
1980,Sachsen-Anhalt,0,tropical_nights
1981,Sachsen-Anhalt,0,tropical_nights
1982,Sachsen-Anhalt,0.11,tropical_nights
1983,Sachsen-Anhalt,0.66,tropical_nights
1984,Sachsen-Anhalt,0.71,tropical_nights
1985,Sachsen-Anhalt,0,tropical_nights
1986,Sachsen-Anhalt,0.12,tropical_nights
1987,Sachsen-Anhalt,0.01,tropical_nights
1988,Sachsen-Anhalt,0.18,tropical_nights
1989,Sachsen-Anhalt,0,tropical_nights
1990,Sachsen-Anhalt,0.02,tropical_nights
1991,Sachsen-Anhalt,0.15,tropical_nights
1992,Sachsen-Anhalt,0.57,tropical_nights
1993,Sachsen-Anhalt,0,tropical_nights
1994,Sachsen-Anhalt,1.61,tropical_nights
1995,Sachsen-Anhalt,0.03,tropical_nights
1996,Sachsen-Anhalt,0,tropical_nights
1997,Sachsen-Anhalt,0.13,tropical_nights
1998,Sachsen-Anhalt,0.21,tropical_nights
1999,Sachsen-Anhalt,0,tropical_nights
2000,Sachsen-Anhalt,0.09,tropical_nights
2001,Sachsen-Anhalt,0.17,tropical_nights
2002,Sachsen-Anhalt,0.16,tropical_nights
2003,Sachsen-Anhalt,1.29,tropical_nights
2004,Sachsen-Anhalt,0,tropical_nights
2005,Sachsen-Anhalt,0.05,tropical_nights
2006,Sachsen-Anhalt,0.93,tropical_nights
2007,Sachsen-Anhalt,0.32,tropical_nights
2008,Sachsen-Anhalt,0.02,tropical_nights
2009,Sachsen-Anhalt,0,tropical_nights
2010,Sachsen-Anhalt,1.12,tropical_nights
2011,Sachsen-Anhalt,0.01,tropical_nights
2012,Sachsen-Anhalt,0.21,tropical_nights
2013,Sachsen-Anhalt,0.1,tropical_nights
2014,Sachsen-Anhalt,0.14,tropical_nights
2015,Sachsen-Anhalt,0.7,tropical_nights
2016,Sachsen-Anhalt,0,tropical_nights
2017,Sachsen-Anhalt,0,tropical_nights
2018,Sachsen-Anhalt,2.1,tropical_nights
2019,Sachsen-Anhalt,0.48,tropical_nights
2020,Sachsen-Anhalt,0.49,tropical_nights
2021,Sachsen-Anhalt,0.49,tropical_nights
2022,Sachsen-Anhalt,0.27,tropical_nights
2023,Sachsen-Anhalt,0.09,tropical_nights
2024,Sachsen-Anhalt,0.07,tropical_nights
2025,Sachsen-Anhalt,0.01,tropical_nights
1951,Schleswig-Holstein,0,tropical_nights
1952,Schleswig-Holstein,0,tropical_nights
1953,Schleswig-Holstein,0.01,tropical_nights
1954,Schleswig-Holstein,0,tropical_nights
1955,Schleswig-Holstein,0,tropical_nights
1956,Schleswig-Holstein,0,tropical_nights
1957,Schleswig-Holstein,0,tropical_nights
1958,Schleswig-Holstein,0,tropical_nights
1959,Schleswig-Holstein,0,tropical_nights
1960,Schleswig-Holstein,0,tropical_nights
1961,Schleswig-Holstein,0,tropical_nights
1962,Schleswig-Holstein,0,tropical_nights
1963,Schleswig-Holstein,0,tropical_nights
1964,Schleswig-Holstein,0,tropical_nights
1965,Schleswig-Holstein,0,tropical_nights
1966,Schleswig-Holstein,0,tropical_nights
1967,Schleswig-Holstein,0,tropical_nights
1968,Schleswig-Holstein,0,tropical_nights
1969,Schleswig-Holstein,0.89,tropical_nights
1970,Schleswig-Holstein,0,tropical_nights
1971,Schleswig-Holstein,0,tropical_nights
1972,Schleswig-Holstein,0,tropical_nights
1973,Schleswig-Holstein,0,tropical_nights
1974,Schleswig-Holstein,0,tropical_nights
1975,Schleswig-Holstein,0.19,tropical_nights
1976,Schleswig-Holstein,0.11,tropical_nights
1977,Schleswig-Holstein,0,tropical_nights
1978,Schleswig-Holstein,0,tropical_nights
1979,Schleswig-Holstein,0,tropical_nights
1980,Schleswig-Holstein,0,tropical_nights
1981,Schleswig-Holstein,0,tropical_nights
1982,Schleswig-Holstein,0.01,tropical_nights
1983,Schleswig-Holstein,0.02,tropical_nights
1984,Schleswig-Holstein,0,tropical_nights
1985,Schleswig-Holstein,0,tropical_nights
1986,Schleswig-Holstein,0,tropical_nights
1987,Schleswig-Holstein,0,tropical_nights
1988,Schleswig-Holstein,0,tropical_nights
1989,Schleswig-Holstein,0,tropical_nights
1990,Schleswig-Holstein,0,tropical_nights
1991,Schleswig-Holstein,0.01,tropical_nights
1992,Schleswig-Holstein,0.02,tropical_nights
1993,Schleswig-Holstein,0,tropical_nights
1994,Schleswig-Holstein,2.82,tropical_nights
1995,Schleswig-Holstein,0,tropical_nights
1996,Schleswig-Holstein,0,tropical_nights
1997,Schleswig-Holstein,0.75,tropical_nights
1998,Schleswig-Holstein,0.01,tropical_nights
1999,Schleswig-Holstein,0,tropical_nights
2000,Schleswig-Holstein,0.02,tropical_nights
2001,Schleswig-Holstein,0.01,tropical_nights
2002,Schleswig-Holstein,0.09,tropical_nights
2003,Schleswig-Holstein,0.18,tropical_nights
2004,Schleswig-Holstein,0.01,tropical_nights
2005,Schleswig-Holstein,0,tropical_nights
2006,Schleswig-Holstein,1.06,tropical_nights
2007,Schleswig-Holstein,0,tropical_nights
2008,Schleswig-Holstein,0,tropical_nights
2009,Schleswig-Holstein,0,tropical_nights
2010,Schleswig-Holstein,0.63,tropical_nights
2011,Schleswig-Holstein,0,tropical_nights
2012,Schleswig-Holstein,0,tropical_nights
2013,Schleswig-Holstein,0.01,tropical_nights
2014,Schleswig-Holstein,0.02,tropical_nights
2015,Schleswig-Holstein,0,tropical_nights
2016,Schleswig-Holstein,0.01,tropical_nights
2017,Schleswig-Holstein,0,tropical_nights
2018,Schleswig-Holstein,1.22,tropical_nights
2019,Schleswig-Holstein,0.06,tropical_nights
2020,Schleswig-Holstein,0.07,tropical_nights
2021,Schleswig-Holstein,0.03,tropical_nights
2022,Schleswig-Holstein,0.03,tropical_nights
2023,Schleswig-Holstein,0,tropical_nights
2024,Schleswig-Holstein,0,tropical_nights
2025,Schleswig-Holstein,0,tropical_nights
1951,Thueringen,0.01,tropical_nights
1952,Thueringen,0.34,tropical_nights
1953,Thueringen,0,tropical_nights
1954,Thueringen,0,tropical_nights
1955,Thueringen,0,tropical_nights
1956,Thueringen,0,tropical_nights
1957,Thueringen,0.66,tropical_nights
1958,Thueringen,0,tropical_nights
1959,Thueringen,0.15,tropical_nights
1960,Thueringen,0,tropical_nights
1961,Thueringen,0,tropical_nights
1962,Thueringen,0,tropical_nights
1963,Thueringen,0,tropical_nights
1964,Thueringen,0.16,tropical_nights
1965,Thueringen,0,tropical_nights
1966,Thueringen,0,tropical_nights
1967,Thueringen,0,tropical_nights
1968,Thueringen,0,tropical_nights
1969,Thueringen,0.08,tropical_nights
1970,Thueringen,0,tropical_nights
1971,Thueringen,0.02,tropical_nights
1972,Thueringen,0,tropical_nights
1973,Thueringen,0.01,tropical_nights
1974,Thueringen,0.02,tropical_nights
1975,Thueringen,0,tropical_nights
1976,Thueringen,0.17,tropical_nights
1977,Thueringen,0,tropical_nights
1978,Thueringen,0,tropical_nights
1979,Thueringen,0,tropical_nights
1980,Thueringen,0,tropical_nights
1981,Thueringen,0,tropical_nights
1982,Thueringen,0,tropical_nights
1983,Thueringen,0.55,tropical_nights
1984,Thueringen,0.06,tropical_nights
1985,Thueringen,0,tropical_nights
1986,Thueringen,0,tropical_nights
1987,Thueringen,0.02,tropical_nights
1988,Thueringen,0,tropical_nights
1989,Thueringen,0,tropical_nights
1990,Thueringen,0,tropical_nights
1991,Thueringen,0.08,tropical_nights
1992,Thueringen,0.19,tropical_nights
1993,Thueringen,0,tropical_nights
1994,Thueringen,0.81,tropical_nights
1995,Thueringen,0.05,tropical_nights
1996,Thueringen,0,tropical_nights
1997,Thueringen,0,tropical_nights
1998,Thueringen,0.06,tropical_nights
1999,Thueringen,0.02,tropical_nights
2000,Thueringen,0.04,tropical_nights
2001,Thueringen,0.06,tropical_nights
2002,Thueringen,0.06,tropical_nights
2003,Thueringen,0.9,tropical_nights
2004,Thueringen,0,tropical_nights
2005,Thueringen,0,tropical_nights
2006,Thueringen,0.1,tropical_nights
2007,Thueringen,0.07,tropical_nights
2008,Thueringen,0,tropical_nights
2009,Thueringen,0.01,tropical_nights
2010,Thueringen,0.65,tropical_nights
2011,Thueringen,0,tropical_nights
2012,Thueringen,0.18,tropical_nights
2013,Thueringen,0.15,tropical_nights
2014,Thueringen,0.07,tropical_nights
2015,Thueringen,1.1,tropical_nights
2016,Thueringen,0,tropical_nights
2017,Thueringen,0,tropical_nights
2018,Thueringen,0.8,tropical_nights
2019,Thueringen,0.19,tropical_nights
2020,Thueringen,0.16,tropical_nights
2021,Thueringen,0.03,tropical_nights
2022,Thueringen,0.21,tropical_nights
2023,Thueringen,0.1,tropical_nights
2024,Thueringen,0,tropical_nights
2025,Thueringen,0.01,tropical_nights
1951,Thueringen/Sachsen-Anhalt,0.01,tropical_nights
1952,Thueringen/Sachsen-Anhalt,0.25,tropical_nights
1953,Thueringen/Sachsen-Anhalt,0,tropical_nights
1954,Thueringen/Sachsen-Anhalt,0.02,tropical_nights
1955,Thueringen/Sachsen-Anhalt,0,tropical_nights
1956,Thueringen/Sachsen-Anhalt,0,tropical_nights
1957,Thueringen/Sachsen-Anhalt,0.6,tropical_nights
1958,Thueringen/Sachsen-Anhalt,0,tropical_nights
1959,Thueringen/Sachsen-Anhalt,0.21,tropical_nights
1960,Thueringen/Sachsen-Anhalt,0,tropical_nights
1961,Thueringen/Sachsen-Anhalt,0,tropical_nights
1962,Thueringen/Sachsen-Anhalt,0,tropical_nights
1963,Thueringen/Sachsen-Anhalt,0.22,tropical_nights
1964,Thueringen/Sachsen-Anhalt,0.48,tropical_nights
1965,Thueringen/Sachsen-Anhalt,0,tropical_nights
1966,Thueringen/Sachsen-Anhalt,0,tropical_nights
1967,Thueringen/Sachsen-Anhalt,0,tropical_nights
1968,Thueringen/Sachsen-Anhalt,0,tropical_nights
1969,Thueringen/Sachsen-Anhalt,0.44,tropical_nights
1970,Thueringen/Sachsen-Anhalt,0,tropical_nights
1971,Thueringen/Sachsen-Anhalt,0.16,tropical_nights
1972,Thueringen/Sachsen-Anhalt,0.02,tropical_nights
1973,Thueringen/Sachsen-Anhalt,0.02,tropical_nights
1974,Thueringen/Sachsen-Anhalt,0.03,tropical_nights
1975,Thueringen/Sachsen-Anhalt,0.01,tropical_nights
1976,Thueringen/Sachsen-Anhalt,0.17,tropical_nights
1977,Thueringen/Sachsen-Anhalt,0,tropical_nights
1978,Thueringen/Sachsen-Anhalt,0,tropical_nights
1979,Thueringen/Sachsen-Anhalt,0,tropical_nights
1980,Thueringen/Sachsen-Anhalt,0,tropical_nights
1981,Thueringen/Sachsen-Anhalt,0,tropical_nights
1982,Thueringen/Sachsen-Anhalt,0.06,tropical_nights
1983,Thueringen/Sachsen-Anhalt,0.61,tropical_nights
1984,Thueringen/Sachsen-Anhalt,0.43,tropical_nights
1985,Thueringen/Sachsen-Anhalt,0,tropical_nights
1986,Thueringen/Sachsen-Anhalt,0.07,tropical_nights
1987,Thueringen/Sachsen-Anhalt,0.01,tropical_nights
1988,Thueringen/Sachsen-Anhalt,0.1,tropical_nights
1989,Thueringen/Sachsen-Anhalt,0,tropical_nights
1990,Thueringen/Sachsen-Anhalt,0.01,tropical_nights
1991,Thueringen/Sachsen-Anhalt,0.12,tropical_nights
1992,Thueringen/Sachsen-Anhalt,0.41,tropical_nights
1993,Thueringen/Sachsen-Anhalt,0,tropical_nights
1994,Thueringen/Sachsen-Anhalt,1.26,tropical_nights
1995,Thueringen/Sachsen-Anhalt,0.04,tropical_nights
1996,Thueringen/Sachsen-Anhalt,0,tropical_nights
1997,Thueringen/Sachsen-Anhalt,0.07,tropical_nights
1998,Thueringen/Sachsen-Anhalt,0.14,tropical_nights
1999,Thueringen/Sachsen-Anhalt,0.01,tropical_nights
2000,Thueringen/Sachsen-Anhalt,0.07,tropical_nights
2001,Thueringen/Sachsen-Anhalt,0.12,tropical_nights
2002,Thueringen/Sachsen-Anhalt,0.12,tropical_nights
2003,Thueringen/Sachsen-Anhalt,1.12,tropical_nights
2004,Thueringen/Sachsen-Anhalt,0,tropical_nights
2005,Thueringen/Sachsen-Anhalt,0.03,tropical_nights
2006,Thueringen/Sachsen-Anhalt,0.57,tropical_nights
2007,Thueringen/Sachsen-Anhalt,0.21,tropical_nights
2008,Thueringen/Sachsen-Anhalt,0.01,tropical_nights
2009,Thueringen/Sachsen-Anhalt,0,tropical_nights
2010,Thueringen/Sachsen-Anhalt,0.92,tropical_nights
2011,Thueringen/Sachsen-Anhalt,0.01,tropical_nights
2012,Thueringen/Sachsen-Anhalt,0.2,tropical_nights
2013,Thueringen/Sachsen-Anhalt,0.12,tropical_nights
2014,Thueringen/Sachsen-Anhalt,0.11,tropical_nights
2015,Thueringen/Sachsen-Anhalt,0.87,tropical_nights
2016,Thueringen/Sachsen-Anhalt,0,tropical_nights
2017,Thueringen/Sachsen-Anhalt,0,tropical_nights
2018,Thueringen/Sachsen-Anhalt,1.54,tropical_nights
2019,Thueringen/Sachsen-Anhalt,0.35,tropical_nights
2020,Thueringen/Sachsen-Anhalt,0.35,tropical_nights
2021,Thueringen/Sachsen-Anhalt,0.29,tropical_nights
2022,Thueringen/Sachsen-Anhalt,0.24,tropical_nights
2023,Thueringen/Sachsen-Anhalt,0.09,tropical_nights
2024,Thueringen/Sachsen-Anhalt,0.04,tropical_nights
2025,Thueringen/Sachsen-Anhalt,0.01,tropical_nights
